[2025-11-20 09:43:29 base_config.py line 327]=>INFO: Initializing main logger ...
[2025-11-20 09:43:29 base_config.py line 354]=>INFO: Collecting system info ...
[2025-11-20 09:43:29 base_config.py line 355]=>INFO: Project configuration:
ALGORITHM:
  FLOWMATCHING:
    INFERENCE_MODE: euler
    LOG_NORMAL_MEAN: 0.0
    LOG_NORMAL_STD: 1.0
    MIN_SIGMA: 0.0
    NUM_STEPS: 25
    REVERSE_FLOW: True
DATALOADER:
  NUM_WORKERS: 4
  TEST:
    BATCH_SIZE: 64
  TRAIN:
    BATCH_SIZE: 32
DATASET:
  HDTF_TFHP:
    AUDIO_SR: 16000
    COEF_FPS: 25
    COEF_STATS: stats_train.npz
    CROP: random
    LMDB: 
    MOTIONS: 100
    N_PREV_MOTIONS: 10
    PAD_MODE: zero
    TEST: test.txt
    TRAIN: train.txt
    TRUNC_PROB1: 0.3
    TRUNC_PROB2: 0.4
    USE_CONTEXT_AUDIO: True
    VAL: val.txt
  NAME: HDTF_TFHP
  ROOT: ./data/
  VAL_PERCENT: 0.1
  VOCASET:
    AUDIO: 
    READ_AUDIO: True
    TEMPLATE: 
    TEST: [21, 22, 23, 24, 25, 26, 27, 28, 29, 30, 31, 32, 33, 34, 35, 36, 37, 38, 39, 40]
    TRAIN: [1, 2, 3, 4, 5, 6, 7, 8, 9, 10, 11, 12, 13, 14, 15, 16, 17, 18, 19, 20, 21, 22, 23, 24, 25, 26, 27, 28, 29, 30, 31, 32, 33, 34, 35, 36, 37, 38, 39, 40]
    VAL: [21, 22, 23, 24, 25, 26, 27, 28, 29, 30, 31, 32, 33, 34, 35, 36, 37, 38, 39, 40]
    VERTICES: 
    WAV2VEC2: 
ENV:
  DESCRIPTION: Train the style encoder of DiffPoseTalk.
  EXTRA:
    
  GPU: 0
  NAME: StyleEncoder_Trainer
  OUTPUT_DIR: output/HDTF_TFHP/StyleEncoderTrainer/Train
  RESUME: 
  SEED: 2025
  USE_CUDA: True
  USE_WANDB: True
  VERBOSE: True
  VERSION: 1
  WANDB:
    ENTITY: 3DVZHao
    KEY: a86716e4e39d88d76fec9260c7783f8eeef1edf8
    MODE: online
    NAME: TrainingStyleEncoder
    NOTES: Training as baseline.
    PROJECT: FLowTalker
    TAGS: Baseline
INPUT:
  GN_MEAN: 0.0
  GN_STD: 0.15
  NO_TRANSFORM: False
  RANDAUGMENT_M: 10
  RANDAUGMENT_N: 2
LOSS:
  CONTRASTIVE:
    TEMPRATURE: 0.1
  GEOMETRIC:
    W_SMOOTH: 100000.0
    W_VELOCITY: 10000000.0
    W_VERTEX: 2000000.0
  HEAD:
    W_ANGLE: 0.05
    W_SMOOTH: 0.5
    W_TRANS: 0.5
    W_VELOCITY: 5.0
  NAME: NTXentLoss
  NO_CONSTRAIN_PREV: False
  QUANT_LOSS_WEIGHT: 1.0
  TARGET: sample
MODEL:
  BACKBONE:
    DIFF_SCHEDULE: cosine
    FACE_QUAN_NUM: 16
    HIDDEN_SIZE: 128
    INAFFINE: False
    INTERMEDIATE_SIZE: 1536
    IN_DIM: 50
    NAME: TransformerEncoder
    NEG: 0.2
    NUM_ATTENTION_HEADS: 4
    NUM_HIDDEN_LAYERS: 4
    N_STEPS: 1000
    QUANT_FACTOR: 0
    WINDOW_SIZE: 1
  CFG_MODE: incremental
  GUIDING_CONDITIONS: audio,style
  HEAD:
    ACTIVATION: relu
    ALIGN_MASK_WIDTH: 0
    AUDIO_DIM: 128
    AUDIO_MODEL: wav2vec2
    BN: True
    DROPOUT: 0.0
    HIDDEN_LAYERS: ()
    NAME: 
    NO_HEAD_POSE: False
    N_EMBED: 256
    ROT_REPR: aa
    STYLE_DIM: 128
    USE_INDICATOR: False
    USE_LEARNABLE_PE: True
    ZQUANT_DIM: 64
  INIT_WEIGHTS: 
  NAME: StyleEncoder
  TAIL:
    MLP_RATIO: 4
    NAME: 
    NUM_HIDDEN_LAYERS: 4
    TYARGET: sample
OPTIM:
  ADAM_BETA1: 0.9
  ADAM_BETA2: 0.999
  ADAPTIVE_LR: False
  BASE_LR_MULT: 0.1
  FACTOR: 0.3
  GAMMA: 0.5
  LR: 0.0001
  LR_SCHEDULER: cosine
  LR_UPDATE_FREQ: 1
  MIN_LR_RATIO: 2e-06
  MOMENTUM: 0.9
  NAME: adam
  NEW_LAYERS: ()
  RMSPROP_ALPHA: 0.99
  SGD_DAMPNING: 0
  SGD_NESTEROV: True
  STAGED_LR: False
  STEP_LR: True
  STEP_SIZE: 20
  WARMUP_CONS_LR: 1e-05
  WARMUP_EPOCHS: -1
  WARMUP_ITERS: -1
  WARMUP_MIN_LR: 1e-05
  WARMUP_MULTIPLIER: 0
  WARMUP_RECOUNT: True
  WARMUP_TYPE: linear
  WEIGHT_DECAY: 0.0005
TDMM:
  FLAME:
    ROOT: pretrained/FLAME
TEST:
  EVALUATOR: TalkerEvaluator
  FINAL_MODEL: last_step
  NO_TEST: False
  SPLIT: test
TRAIN:
  EVALUATE: True
  EVAL_FREQ: 2000
  MAX_EPOCHS: 50
  MAX_ITERS: 100000
  PRINT_FREQ: 50
  SAVE_FREQ: 2000
  START_EPOCH: 0
  SYNC_BN: False
  USE_ITERS: True
  USE_SGD: False
TRAINER:
  NAME: StyleEncoderTrainer
[2025-11-20 09:43:29 base_config.py line 356]=>INFO: Collecting env info ...
[2025-11-20 09:43:41 base_config.py line 357]=>INFO: Env information:
PyTorch version: 2.0.0+cu118
Is debug build: False
CUDA used to build PyTorch: 11.8
ROCM used to build PyTorch: N/A

OS: Ubuntu 18.04.5 LTS (x86_64)
GCC version: (Ubuntu 7.5.0-3ubuntu1~18.04) 7.5.0
Clang version: Could not collect
CMake version: version 3.27.6
Libc version: glibc-2.27

Python version: 3.9.23 (main, Jun  5 2025, 13:40:20)  [GCC 11.2.0] (64-bit runtime)
Python platform: Linux-3.10.0-1160.el7.x86_64-x86_64-with-glibc2.27
Is CUDA available: True
CUDA runtime version: 11.8.89
CUDA_MODULE_LOADING set to: LAZY
GPU models and configuration: GPU 0: NVIDIA GeForce RTX 4090
Nvidia driver version: 550.163.01
cuDNN version: Could not collect
HIP runtime version: N/A
MIOpen runtime version: N/A
Is XNNPACK available: True

CPU:
Architecture:        x86_64
CPU op-mode(s):      32-bit, 64-bit
Byte Order:          Little Endian
CPU(s):              112
On-line CPU(s) list: 0-111
Thread(s) per core:  2
Core(s) per socket:  28
Socket(s):           2
NUMA node(s):        2
Vendor ID:           GenuineIntel
CPU family:          6
Model:               106
Model name:          Intel(R) Xeon(R) Gold 6348 CPU @ 2.60GHz
Stepping:            6
CPU MHz:             2100.000
CPU max MHz:         2601.0000
CPU min MHz:         800.0000
BogoMIPS:            5200.00
Virtualization:      VT-x
L1d cache:           48K
L1i cache:           32K
L2 cache:            1280K
L3 cache:            43008K
NUMA node0 CPU(s):   0-27,56-83
NUMA node1 CPU(s):   28-55,84-111
Flags:               fpu vme de pse tsc msr pae mce cx8 apic sep mtrr pge mca cmov pat pse36 clflush dts acpi mmx fxsr sse sse2 ss ht tm pbe syscall nx pdpe1gb rdtscp lm constant_tsc art arch_perfmon pebs bts rep_good nopl xtopology nonstop_tsc aperfmperf eagerfpu pni pclmulqdq dtes64 ds_cpl vmx smx est tm2 ssse3 sdbg fma cx16 xtpr pdcm pcid dca sse4_1 sse4_2 x2apic movbe popcnt tsc_deadline_timer aes xsave avx f16c rdrand lahf_lm abm 3dnowprefetch epb cat_l3 invpcid_single intel_pt ssbd mba ibrs ibpb stibp ibrs_enhanced tpr_shadow vnmi flexpriority ept vpid fsgsbase tsc_adjust bmi1 hle avx2 smep bmi2 erms invpcid rtm cqm rdt_a avx512f avx512dq rdseed adx smap avx512ifma clflushopt clwb avx512cd sha_ni avx512bw avx512vl xsaveopt xsavec xgetbv1 cqm_llc cqm_occup_llc cqm_mbm_total cqm_mbm_local dtherm ida arat pln pts avx512vbmi umip pku ospke avx512_vbmi2 gfni vaes vpclmulqdq avx512_vnni avx512_bitalg avx512_vpopcntdq md_clear pconfig spec_ctrl intel_stibp flush_l1d arch_capabilities

Versions of relevant libraries:
[pip3] numpy==1.26.4
[pip3] pytorch3d==0.7.3
[pip3] torch==1.12.1
[pip3] torchaudio==2.0.1+cu118
[pip3] torchdiffeq==0.2.5
[pip3] torchvision==0.15.1+cu118
[conda] blas                       1.0                 mkl                          https://mirrors.tuna.tsinghua.edu.cn/anaconda/pkgs/main
[conda] cudatoolkit                11.6.0              hecad31d_10                  https://mirrors.tuna.tsinghua.edu.cn/anaconda/cloud/conda-forge
[conda] mkl                        2023.1.0            h213fc3f_46344               https://mirrors.tuna.tsinghua.edu.cn/anaconda/pkgs/main
[conda] mkl-service                2.4.0               py39h5eee18b_2               https://mirrors.tuna.tsinghua.edu.cn/anaconda/pkgs/main
[conda] mkl_fft                    1.3.11              py39h5eee18b_0               https://mirrors.tuna.tsinghua.edu.cn/anaconda/pkgs/main
[conda] mkl_random                 1.2.8               py39h1128e8f_0               https://mirrors.tuna.tsinghua.edu.cn/anaconda/pkgs/main
[conda] numpy                      1.26.4              pypi_0                       pypi
[conda] pytorch                    1.12.1              py3.9_cuda11.6_cudnn8.3.2_0  https://mirrors.tuna.tsinghua.edu.cn/anaconda/cloud/pytorch
[conda] pytorch-mutex              1.0                 cuda                         https://mirrors.tuna.tsinghua.edu.cn/anaconda/cloud/pytorch
[conda] pytorch3d                  0.7.3               py39_cu116_pyt1121           pytorch3d
[conda] torch                      2.0.0+cu118         pypi_0                       pypi
[conda] torchaudio                 2.0.1+cu118         pypi_0                       pypi
[conda] torchdiffeq                0.2.5               pypi_0                       pypi
[conda] torchvision                0.15.1+cu118        pypi_0                       pypi
[2025-11-20 09:43:41 base_trainer.py line 29]=>INFO: Loading trainer: StyleEncoderTrainer
[2025-11-20 09:43:41 base_trainer.py line 61]=>INFO: Setting fixed seed: 2025
[2025-11-20 09:43:41 base_dataset.py line 17]=>INFO: Loading dataset: HDTF_TFHP
[2025-11-20 09:44:02 base_datamanager.py line 105]=>INFO: Dataset summary:
-------  ---------
Dataset  HDTF_TFHP
# train  875
# val    118
# test   120
-------  ---------
[2025-11-20 09:44:02 diffposetalk_trainer.py line 52]=>INFO: Building model StyleEncoder ...
[2025-11-20 09:44:02 diffposetalk_trainer.py line 60]=>INFO: Params: total 800,128, trainable 800,128
[2025-11-20 09:44:02 diffposetalk_trainer.py line 63]=>INFO: Model Structure:
StyleEncoder(
  (PE): PositionalEncoding(
    (dropout): Dropout(p=0.1, inplace=False)
  )
  (encoder): ModuleDict(
    (motion_proj): Linear(in_features=54, out_features=128, bias=True)
    (transformer): TransformerEncoder(
      (layers): ModuleList(
        (0-3): 4 x TransformerEncoderLayer(
          (self_attn): MultiheadAttention(
            (out_proj): NonDynamicallyQuantizableLinear(in_features=128, out_features=128, bias=True)
          )
          (linear1): Linear(in_features=128, out_features=512, bias=True)
          (dropout): Dropout(p=0.1, inplace=False)
          (linear2): Linear(in_features=512, out_features=128, bias=True)
          (norm1): LayerNorm((128,), eps=1e-05, elementwise_affine=True)
          (norm2): LayerNorm((128,), eps=1e-05, elementwise_affine=True)
          (dropout1): Dropout(p=0.1, inplace=False)
          (dropout2): Dropout(p=0.1, inplace=False)
        )
      )
    )
  )
)
[2025-11-20 09:44:02 diffposetalk_trainer.py line 65]=>INFO: Building optimizer ...
[2025-11-20 09:44:02 base_evaluator.py line 12]=>INFO: Loading evaluator: TalkerEvaluator
[2025-11-20 09:44:02 base_trainer.py line 337]=>INFO: Using NT-Xent loss function for metrics ...
[2025-11-20 09:44:02 base_trainer.py line 843]=>WARNING: No checkpoint found, train from scratch
[2025-11-20 09:44:02 base_trainer.py line 154]=>INFO: Initialize tensorboard (log_dir=output/HDTF_TFHP/StyleEncoderTrainer/Train/tensorboard)
wandb: No netrc file found, creating one.
wandb: Appending key for api.wandb.ai to your netrc file: /root/.netrc
wandb: Currently logged in as: zhihao-li (3DVZHao) to https://api.wandb.ai. Use `wandb login --relogin` to force relogin
[2025-11-20 09:44:13 base_trainer.py line 172]=>INFO: Initialize wandb (log_dir=output/HDTF_TFHP/StyleEncoderTrainer/Train/wandb)
wandb: setting up run gtntezvu
wandb: Tracking run with wandb version 0.22.3
wandb: Run data is saved locally in output/HDTF_TFHP/StyleEncoderTrainer/Train/wandb/wandb/run-20251120_094413-gtntezvu
wandb: Run `wandb offline` to turn off syncing.
wandb: Syncing run TrainingStyleEncoder
wandb: ⭐️ View project at https://wandb.ai/3DVZHao/FlowTalker
wandb: 🚀 View run at https://wandb.ai/3DVZHao/FlowTalker/runs/gtntezvu
[2025-11-20 09:44:20 diffposetalk_trainer.py line 101]=>INFO: iter [50/100000] time 0.020 (0.020) data 0.000 (0.000) loss 0.2270 lr 1.0000e-04 eta 0:32:43
[2025-11-20 09:44:22 diffposetalk_trainer.py line 101]=>INFO: iter [100/100000] time 0.039 (0.039) data 0.000 (0.000) loss 0.0802 lr 1.0000e-04 eta 1:04:58
[2025-11-20 09:44:23 diffposetalk_trainer.py line 101]=>INFO: iter [150/100000] time 0.021 (0.021) data 0.000 (0.000) loss 0.0922 lr 9.9999e-05 eta 0:34:48
[2025-11-20 09:44:25 diffposetalk_trainer.py line 101]=>INFO: iter [200/100000] time 0.046 (0.046) data 0.000 (0.000) loss 0.0779 lr 9.9999e-05 eta 1:17:00
[2025-11-20 09:44:27 diffposetalk_trainer.py line 101]=>INFO: iter [250/100000] time 0.027 (0.027) data 0.000 (0.000) loss 0.0717 lr 9.9998e-05 eta 0:44:22
[2025-11-20 09:44:29 diffposetalk_trainer.py line 101]=>INFO: iter [300/100000] time 0.035 (0.035) data 0.001 (0.001) loss 0.0634 lr 9.9998e-05 eta 0:58:34
[2025-11-20 09:44:31 diffposetalk_trainer.py line 101]=>INFO: iter [350/100000] time 0.022 (0.022) data 0.000 (0.000) loss 0.1363 lr 9.9997e-05 eta 0:36:34
[2025-11-20 09:44:33 diffposetalk_trainer.py line 101]=>INFO: iter [400/100000] time 0.030 (0.030) data 0.000 (0.000) loss 0.0998 lr 9.9996e-05 eta 0:50:04
[2025-11-20 09:44:34 diffposetalk_trainer.py line 101]=>INFO: iter [450/100000] time 0.034 (0.034) data 0.000 (0.000) loss 0.0676 lr 9.9995e-05 eta 0:56:00
[2025-11-20 09:44:36 diffposetalk_trainer.py line 101]=>INFO: iter [500/100000] time 0.022 (0.022) data 0.000 (0.000) loss 0.1180 lr 9.9994e-05 eta 0:35:57
[2025-11-20 09:44:38 diffposetalk_trainer.py line 101]=>INFO: iter [550/100000] time 0.020 (0.020) data 0.000 (0.000) loss 0.1300 lr 9.9993e-05 eta 0:33:06
[2025-11-20 09:44:39 diffposetalk_trainer.py line 101]=>INFO: iter [600/100000] time 0.019 (0.019) data 0.000 (0.000) loss 0.0837 lr 9.9991e-05 eta 0:31:24
[2025-11-20 09:44:41 diffposetalk_trainer.py line 101]=>INFO: iter [650/100000] time 0.025 (0.025) data 0.000 (0.000) loss 0.0573 lr 9.9990e-05 eta 0:40:53
[2025-11-20 09:44:42 diffposetalk_trainer.py line 101]=>INFO: iter [700/100000] time 0.019 (0.019) data 0.000 (0.000) loss 0.0153 lr 9.9988e-05 eta 0:31:15
[2025-11-20 09:44:44 diffposetalk_trainer.py line 101]=>INFO: iter [750/100000] time 0.019 (0.019) data 0.000 (0.000) loss 0.0735 lr 9.9986e-05 eta 0:31:08
[2025-11-20 09:44:46 diffposetalk_trainer.py line 101]=>INFO: iter [800/100000] time 0.032 (0.032) data 0.000 (0.000) loss 0.1168 lr 9.9984e-05 eta 0:52:08
[2025-11-20 09:44:48 diffposetalk_trainer.py line 101]=>INFO: iter [850/100000] time 0.031 (0.031) data 0.000 (0.000) loss 0.0937 lr 9.9982e-05 eta 0:51:58
[2025-11-20 09:44:49 diffposetalk_trainer.py line 101]=>INFO: iter [900/100000] time 0.023 (0.023) data 0.000 (0.000) loss 0.0963 lr 9.9980e-05 eta 0:38:17
[2025-11-20 09:44:51 diffposetalk_trainer.py line 101]=>INFO: iter [950/100000] time 0.022 (0.022) data 0.000 (0.000) loss 0.0825 lr 9.9978e-05 eta 0:36:56
[2025-11-20 09:44:53 diffposetalk_trainer.py line 101]=>INFO: iter [1000/100000] time 0.020 (0.020) data 0.000 (0.000) loss 0.0707 lr 9.9975e-05 eta 0:33:33
[2025-11-20 09:44:55 diffposetalk_trainer.py line 101]=>INFO: iter [1050/100000] time 0.023 (0.023) data 0.000 (0.000) loss 0.0500 lr 9.9973e-05 eta 0:38:22
[2025-11-20 09:44:56 diffposetalk_trainer.py line 101]=>INFO: iter [1100/100000] time 0.020 (0.020) data 0.000 (0.000) loss 0.1328 lr 9.9970e-05 eta 0:32:32
[2025-11-20 09:44:58 diffposetalk_trainer.py line 101]=>INFO: iter [1150/100000] time 0.021 (0.021) data 0.000 (0.000) loss 0.0909 lr 9.9967e-05 eta 0:35:21
[2025-11-20 09:44:59 diffposetalk_trainer.py line 101]=>INFO: iter [1200/100000] time 0.034 (0.034) data 0.000 (0.000) loss 0.0923 lr 9.9964e-05 eta 0:55:39
[2025-11-20 09:45:01 diffposetalk_trainer.py line 101]=>INFO: iter [1250/100000] time 0.030 (0.030) data 0.000 (0.000) loss 0.0377 lr 9.9961e-05 eta 0:48:38
[2025-11-20 09:45:03 diffposetalk_trainer.py line 101]=>INFO: iter [1300/100000] time 0.021 (0.021) data 0.000 (0.000) loss 0.1085 lr 9.9958e-05 eta 0:34:36
[2025-11-20 09:45:05 diffposetalk_trainer.py line 101]=>INFO: iter [1350/100000] time 0.028 (0.028) data 0.000 (0.000) loss 0.1973 lr 9.9955e-05 eta 0:45:21
[2025-11-20 09:45:07 diffposetalk_trainer.py line 101]=>INFO: iter [1400/100000] time 0.030 (0.030) data 0.000 (0.000) loss 0.1586 lr 9.9952e-05 eta 0:48:55
[2025-11-20 09:45:09 diffposetalk_trainer.py line 101]=>INFO: iter [1450/100000] time 0.018 (0.018) data 0.000 (0.000) loss 0.0366 lr 9.9948e-05 eta 0:28:49
[2025-11-20 09:45:10 diffposetalk_trainer.py line 101]=>INFO: iter [1500/100000] time 0.024 (0.024) data 0.000 (0.000) loss 0.0894 lr 9.9944e-05 eta 0:39:33
[2025-11-20 09:45:12 diffposetalk_trainer.py line 101]=>INFO: iter [1550/100000] time 0.021 (0.021) data 0.000 (0.000) loss 0.1145 lr 9.9941e-05 eta 0:33:41
[2025-11-20 09:45:14 diffposetalk_trainer.py line 101]=>INFO: iter [1600/100000] time 0.024 (0.024) data 0.000 (0.000) loss 0.0311 lr 9.9937e-05 eta 0:39:29
[2025-11-20 09:45:15 diffposetalk_trainer.py line 101]=>INFO: iter [1650/100000] time 0.019 (0.019) data 0.000 (0.000) loss 0.0245 lr 9.9933e-05 eta 0:30:23
[2025-11-20 09:45:17 diffposetalk_trainer.py line 101]=>INFO: iter [1700/100000] time 0.026 (0.026) data 0.001 (0.001) loss 0.1085 lr 9.9929e-05 eta 0:42:11
[2025-11-20 09:45:19 diffposetalk_trainer.py line 101]=>INFO: iter [1750/100000] time 0.036 (0.036) data 0.000 (0.000) loss 0.0410 lr 9.9924e-05 eta 0:59:27
[2025-11-20 09:45:20 diffposetalk_trainer.py line 101]=>INFO: iter [1800/100000] time 0.029 (0.029) data 0.000 (0.000) loss 0.0322 lr 9.9920e-05 eta 0:48:03
[2025-11-20 09:45:22 diffposetalk_trainer.py line 101]=>INFO: iter [1850/100000] time 0.031 (0.031) data 0.000 (0.000) loss 0.0436 lr 9.9916e-05 eta 0:50:55
[2025-11-20 09:45:23 diffposetalk_trainer.py line 101]=>INFO: iter [1900/100000] time 0.017 (0.017) data 0.000 (0.000) loss 0.0426 lr 9.9911e-05 eta 0:28:10
[2025-11-20 09:45:25 diffposetalk_trainer.py line 101]=>INFO: iter [1950/100000] time 0.034 (0.034) data 0.000 (0.000) loss 0.0384 lr 9.9906e-05 eta 0:56:17
[2025-11-20 09:45:27 diffposetalk_trainer.py line 101]=>INFO: iter [2000/100000] time 0.023 (0.023) data 0.000 (0.000) loss 0.0364 lr 9.9901e-05 eta 0:37:03
[2025-11-20 09:45:27 diffposetalk_trainer.py line 144]=>INFO: Evaluate on the *val* set
[2025-11-20 09:45:32 diffposetalk_trainer.py line 157]=>INFO: iter: 50 loss_val: 0.5700522828102111 
[2025-11-20 09:45:37 diffposetalk_trainer.py line 157]=>INFO: iter: 100 loss_val: 0.5705330410599708 
[2025-11-20 09:45:41 diffposetalk_trainer.py line 157]=>INFO: iter: 150 loss_val: 0.5698617533842723 
[2025-11-20 09:45:46 diffposetalk_trainer.py line 157]=>INFO: iter: 200 loss_val: 0.5696389922499656 
[2025-11-20 09:45:51 diffposetalk_trainer.py line 157]=>INFO: iter: 250 loss_val: 0.5672041900157928 
[2025-11-20 09:45:56 diffposetalk_trainer.py line 157]=>INFO: iter: 300 loss_val: 0.5668542578816413 
[2025-11-20 09:46:01 diffposetalk_trainer.py line 157]=>INFO: iter: 350 loss_val: 0.5676236788715635 
[2025-11-20 09:46:06 diffposetalk_trainer.py line 157]=>INFO: iter: 400 loss_val: 0.5679816241562367 
[2025-11-20 09:46:07 base_trainer.py line 675]=>INFO: Checkpoint saved to output/HDTF_TFHP/StyleEncoderTrainer/Train/model/model.pth.tar-iter-2000
[2025-11-20 09:46:09 diffposetalk_trainer.py line 101]=>INFO: iter [2050/100000] time 0.024 (0.024) data 0.000 (0.000) loss 0.0249 lr 9.9896e-05 eta 0:39:40
[2025-11-20 09:46:10 diffposetalk_trainer.py line 101]=>INFO: iter [2100/100000] time 0.024 (0.024) data 0.000 (0.000) loss 0.0042 lr 9.9891e-05 eta 0:38:43
[2025-11-20 09:46:12 diffposetalk_trainer.py line 101]=>INFO: iter [2150/100000] time 0.020 (0.020) data 0.000 (0.000) loss 0.0352 lr 9.9886e-05 eta 0:33:18
[2025-11-20 09:46:13 diffposetalk_trainer.py line 101]=>INFO: iter [2200/100000] time 0.020 (0.020) data 0.000 (0.000) loss 0.0294 lr 9.9881e-05 eta 0:32:29
[2025-11-20 09:46:15 diffposetalk_trainer.py line 101]=>INFO: iter [2250/100000] time 0.023 (0.023) data 0.000 (0.000) loss 0.1022 lr 9.9875e-05 eta 0:37:41
[2025-11-20 09:46:17 diffposetalk_trainer.py line 101]=>INFO: iter [2300/100000] time 0.027 (0.027) data 0.000 (0.000) loss 0.0334 lr 9.9870e-05 eta 0:44:46
[2025-11-20 09:46:19 diffposetalk_trainer.py line 101]=>INFO: iter [2350/100000] time 0.019 (0.019) data 0.000 (0.000) loss 0.0445 lr 9.9864e-05 eta 0:30:44
[2025-11-20 09:46:20 diffposetalk_trainer.py line 101]=>INFO: iter [2400/100000] time 0.020 (0.020) data 0.000 (0.000) loss 0.0431 lr 9.9858e-05 eta 0:32:05
[2025-11-20 09:46:22 diffposetalk_trainer.py line 101]=>INFO: iter [2450/100000] time 0.027 (0.027) data 0.000 (0.000) loss 0.0763 lr 9.9852e-05 eta 0:43:42
[2025-11-20 09:46:24 diffposetalk_trainer.py line 101]=>INFO: iter [2500/100000] time 0.025 (0.025) data 0.000 (0.000) loss 0.0405 lr 9.9846e-05 eta 0:39:49
[2025-11-20 09:46:26 diffposetalk_trainer.py line 101]=>INFO: iter [2550/100000] time 0.025 (0.025) data 0.000 (0.000) loss 0.0707 lr 9.9840e-05 eta 0:39:56
[2025-11-20 09:46:27 diffposetalk_trainer.py line 101]=>INFO: iter [2600/100000] time 0.021 (0.021) data 0.000 (0.000) loss 0.0394 lr 9.9833e-05 eta 0:34:13
[2025-11-20 09:46:29 diffposetalk_trainer.py line 101]=>INFO: iter [2650/100000] time 0.021 (0.021) data 0.000 (0.000) loss 0.0296 lr 9.9827e-05 eta 0:34:39
[2025-11-20 09:46:30 diffposetalk_trainer.py line 101]=>INFO: iter [2700/100000] time 0.019 (0.019) data 0.000 (0.000) loss 0.1585 lr 9.9820e-05 eta 0:30:17
[2025-11-20 09:46:32 diffposetalk_trainer.py line 101]=>INFO: iter [2750/100000] time 0.019 (0.019) data 0.000 (0.000) loss 0.0508 lr 9.9814e-05 eta 0:30:25
[2025-11-20 09:46:33 diffposetalk_trainer.py line 101]=>INFO: iter [2800/100000] time 0.017 (0.017) data 0.000 (0.000) loss 0.0255 lr 9.9807e-05 eta 0:27:42
[2025-11-20 09:46:34 diffposetalk_trainer.py line 101]=>INFO: iter [2850/100000] time 0.036 (0.036) data 0.000 (0.000) loss 0.0471 lr 9.9800e-05 eta 0:58:09
[2025-11-20 09:46:37 diffposetalk_trainer.py line 101]=>INFO: iter [2900/100000] time 0.031 (0.031) data 0.000 (0.000) loss 0.0874 lr 9.9793e-05 eta 0:49:47
[2025-11-20 09:46:39 diffposetalk_trainer.py line 101]=>INFO: iter [2950/100000] time 0.030 (0.030) data 0.000 (0.000) loss 0.0313 lr 9.9785e-05 eta 0:48:03
[2025-11-20 09:46:40 diffposetalk_trainer.py line 101]=>INFO: iter [3000/100000] time 0.033 (0.033) data 0.000 (0.000) loss 0.0308 lr 9.9778e-05 eta 0:53:14
[2025-11-20 09:46:42 diffposetalk_trainer.py line 101]=>INFO: iter [3050/100000] time 0.021 (0.021) data 0.000 (0.000) loss 0.0323 lr 9.9771e-05 eta 0:34:25
[2025-11-20 09:46:44 diffposetalk_trainer.py line 101]=>INFO: iter [3100/100000] time 0.027 (0.027) data 0.000 (0.000) loss 0.0323 lr 9.9763e-05 eta 0:43:28
[2025-11-20 09:46:46 diffposetalk_trainer.py line 101]=>INFO: iter [3150/100000] time 0.039 (0.039) data 0.000 (0.000) loss 0.0272 lr 9.9755e-05 eta 1:02:53
[2025-11-20 09:46:48 diffposetalk_trainer.py line 101]=>INFO: iter [3200/100000] time 0.025 (0.025) data 0.000 (0.000) loss 0.1155 lr 9.9748e-05 eta 0:40:46
[2025-11-20 09:46:49 diffposetalk_trainer.py line 101]=>INFO: iter [3250/100000] time 0.025 (0.025) data 0.000 (0.000) loss 0.0414 lr 9.9740e-05 eta 0:39:32
[2025-11-20 09:46:51 diffposetalk_trainer.py line 101]=>INFO: iter [3300/100000] time 0.015 (0.015) data 0.000 (0.000) loss 0.0290 lr 9.9732e-05 eta 0:23:26
[2025-11-20 09:46:52 diffposetalk_trainer.py line 101]=>INFO: iter [3350/100000] time 0.019 (0.019) data 0.000 (0.000) loss 0.2450 lr 9.9723e-05 eta 0:30:34
[2025-11-20 09:46:54 diffposetalk_trainer.py line 101]=>INFO: iter [3400/100000] time 0.020 (0.020) data 0.000 (0.000) loss 0.1312 lr 9.9715e-05 eta 0:32:41
[2025-11-20 09:46:56 diffposetalk_trainer.py line 101]=>INFO: iter [3450/100000] time 0.035 (0.035) data 0.000 (0.000) loss 0.0287 lr 9.9707e-05 eta 0:55:49
[2025-11-20 09:46:57 diffposetalk_trainer.py line 101]=>INFO: iter [3500/100000] time 0.020 (0.020) data 0.000 (0.000) loss 0.1707 lr 9.9698e-05 eta 0:32:00
[2025-11-20 09:46:59 diffposetalk_trainer.py line 101]=>INFO: iter [3550/100000] time 0.025 (0.025) data 0.000 (0.000) loss 0.0475 lr 9.9689e-05 eta 0:40:16
[2025-11-20 09:47:01 diffposetalk_trainer.py line 101]=>INFO: iter [3600/100000] time 0.024 (0.024) data 0.000 (0.000) loss 0.0306 lr 9.9681e-05 eta 0:38:43
[2025-11-20 09:47:02 diffposetalk_trainer.py line 101]=>INFO: iter [3650/100000] time 0.022 (0.022) data 0.000 (0.000) loss 0.0436 lr 9.9672e-05 eta 0:35:46
[2025-11-20 09:47:04 diffposetalk_trainer.py line 101]=>INFO: iter [3700/100000] time 0.021 (0.021) data 0.000 (0.000) loss 0.0340 lr 9.9663e-05 eta 0:33:36
[2025-11-20 09:47:06 diffposetalk_trainer.py line 101]=>INFO: iter [3750/100000] time 0.028 (0.028) data 0.000 (0.000) loss 0.1411 lr 9.9653e-05 eta 0:45:08
[2025-11-20 09:47:08 diffposetalk_trainer.py line 101]=>INFO: iter [3800/100000] time 0.025 (0.025) data 0.000 (0.000) loss 0.0269 lr 9.9644e-05 eta 0:40:07
[2025-11-20 09:47:09 diffposetalk_trainer.py line 101]=>INFO: iter [3850/100000] time 0.020 (0.020) data 0.000 (0.000) loss 0.0375 lr 9.9635e-05 eta 0:32:16
[2025-11-20 09:47:11 diffposetalk_trainer.py line 101]=>INFO: iter [3900/100000] time 0.021 (0.021) data 0.000 (0.000) loss 0.0350 lr 9.9625e-05 eta 0:33:42
[2025-11-20 09:47:12 diffposetalk_trainer.py line 101]=>INFO: iter [3950/100000] time 0.020 (0.020) data 0.000 (0.000) loss 0.0367 lr 9.9616e-05 eta 0:32:16
[2025-11-20 09:47:14 diffposetalk_trainer.py line 101]=>INFO: iter [4000/100000] time 0.018 (0.018) data 0.000 (0.000) loss 0.0235 lr 9.9606e-05 eta 0:28:31
[2025-11-20 09:47:14 diffposetalk_trainer.py line 144]=>INFO: Evaluate on the *val* set
[2025-11-20 09:47:19 diffposetalk_trainer.py line 157]=>INFO: iter: 50 loss_val: 0.543706214427948 
[2025-11-20 09:47:24 diffposetalk_trainer.py line 157]=>INFO: iter: 100 loss_val: 0.5439508748054505 
[2025-11-20 09:47:29 diffposetalk_trainer.py line 157]=>INFO: iter: 150 loss_val: 0.541089653968811 
[2025-11-20 09:47:34 diffposetalk_trainer.py line 157]=>INFO: iter: 200 loss_val: 0.5424791751801967 
[2025-11-20 09:47:39 diffposetalk_trainer.py line 157]=>INFO: iter: 250 loss_val: 0.5421467999219894 
[2025-11-20 09:47:44 diffposetalk_trainer.py line 157]=>INFO: iter: 300 loss_val: 0.5434803014993668 
[2025-11-20 09:47:50 diffposetalk_trainer.py line 157]=>INFO: iter: 350 loss_val: 0.5430799690314702 
[2025-11-20 09:47:56 diffposetalk_trainer.py line 157]=>INFO: iter: 400 loss_val: 0.5438672190159559 
[2025-11-20 09:47:56 base_trainer.py line 675]=>INFO: Checkpoint saved to output/HDTF_TFHP/StyleEncoderTrainer/Train/model/model.pth.tar-iter-4000
[2025-11-20 09:47:58 diffposetalk_trainer.py line 101]=>INFO: iter [4050/100000] time 0.032 (0.032) data 0.000 (0.000) loss 0.0533 lr 9.9596e-05 eta 0:51:31
[2025-11-20 09:47:59 diffposetalk_trainer.py line 101]=>INFO: iter [4100/100000] time 0.020 (0.020) data 0.000 (0.000) loss 0.0749 lr 9.9586e-05 eta 0:31:30
[2025-11-20 09:48:00 diffposetalk_trainer.py line 101]=>INFO: iter [4150/100000] time 0.021 (0.021) data 0.000 (0.000) loss 0.0538 lr 9.9576e-05 eta 0:34:00
[2025-11-20 09:48:02 diffposetalk_trainer.py line 101]=>INFO: iter [4200/100000] time 0.019 (0.019) data 0.000 (0.000) loss 0.0122 lr 9.9565e-05 eta 0:29:48
[2025-11-20 09:48:04 diffposetalk_trainer.py line 101]=>INFO: iter [4250/100000] time 0.028 (0.028) data 0.000 (0.000) loss 0.0354 lr 9.9555e-05 eta 0:44:17
[2025-11-20 09:48:05 diffposetalk_trainer.py line 101]=>INFO: iter [4300/100000] time 0.029 (0.029) data 0.000 (0.000) loss 0.1292 lr 9.9544e-05 eta 0:45:48
[2025-11-20 09:48:07 diffposetalk_trainer.py line 101]=>INFO: iter [4350/100000] time 0.033 (0.033) data 0.000 (0.000) loss 0.0970 lr 9.9534e-05 eta 0:52:39
[2025-11-20 09:48:09 diffposetalk_trainer.py line 101]=>INFO: iter [4400/100000] time 0.024 (0.024) data 0.000 (0.000) loss 0.0301 lr 9.9523e-05 eta 0:38:22
[2025-11-20 09:48:10 diffposetalk_trainer.py line 101]=>INFO: iter [4450/100000] time 0.017 (0.017) data 0.000 (0.000) loss 0.0299 lr 9.9512e-05 eta 0:27:19
[2025-11-20 09:48:12 diffposetalk_trainer.py line 101]=>INFO: iter [4500/100000] time 0.026 (0.026) data 0.000 (0.000) loss 0.0353 lr 9.9501e-05 eta 0:41:36
[2025-11-20 09:48:14 diffposetalk_trainer.py line 101]=>INFO: iter [4550/100000] time 0.024 (0.024) data 0.000 (0.000) loss 0.0911 lr 9.9490e-05 eta 0:37:29
[2025-11-20 09:48:16 diffposetalk_trainer.py line 101]=>INFO: iter [4600/100000] time 0.025 (0.025) data 0.000 (0.000) loss 0.0295 lr 9.9479e-05 eta 0:39:55
[2025-11-20 09:48:18 diffposetalk_trainer.py line 101]=>INFO: iter [4650/100000] time 0.027 (0.027) data 0.000 (0.000) loss 0.0853 lr 9.9467e-05 eta 0:43:16
[2025-11-20 09:48:19 diffposetalk_trainer.py line 101]=>INFO: iter [4700/100000] time 0.020 (0.020) data 0.000 (0.000) loss 0.0342 lr 9.9456e-05 eta 0:31:08
[2025-11-20 09:48:21 diffposetalk_trainer.py line 101]=>INFO: iter [4750/100000] time 0.022 (0.022) data 0.000 (0.000) loss 0.0599 lr 9.9444e-05 eta 0:35:36
[2025-11-20 09:48:22 diffposetalk_trainer.py line 101]=>INFO: iter [4800/100000] time 0.022 (0.022) data 0.000 (0.000) loss 0.1188 lr 9.9433e-05 eta 0:35:39
[2025-11-20 09:48:24 diffposetalk_trainer.py line 101]=>INFO: iter [4850/100000] time 0.038 (0.038) data 0.000 (0.000) loss 0.0723 lr 9.9421e-05 eta 1:00:17
[2025-11-20 09:48:26 diffposetalk_trainer.py line 101]=>INFO: iter [4900/100000] time 0.020 (0.020) data 0.000 (0.000) loss 0.0051 lr 9.9409e-05 eta 0:31:18
[2025-11-20 09:48:27 diffposetalk_trainer.py line 101]=>INFO: iter [4950/100000] time 0.028 (0.028) data 0.000 (0.000) loss 0.0573 lr 9.9397e-05 eta 0:44:52
[2025-11-20 09:48:29 diffposetalk_trainer.py line 101]=>INFO: iter [5000/100000] time 0.027 (0.027) data 0.000 (0.000) loss 0.0288 lr 9.9384e-05 eta 0:43:14
[2025-11-20 09:48:31 diffposetalk_trainer.py line 101]=>INFO: iter [5050/100000] time 0.020 (0.020) data 0.000 (0.000) loss 0.0960 lr 9.9372e-05 eta 0:31:50
[2025-11-20 09:48:32 diffposetalk_trainer.py line 101]=>INFO: iter [5100/100000] time 0.020 (0.020) data 0.000 (0.000) loss 0.0279 lr 9.9360e-05 eta 0:31:46
[2025-11-20 09:48:34 diffposetalk_trainer.py line 101]=>INFO: iter [5150/100000] time 0.017 (0.017) data 0.000 (0.000) loss 0.0384 lr 9.9347e-05 eta 0:26:11
[2025-11-20 09:48:35 diffposetalk_trainer.py line 101]=>INFO: iter [5200/100000] time 0.030 (0.030) data 0.001 (0.001) loss 0.0517 lr 9.9334e-05 eta 0:47:59
[2025-11-20 09:48:37 diffposetalk_trainer.py line 101]=>INFO: iter [5250/100000] time 0.022 (0.022) data 0.000 (0.000) loss 0.0310 lr 9.9321e-05 eta 0:35:24
[2025-11-20 09:48:39 diffposetalk_trainer.py line 101]=>INFO: iter [5300/100000] time 0.021 (0.021) data 0.000 (0.000) loss 0.0268 lr 9.9309e-05 eta 0:32:36
[2025-11-20 09:48:41 diffposetalk_trainer.py line 101]=>INFO: iter [5350/100000] time 0.030 (0.030) data 0.000 (0.000) loss 0.0261 lr 9.9295e-05 eta 0:47:58
[2025-11-20 09:48:43 diffposetalk_trainer.py line 101]=>INFO: iter [5400/100000] time 0.019 (0.019) data 0.000 (0.000) loss 0.0377 lr 9.9282e-05 eta 0:30:23
[2025-11-20 09:48:44 diffposetalk_trainer.py line 101]=>INFO: iter [5450/100000] time 0.018 (0.018) data 0.000 (0.000) loss 0.0875 lr 9.9269e-05 eta 0:28:38
[2025-11-20 09:48:46 diffposetalk_trainer.py line 101]=>INFO: iter [5500/100000] time 0.035 (0.035) data 0.000 (0.000) loss 0.0309 lr 9.9255e-05 eta 0:55:34
[2025-11-20 09:48:48 diffposetalk_trainer.py line 101]=>INFO: iter [5550/100000] time 0.022 (0.022) data 0.000 (0.000) loss 0.0450 lr 9.9242e-05 eta 0:34:56
[2025-11-20 09:48:50 diffposetalk_trainer.py line 101]=>INFO: iter [5600/100000] time 0.019 (0.019) data 0.000 (0.000) loss 0.0134 lr 9.9228e-05 eta 0:30:19
[2025-11-20 09:48:51 diffposetalk_trainer.py line 101]=>INFO: iter [5650/100000] time 0.019 (0.019) data 0.000 (0.000) loss 0.0798 lr 9.9214e-05 eta 0:29:15
[2025-11-20 09:48:53 diffposetalk_trainer.py line 101]=>INFO: iter [5700/100000] time 0.023 (0.023) data 0.000 (0.000) loss 0.0782 lr 9.9200e-05 eta 0:36:44
[2025-11-20 09:48:54 diffposetalk_trainer.py line 101]=>INFO: iter [5750/100000] time 0.048 (0.048) data 0.000 (0.000) loss 0.0430 lr 9.9186e-05 eta 1:15:18
[2025-11-20 09:48:57 diffposetalk_trainer.py line 101]=>INFO: iter [5800/100000] time 0.034 (0.034) data 0.000 (0.000) loss 0.0457 lr 9.9172e-05 eta 0:52:45
[2025-11-20 09:48:58 diffposetalk_trainer.py line 101]=>INFO: iter [5850/100000] time 0.032 (0.032) data 0.000 (0.000) loss 0.0399 lr 9.9158e-05 eta 0:50:55
[2025-11-20 09:49:01 diffposetalk_trainer.py line 101]=>INFO: iter [5900/100000] time 0.026 (0.026) data 0.000 (0.000) loss 0.0362 lr 9.9144e-05 eta 0:41:29
[2025-11-20 09:49:03 diffposetalk_trainer.py line 101]=>INFO: iter [5950/100000] time 0.028 (0.028) data 0.000 (0.000) loss 0.0337 lr 9.9129e-05 eta 0:43:56
[2025-11-20 09:49:04 diffposetalk_trainer.py line 101]=>INFO: iter [6000/100000] time 0.037 (0.037) data 0.000 (0.000) loss 0.1125 lr 9.9114e-05 eta 0:57:28
[2025-11-20 09:49:04 diffposetalk_trainer.py line 144]=>INFO: Evaluate on the *val* set
[2025-11-20 09:49:10 diffposetalk_trainer.py line 157]=>INFO: iter: 50 loss_val: 0.5388591611385345 
[2025-11-20 09:49:15 diffposetalk_trainer.py line 157]=>INFO: iter: 100 loss_val: 0.540206298828125 
[2025-11-20 09:49:20 diffposetalk_trainer.py line 157]=>INFO: iter: 150 loss_val: 0.5388223316272099 
[2025-11-20 09:49:25 diffposetalk_trainer.py line 157]=>INFO: iter: 200 loss_val: 0.5421150268614292 
[2025-11-20 09:49:30 diffposetalk_trainer.py line 157]=>INFO: iter: 250 loss_val: 0.5427645288705826 
[2025-11-20 09:49:35 diffposetalk_trainer.py line 157]=>INFO: iter: 300 loss_val: 0.5431094880898794 
[2025-11-20 09:49:40 diffposetalk_trainer.py line 157]=>INFO: iter: 350 loss_val: 0.5451607436793191 
[2025-11-20 09:49:44 diffposetalk_trainer.py line 157]=>INFO: iter: 400 loss_val: 0.5442787725478411 
[2025-11-20 09:49:44 base_trainer.py line 675]=>INFO: Checkpoint saved to output/HDTF_TFHP/StyleEncoderTrainer/Train/model/model.pth.tar-iter-6000
[2025-11-20 09:49:46 diffposetalk_trainer.py line 101]=>INFO: iter [6050/100000] time 0.027 (0.027) data 0.000 (0.000) loss 0.0355 lr 9.9100e-05 eta 0:41:43
[2025-11-20 09:49:48 diffposetalk_trainer.py line 101]=>INFO: iter [6100/100000] time 0.020 (0.020) data 0.000 (0.000) loss 0.0897 lr 9.9085e-05 eta 0:31:47
[2025-11-20 09:49:49 diffposetalk_trainer.py line 101]=>INFO: iter [6150/100000] time 0.025 (0.025) data 0.000 (0.000) loss 0.1230 lr 9.9070e-05 eta 0:38:22
[2025-11-20 09:49:51 diffposetalk_trainer.py line 101]=>INFO: iter [6200/100000] time 0.015 (0.015) data 0.000 (0.000) loss 0.0303 lr 9.9055e-05 eta 0:23:36
[2025-11-20 09:49:52 diffposetalk_trainer.py line 101]=>INFO: iter [6250/100000] time 0.018 (0.018) data 0.000 (0.000) loss 0.1345 lr 9.9039e-05 eta 0:27:24
[2025-11-20 09:49:53 diffposetalk_trainer.py line 101]=>INFO: iter [6300/100000] time 0.026 (0.026) data 0.000 (0.000) loss 0.0103 lr 9.9024e-05 eta 0:40:56
[2025-11-20 09:49:55 diffposetalk_trainer.py line 101]=>INFO: iter [6350/100000] time 0.031 (0.031) data 0.000 (0.000) loss 0.1919 lr 9.9008e-05 eta 0:48:04
[2025-11-20 09:49:57 diffposetalk_trainer.py line 101]=>INFO: iter [6400/100000] time 0.026 (0.026) data 0.000 (0.000) loss 0.0707 lr 9.8993e-05 eta 0:40:54
[2025-11-20 09:49:58 diffposetalk_trainer.py line 101]=>INFO: iter [6450/100000] time 0.026 (0.026) data 0.000 (0.000) loss 0.0690 lr 9.8977e-05 eta 0:40:47
[2025-11-20 09:50:00 diffposetalk_trainer.py line 101]=>INFO: iter [6500/100000] time 0.026 (0.026) data 0.000 (0.000) loss 0.0600 lr 9.8961e-05 eta 0:40:57
[2025-11-20 09:50:01 diffposetalk_trainer.py line 101]=>INFO: iter [6550/100000] time 0.020 (0.020) data 0.000 (0.000) loss 0.0344 lr 9.8945e-05 eta 0:30:27
[2025-11-20 09:50:03 diffposetalk_trainer.py line 101]=>INFO: iter [6600/100000] time 0.022 (0.022) data 0.000 (0.000) loss 0.0926 lr 9.8929e-05 eta 0:33:28
[2025-11-20 09:50:04 diffposetalk_trainer.py line 101]=>INFO: iter [6650/100000] time 0.025 (0.025) data 0.000 (0.000) loss 0.1128 lr 9.8913e-05 eta 0:38:28
[2025-11-20 09:50:06 diffposetalk_trainer.py line 101]=>INFO: iter [6700/100000] time 0.033 (0.033) data 0.000 (0.000) loss 0.0978 lr 9.8896e-05 eta 0:50:48
[2025-11-20 09:50:08 diffposetalk_trainer.py line 101]=>INFO: iter [6750/100000] time 0.022 (0.022) data 0.000 (0.000) loss 0.1129 lr 9.8880e-05 eta 0:34:28
[2025-11-20 09:50:09 diffposetalk_trainer.py line 101]=>INFO: iter [6800/100000] time 0.021 (0.021) data 0.000 (0.000) loss 0.1210 lr 9.8863e-05 eta 0:33:07
[2025-11-20 09:50:10 diffposetalk_trainer.py line 101]=>INFO: iter [6850/100000] time 0.020 (0.020) data 0.000 (0.000) loss 0.0937 lr 9.8847e-05 eta 0:31:44
[2025-11-20 09:50:12 diffposetalk_trainer.py line 101]=>INFO: iter [6900/100000] time 0.021 (0.021) data 0.000 (0.000) loss 0.0274 lr 9.8830e-05 eta 0:32:43
[2025-11-20 09:50:13 diffposetalk_trainer.py line 101]=>INFO: iter [6950/100000] time 0.022 (0.022) data 0.000 (0.000) loss 0.0309 lr 9.8813e-05 eta 0:34:49
[2025-11-20 09:50:15 diffposetalk_trainer.py line 101]=>INFO: iter [7000/100000] time 0.020 (0.020) data 0.000 (0.000) loss 0.0169 lr 9.8796e-05 eta 0:31:01
[2025-11-20 09:50:17 diffposetalk_trainer.py line 101]=>INFO: iter [7050/100000] time 0.019 (0.019) data 0.000 (0.000) loss 0.0226 lr 9.8779e-05 eta 0:29:13
[2025-11-20 09:50:18 diffposetalk_trainer.py line 101]=>INFO: iter [7100/100000] time 0.018 (0.018) data 0.000 (0.000) loss 0.0593 lr 9.8761e-05 eta 0:27:32
[2025-11-20 09:50:19 diffposetalk_trainer.py line 101]=>INFO: iter [7150/100000] time 0.032 (0.032) data 0.000 (0.000) loss 0.0304 lr 9.8744e-05 eta 0:49:18
[2025-11-20 09:50:21 diffposetalk_trainer.py line 101]=>INFO: iter [7200/100000] time 0.030 (0.030) data 0.000 (0.000) loss 0.0334 lr 9.8726e-05 eta 0:46:12
[2025-11-20 09:50:23 diffposetalk_trainer.py line 101]=>INFO: iter [7250/100000] time 0.016 (0.016) data 0.000 (0.000) loss 0.0330 lr 9.8709e-05 eta 0:25:21
[2025-11-20 09:50:24 diffposetalk_trainer.py line 101]=>INFO: iter [7300/100000] time 0.027 (0.027) data 0.000 (0.000) loss 0.1681 lr 9.8691e-05 eta 0:42:01
[2025-11-20 09:50:26 diffposetalk_trainer.py line 101]=>INFO: iter [7350/100000] time 0.021 (0.021) data 0.000 (0.000) loss 0.0254 lr 9.8673e-05 eta 0:31:48
[2025-11-20 09:50:28 diffposetalk_trainer.py line 101]=>INFO: iter [7400/100000] time 0.024 (0.024) data 0.000 (0.000) loss 0.0275 lr 9.8655e-05 eta 0:37:05
[2025-11-20 09:50:29 diffposetalk_trainer.py line 101]=>INFO: iter [7450/100000] time 0.023 (0.023) data 0.000 (0.000) loss 0.0352 lr 9.8637e-05 eta 0:35:28
[2025-11-20 09:50:31 diffposetalk_trainer.py line 101]=>INFO: iter [7500/100000] time 0.019 (0.019) data 0.000 (0.000) loss 0.0805 lr 9.8618e-05 eta 0:29:13
[2025-11-20 09:50:32 diffposetalk_trainer.py line 101]=>INFO: iter [7550/100000] time 0.018 (0.018) data 0.000 (0.000) loss 0.1277 lr 9.8600e-05 eta 0:28:06
[2025-11-20 09:50:33 diffposetalk_trainer.py line 101]=>INFO: iter [7600/100000] time 0.019 (0.019) data 0.000 (0.000) loss 0.0249 lr 9.8582e-05 eta 0:29:35
[2025-11-20 09:50:35 diffposetalk_trainer.py line 101]=>INFO: iter [7650/100000] time 0.039 (0.039) data 0.000 (0.000) loss 0.0274 lr 9.8563e-05 eta 0:59:19
[2025-11-20 09:50:37 diffposetalk_trainer.py line 101]=>INFO: iter [7700/100000] time 0.030 (0.030) data 0.000 (0.000) loss 0.0135 lr 9.8544e-05 eta 0:45:25
[2025-11-20 09:50:38 diffposetalk_trainer.py line 101]=>INFO: iter [7750/100000] time 0.022 (0.022) data 0.000 (0.000) loss 0.0893 lr 9.8525e-05 eta 0:33:18
[2025-11-20 09:50:40 diffposetalk_trainer.py line 101]=>INFO: iter [7800/100000] time 0.032 (0.032) data 0.000 (0.000) loss 0.0723 lr 9.8506e-05 eta 0:48:33
[2025-11-20 09:50:42 diffposetalk_trainer.py line 101]=>INFO: iter [7850/100000] time 0.039 (0.039) data 0.000 (0.000) loss 0.0252 lr 9.8487e-05 eta 1:00:12
[2025-11-20 09:50:44 diffposetalk_trainer.py line 101]=>INFO: iter [7900/100000] time 0.023 (0.023) data 0.000 (0.000) loss 0.1329 lr 9.8468e-05 eta 0:35:05
[2025-11-20 09:50:46 diffposetalk_trainer.py line 101]=>INFO: iter [7950/100000] time 0.021 (0.021) data 0.000 (0.000) loss 0.1071 lr 9.8449e-05 eta 0:32:53
[2025-11-20 09:50:48 diffposetalk_trainer.py line 101]=>INFO: iter [8000/100000] time 0.037 (0.037) data 0.001 (0.001) loss 0.0249 lr 9.8429e-05 eta 0:56:53
[2025-11-20 09:50:48 diffposetalk_trainer.py line 144]=>INFO: Evaluate on the *val* set
[2025-11-20 09:50:53 diffposetalk_trainer.py line 157]=>INFO: iter: 50 loss_val: 0.5176001858711242 
[2025-11-20 09:50:58 diffposetalk_trainer.py line 157]=>INFO: iter: 100 loss_val: 0.5333307003974914 
[2025-11-20 09:51:02 diffposetalk_trainer.py line 157]=>INFO: iter: 150 loss_val: 0.5338469934463501 
[2025-11-20 09:51:07 diffposetalk_trainer.py line 157]=>INFO: iter: 200 loss_val: 0.5345757479965687 
[2025-11-20 09:51:12 diffposetalk_trainer.py line 157]=>INFO: iter: 250 loss_val: 0.5334175812005997 
[2025-11-20 09:51:17 diffposetalk_trainer.py line 157]=>INFO: iter: 300 loss_val: 0.532436575392882 
[2025-11-20 09:51:21 diffposetalk_trainer.py line 157]=>INFO: iter: 350 loss_val: 0.5324399008921215 
[2025-11-20 09:51:27 diffposetalk_trainer.py line 157]=>INFO: iter: 400 loss_val: 0.5315771947801113 
[2025-11-20 09:51:27 base_trainer.py line 675]=>INFO: Checkpoint saved to output/HDTF_TFHP/StyleEncoderTrainer/Train/model/model.pth.tar-iter-8000
[2025-11-20 09:51:29 diffposetalk_trainer.py line 101]=>INFO: iter [8050/100000] time 0.035 (0.035) data 0.000 (0.000) loss 0.0966 lr 9.8410e-05 eta 0:54:05
[2025-11-20 09:51:30 diffposetalk_trainer.py line 101]=>INFO: iter [8100/100000] time 0.015 (0.015) data 0.000 (0.000) loss 0.0877 lr 9.8390e-05 eta 0:22:30
[2025-11-20 09:51:32 diffposetalk_trainer.py line 101]=>INFO: iter [8150/100000] time 0.022 (0.022) data 0.000 (0.000) loss 0.0590 lr 9.8370e-05 eta 0:33:36
[2025-11-20 09:51:33 diffposetalk_trainer.py line 101]=>INFO: iter [8200/100000] time 0.017 (0.017) data 0.000 (0.000) loss 0.0319 lr 9.8350e-05 eta 0:26:27
[2025-11-20 09:51:35 diffposetalk_trainer.py line 101]=>INFO: iter [8250/100000] time 0.039 (0.039) data 0.000 (0.000) loss 0.0768 lr 9.8330e-05 eta 0:59:01
[2025-11-20 09:51:37 diffposetalk_trainer.py line 101]=>INFO: iter [8300/100000] time 0.033 (0.033) data 0.000 (0.000) loss 0.1403 lr 9.8310e-05 eta 0:50:32
[2025-11-20 09:51:38 diffposetalk_trainer.py line 101]=>INFO: iter [8350/100000] time 0.033 (0.033) data 0.000 (0.000) loss 0.1126 lr 9.8290e-05 eta 0:50:42
[2025-11-20 09:51:40 diffposetalk_trainer.py line 101]=>INFO: iter [8400/100000] time 0.024 (0.024) data 0.000 (0.000) loss 0.0098 lr 9.8269e-05 eta 0:35:55
[2025-11-20 09:51:42 diffposetalk_trainer.py line 101]=>INFO: iter [8450/100000] time 0.020 (0.020) data 0.000 (0.000) loss 0.0448 lr 9.8249e-05 eta 0:31:01
[2025-11-20 09:51:43 diffposetalk_trainer.py line 101]=>INFO: iter [8500/100000] time 0.022 (0.022) data 0.000 (0.000) loss 0.0296 lr 9.8228e-05 eta 0:33:50
[2025-11-20 09:51:45 diffposetalk_trainer.py line 101]=>INFO: iter [8550/100000] time 0.023 (0.023) data 0.000 (0.000) loss 0.0722 lr 9.8207e-05 eta 0:35:29
[2025-11-20 09:51:47 diffposetalk_trainer.py line 101]=>INFO: iter [8600/100000] time 0.025 (0.025) data 0.000 (0.000) loss 0.0242 lr 9.8186e-05 eta 0:38:02
[2025-11-20 09:51:48 diffposetalk_trainer.py line 101]=>INFO: iter [8650/100000] time 0.019 (0.019) data 0.000 (0.000) loss 0.0335 lr 9.8165e-05 eta 0:28:47
[2025-11-20 09:51:50 diffposetalk_trainer.py line 101]=>INFO: iter [8700/100000] time 0.022 (0.022) data 0.000 (0.000) loss 0.0386 lr 9.8144e-05 eta 0:32:55
[2025-11-20 09:51:51 diffposetalk_trainer.py line 101]=>INFO: iter [8750/100000] time 0.017 (0.017) data 0.000 (0.000) loss 0.0300 lr 9.8123e-05 eta 0:25:46
[2025-11-20 09:51:53 diffposetalk_trainer.py line 101]=>INFO: iter [8800/100000] time 0.023 (0.023) data 0.000 (0.000) loss 0.1272 lr 9.8101e-05 eta 0:34:42
[2025-11-20 09:51:54 diffposetalk_trainer.py line 101]=>INFO: iter [8850/100000] time 0.042 (0.042) data 0.000 (0.000) loss 0.0954 lr 9.8080e-05 eta 1:04:13
[2025-11-20 09:51:56 diffposetalk_trainer.py line 101]=>INFO: iter [8900/100000] time 0.029 (0.029) data 0.000 (0.000) loss 0.0250 lr 9.8058e-05 eta 0:44:31
[2025-11-20 09:51:58 diffposetalk_trainer.py line 101]=>INFO: iter [8950/100000] time 0.015 (0.015) data 0.000 (0.000) loss 0.0401 lr 9.8037e-05 eta 0:22:34
[2025-11-20 09:51:59 diffposetalk_trainer.py line 101]=>INFO: iter [9000/100000] time 0.016 (0.016) data 0.000 (0.000) loss 0.0272 lr 9.8015e-05 eta 0:25:01
[2025-11-20 09:52:01 diffposetalk_trainer.py line 101]=>INFO: iter [9050/100000] time 0.033 (0.033) data 0.000 (0.000) loss 0.0846 lr 9.7993e-05 eta 0:49:20
[2025-11-20 09:52:03 diffposetalk_trainer.py line 101]=>INFO: iter [9100/100000] time 0.022 (0.022) data 0.000 (0.000) loss 0.0109 lr 9.7971e-05 eta 0:32:53
[2025-11-20 09:52:05 diffposetalk_trainer.py line 101]=>INFO: iter [9150/100000] time 0.034 (0.034) data 0.000 (0.000) loss 0.0361 lr 9.7948e-05 eta 0:52:09
[2025-11-20 09:52:06 diffposetalk_trainer.py line 101]=>INFO: iter [9200/100000] time 0.034 (0.034) data 0.000 (0.000) loss 0.0810 lr 9.7926e-05 eta 0:50:57
[2025-11-20 09:52:08 diffposetalk_trainer.py line 101]=>INFO: iter [9250/100000] time 0.020 (0.020) data 0.000 (0.000) loss 0.0256 lr 9.7904e-05 eta 0:30:24
[2025-11-20 09:52:10 diffposetalk_trainer.py line 101]=>INFO: iter [9300/100000] time 0.022 (0.022) data 0.000 (0.000) loss 0.0342 lr 9.7881e-05 eta 0:33:30
[2025-11-20 09:52:11 diffposetalk_trainer.py line 101]=>INFO: iter [9350/100000] time 0.023 (0.023) data 0.000 (0.000) loss 0.0255 lr 9.7858e-05 eta 0:35:19
[2025-11-20 09:52:13 diffposetalk_trainer.py line 101]=>INFO: iter [9400/100000] time 0.020 (0.020) data 0.000 (0.000) loss 0.1046 lr 9.7836e-05 eta 0:30:18
[2025-11-20 09:52:14 diffposetalk_trainer.py line 101]=>INFO: iter [9450/100000] time 0.030 (0.030) data 0.000 (0.000) loss 0.0412 lr 9.7813e-05 eta 0:45:34
[2025-11-20 09:52:16 diffposetalk_trainer.py line 101]=>INFO: iter [9500/100000] time 0.026 (0.026) data 0.000 (0.000) loss 0.0898 lr 9.7790e-05 eta 0:39:21
[2025-11-20 09:52:18 diffposetalk_trainer.py line 101]=>INFO: iter [9550/100000] time 0.027 (0.027) data 0.000 (0.000) loss 0.0253 lr 9.7766e-05 eta 0:40:52
[2025-11-20 09:52:20 diffposetalk_trainer.py line 101]=>INFO: iter [9600/100000] time 0.031 (0.031) data 0.000 (0.000) loss 0.0287 lr 9.7743e-05 eta 0:46:24
[2025-11-20 09:52:22 diffposetalk_trainer.py line 101]=>INFO: iter [9650/100000] time 0.031 (0.031) data 0.000 (0.000) loss 0.0342 lr 9.7720e-05 eta 0:46:33
[2025-11-20 09:52:24 diffposetalk_trainer.py line 101]=>INFO: iter [9700/100000] time 0.026 (0.026) data 0.000 (0.000) loss 0.0844 lr 9.7696e-05 eta 0:38:55
[2025-11-20 09:52:26 diffposetalk_trainer.py line 101]=>INFO: iter [9750/100000] time 0.026 (0.026) data 0.000 (0.000) loss 0.0321 lr 9.7673e-05 eta 0:39:28
[2025-11-20 09:52:27 diffposetalk_trainer.py line 101]=>INFO: iter [9800/100000] time 0.028 (0.028) data 0.000 (0.000) loss 0.0117 lr 9.7649e-05 eta 0:41:46
[2025-11-20 09:52:29 diffposetalk_trainer.py line 101]=>INFO: iter [9850/100000] time 0.024 (0.024) data 0.000 (0.000) loss 0.0362 lr 9.7625e-05 eta 0:35:51
[2025-11-20 09:52:31 diffposetalk_trainer.py line 101]=>INFO: iter [9900/100000] time 0.035 (0.035) data 0.000 (0.000) loss 0.0606 lr 9.7601e-05 eta 0:52:51
[2025-11-20 09:52:32 diffposetalk_trainer.py line 101]=>INFO: iter [9950/100000] time 0.022 (0.022) data 0.000 (0.000) loss 0.0609 lr 9.7577e-05 eta 0:32:54
[2025-11-20 09:52:34 diffposetalk_trainer.py line 101]=>INFO: iter [10000/100000] time 0.017 (0.017) data 0.000 (0.000) loss 0.1355 lr 9.7553e-05 eta 0:26:00
[2025-11-20 09:52:34 diffposetalk_trainer.py line 144]=>INFO: Evaluate on the *val* set
[2025-11-20 09:52:39 diffposetalk_trainer.py line 157]=>INFO: iter: 50 loss_val: 0.5432414376735687 
[2025-11-20 09:52:44 diffposetalk_trainer.py line 157]=>INFO: iter: 100 loss_val: 0.5494503715634346 
[2025-11-20 09:52:49 diffposetalk_trainer.py line 157]=>INFO: iter: 150 loss_val: 0.5518458050489425 
[2025-11-20 09:52:54 diffposetalk_trainer.py line 157]=>INFO: iter: 200 loss_val: 0.5478742761909962 
[2025-11-20 09:52:59 diffposetalk_trainer.py line 157]=>INFO: iter: 250 loss_val: 0.5452588593959808 
[2025-11-20 09:53:03 diffposetalk_trainer.py line 157]=>INFO: iter: 300 loss_val: 0.5446798778573672 
[2025-11-20 09:53:08 diffposetalk_trainer.py line 157]=>INFO: iter: 350 loss_val: 0.5448289170435496 
[2025-11-20 09:53:13 diffposetalk_trainer.py line 157]=>INFO: iter: 400 loss_val: 0.5454653472453356 
[2025-11-20 09:53:13 base_trainer.py line 675]=>INFO: Checkpoint saved to output/HDTF_TFHP/StyleEncoderTrainer/Train/model/model.pth.tar-iter-10000
[2025-11-20 09:53:14 diffposetalk_trainer.py line 101]=>INFO: iter [10050/100000] time 0.027 (0.027) data 0.000 (0.000) loss 0.0318 lr 9.7528e-05 eta 0:40:49
[2025-11-20 09:53:17 diffposetalk_trainer.py line 101]=>INFO: iter [10100/100000] time 0.037 (0.037) data 0.000 (0.000) loss 0.0666 lr 9.7504e-05 eta 0:55:51
[2025-11-20 09:53:19 diffposetalk_trainer.py line 101]=>INFO: iter [10150/100000] time 0.028 (0.028) data 0.000 (0.000) loss 0.0795 lr 9.7479e-05 eta 0:42:36
[2025-11-20 09:53:20 diffposetalk_trainer.py line 101]=>INFO: iter [10200/100000] time 0.028 (0.028) data 0.000 (0.000) loss 0.0258 lr 9.7455e-05 eta 0:42:02
[2025-11-20 09:53:22 diffposetalk_trainer.py line 101]=>INFO: iter [10250/100000] time 0.025 (0.025) data 0.000 (0.000) loss 0.0260 lr 9.7430e-05 eta 0:36:39
[2025-11-20 09:53:24 diffposetalk_trainer.py line 101]=>INFO: iter [10300/100000] time 0.021 (0.021) data 0.000 (0.000) loss 0.0550 lr 9.7405e-05 eta 0:31:06
[2025-11-20 09:53:26 diffposetalk_trainer.py line 101]=>INFO: iter [10350/100000] time 0.031 (0.031) data 0.000 (0.000) loss 0.0974 lr 9.7380e-05 eta 0:46:36
[2025-11-20 09:53:28 diffposetalk_trainer.py line 101]=>INFO: iter [10400/100000] time 0.026 (0.026) data 0.000 (0.000) loss 0.0209 lr 9.7355e-05 eta 0:38:07
[2025-11-20 09:53:30 diffposetalk_trainer.py line 101]=>INFO: iter [10450/100000] time 0.021 (0.021) data 0.000 (0.000) loss 0.0242 lr 9.7330e-05 eta 0:31:27
[2025-11-20 09:53:31 diffposetalk_trainer.py line 101]=>INFO: iter [10500/100000] time 0.020 (0.020) data 0.000 (0.000) loss 0.0107 lr 9.7304e-05 eta 0:29:24
[2025-11-20 09:53:32 diffposetalk_trainer.py line 101]=>INFO: iter [10550/100000] time 0.019 (0.019) data 0.000 (0.000) loss 0.0241 lr 9.7279e-05 eta 0:27:42
[2025-11-20 09:53:34 diffposetalk_trainer.py line 101]=>INFO: iter [10600/100000] time 0.019 (0.019) data 0.000 (0.000) loss 0.0479 lr 9.7253e-05 eta 0:27:43
[2025-11-20 09:53:35 diffposetalk_trainer.py line 101]=>INFO: iter [10650/100000] time 0.024 (0.024) data 0.000 (0.000) loss 0.0612 lr 9.7227e-05 eta 0:35:50
[2025-11-20 09:53:37 diffposetalk_trainer.py line 101]=>INFO: iter [10700/100000] time 0.021 (0.021) data 0.000 (0.000) loss 0.0595 lr 9.7202e-05 eta 0:30:32
[2025-11-20 09:53:38 diffposetalk_trainer.py line 101]=>INFO: iter [10750/100000] time 0.017 (0.017) data 0.000 (0.000) loss 0.0301 lr 9.7176e-05 eta 0:25:19
[2025-11-20 09:53:39 diffposetalk_trainer.py line 101]=>INFO: iter [10800/100000] time 0.021 (0.021) data 0.000 (0.000) loss 0.0988 lr 9.7150e-05 eta 0:31:55
[2025-11-20 09:53:41 diffposetalk_trainer.py line 101]=>INFO: iter [10850/100000] time 0.023 (0.023) data 0.000 (0.000) loss 0.0310 lr 9.7123e-05 eta 0:34:14
[2025-11-20 09:53:43 diffposetalk_trainer.py line 101]=>INFO: iter [10900/100000] time 0.020 (0.020) data 0.000 (0.000) loss 0.0504 lr 9.7097e-05 eta 0:29:03
[2025-11-20 09:53:44 diffposetalk_trainer.py line 101]=>INFO: iter [10950/100000] time 0.019 (0.019) data 0.000 (0.000) loss 0.0284 lr 9.7071e-05 eta 0:28:15
[2025-11-20 09:53:45 diffposetalk_trainer.py line 101]=>INFO: iter [11000/100000] time 0.020 (0.020) data 0.000 (0.000) loss 0.0296 lr 9.7044e-05 eta 0:29:32
[2025-11-20 09:53:47 diffposetalk_trainer.py line 101]=>INFO: iter [11050/100000] time 0.020 (0.020) data 0.000 (0.000) loss 0.0333 lr 9.7017e-05 eta 0:29:22
[2025-11-20 09:53:49 diffposetalk_trainer.py line 101]=>INFO: iter [11100/100000] time 0.031 (0.031) data 0.000 (0.000) loss 0.0334 lr 9.6991e-05 eta 0:46:33
[2025-11-20 09:53:51 diffposetalk_trainer.py line 101]=>INFO: iter [11150/100000] time 0.026 (0.026) data 0.000 (0.000) loss 0.0279 lr 9.6964e-05 eta 0:38:40
[2025-11-20 09:53:52 diffposetalk_trainer.py line 101]=>INFO: iter [11200/100000] time 0.017 (0.017) data 0.000 (0.000) loss 0.0117 lr 9.6937e-05 eta 0:24:26
[2025-11-20 09:53:53 diffposetalk_trainer.py line 101]=>INFO: iter [11250/100000] time 0.016 (0.016) data 0.000 (0.000) loss 0.0628 lr 9.6910e-05 eta 0:23:07
[2025-11-20 09:53:55 diffposetalk_trainer.py line 101]=>INFO: iter [11300/100000] time 0.026 (0.026) data 0.000 (0.000) loss 0.0408 lr 9.6882e-05 eta 0:39:04
[2025-11-20 09:53:56 diffposetalk_trainer.py line 101]=>INFO: iter [11350/100000] time 0.021 (0.021) data 0.000 (0.000) loss 0.0241 lr 9.6855e-05 eta 0:31:08
[2025-11-20 09:53:58 diffposetalk_trainer.py line 101]=>INFO: iter [11400/100000] time 0.019 (0.019) data 0.000 (0.000) loss 0.0255 lr 9.6827e-05 eta 0:28:46
[2025-11-20 09:53:59 diffposetalk_trainer.py line 101]=>INFO: iter [11450/100000] time 0.033 (0.033) data 0.000 (0.000) loss 0.0278 lr 9.6800e-05 eta 0:48:06
[2025-11-20 09:54:01 diffposetalk_trainer.py line 101]=>INFO: iter [11500/100000] time 0.032 (0.032) data 0.001 (0.001) loss 0.0946 lr 9.6772e-05 eta 0:46:46
[2025-11-20 09:54:02 diffposetalk_trainer.py line 101]=>INFO: iter [11550/100000] time 0.020 (0.020) data 0.000 (0.000) loss 0.0277 lr 9.6744e-05 eta 0:29:32
[2025-11-20 09:54:04 diffposetalk_trainer.py line 101]=>INFO: iter [11600/100000] time 0.019 (0.019) data 0.000 (0.000) loss 0.0282 lr 9.6716e-05 eta 0:28:06
[2025-11-20 09:54:05 diffposetalk_trainer.py line 101]=>INFO: iter [11650/100000] time 0.024 (0.024) data 0.000 (0.000) loss 0.0246 lr 9.6688e-05 eta 0:35:03
[2025-11-20 09:54:07 diffposetalk_trainer.py line 101]=>INFO: iter [11700/100000] time 0.018 (0.018) data 0.000 (0.000) loss 0.0574 lr 9.6660e-05 eta 0:26:59
[2025-11-20 09:54:08 diffposetalk_trainer.py line 101]=>INFO: iter [11750/100000] time 0.017 (0.017) data 0.000 (0.000) loss 0.0676 lr 9.6632e-05 eta 0:25:07
[2025-11-20 09:54:10 diffposetalk_trainer.py line 101]=>INFO: iter [11800/100000] time 0.023 (0.023) data 0.000 (0.000) loss 0.1020 lr 9.6604e-05 eta 0:34:28
[2025-11-20 09:54:12 diffposetalk_trainer.py line 101]=>INFO: iter [11850/100000] time 0.020 (0.020) data 0.000 (0.000) loss 0.0223 lr 9.6575e-05 eta 0:29:55
[2025-11-20 09:54:13 diffposetalk_trainer.py line 101]=>INFO: iter [11900/100000] time 0.025 (0.025) data 0.000 (0.000) loss 0.0059 lr 9.6546e-05 eta 0:36:33
[2025-11-20 09:54:15 diffposetalk_trainer.py line 101]=>INFO: iter [11950/100000] time 0.021 (0.021) data 0.000 (0.000) loss 0.0385 lr 9.6518e-05 eta 0:30:56
[2025-11-20 09:54:17 diffposetalk_trainer.py line 101]=>INFO: iter [12000/100000] time 0.038 (0.038) data 0.000 (0.000) loss 0.0364 lr 9.6489e-05 eta 0:56:08
[2025-11-20 09:54:17 diffposetalk_trainer.py line 144]=>INFO: Evaluate on the *val* set
[2025-11-20 09:54:23 diffposetalk_trainer.py line 157]=>INFO: iter: 50 loss_val: 0.539908150434494 
[2025-11-20 09:54:28 diffposetalk_trainer.py line 157]=>INFO: iter: 100 loss_val: 0.5384463113546372 
[2025-11-20 09:54:33 diffposetalk_trainer.py line 157]=>INFO: iter: 150 loss_val: 0.5374145138263703 
[2025-11-20 09:54:38 diffposetalk_trainer.py line 157]=>INFO: iter: 200 loss_val: 0.5376864598691463 
[2025-11-20 09:54:43 diffposetalk_trainer.py line 157]=>INFO: iter: 250 loss_val: 0.5359853087663651 
[2025-11-20 09:54:48 diffposetalk_trainer.py line 157]=>INFO: iter: 300 loss_val: 0.5333135130008062 
[2025-11-20 09:54:52 diffposetalk_trainer.py line 157]=>INFO: iter: 350 loss_val: 0.533526348556791 
[2025-11-20 09:54:57 diffposetalk_trainer.py line 157]=>INFO: iter: 400 loss_val: 0.5336217695474624 
[2025-11-20 09:54:57 base_trainer.py line 675]=>INFO: Checkpoint saved to output/HDTF_TFHP/StyleEncoderTrainer/Train/model/model.pth.tar-iter-12000
[2025-11-20 09:54:59 diffposetalk_trainer.py line 101]=>INFO: iter [12050/100000] time 0.019 (0.019) data 0.000 (0.000) loss 0.0306 lr 9.6460e-05 eta 0:28:30
[2025-11-20 09:55:01 diffposetalk_trainer.py line 101]=>INFO: iter [12100/100000] time 0.019 (0.019) data 0.000 (0.000) loss 0.0319 lr 9.6431e-05 eta 0:27:09
[2025-11-20 09:55:02 diffposetalk_trainer.py line 101]=>INFO: iter [12150/100000] time 0.021 (0.021) data 0.000 (0.000) loss 0.0250 lr 9.6402e-05 eta 0:30:40
[2025-11-20 09:55:04 diffposetalk_trainer.py line 101]=>INFO: iter [12200/100000] time 0.025 (0.025) data 0.000 (0.000) loss 0.1579 lr 9.6372e-05 eta 0:36:03
[2025-11-20 09:55:06 diffposetalk_trainer.py line 101]=>INFO: iter [12250/100000] time 0.023 (0.023) data 0.000 (0.000) loss 0.0268 lr 9.6343e-05 eta 0:33:01
[2025-11-20 09:55:07 diffposetalk_trainer.py line 101]=>INFO: iter [12300/100000] time 0.021 (0.021) data 0.000 (0.000) loss 0.0278 lr 9.6313e-05 eta 0:30:48
[2025-11-20 09:55:09 diffposetalk_trainer.py line 101]=>INFO: iter [12350/100000] time 0.024 (0.024) data 0.000 (0.000) loss 0.0226 lr 9.6284e-05 eta 0:35:47
[2025-11-20 09:55:10 diffposetalk_trainer.py line 101]=>INFO: iter [12400/100000] time 0.021 (0.021) data 0.000 (0.000) loss 0.0260 lr 9.6254e-05 eta 0:30:35
[2025-11-20 09:55:12 diffposetalk_trainer.py line 101]=>INFO: iter [12450/100000] time 0.019 (0.019) data 0.000 (0.000) loss 0.0244 lr 9.6224e-05 eta 0:28:13
[2025-11-20 09:55:13 diffposetalk_trainer.py line 101]=>INFO: iter [12500/100000] time 0.018 (0.018) data 0.000 (0.000) loss 0.0227 lr 9.6194e-05 eta 0:25:41
[2025-11-20 09:55:14 diffposetalk_trainer.py line 101]=>INFO: iter [12550/100000] time 0.024 (0.024) data 0.000 (0.000) loss 0.0891 lr 9.6164e-05 eta 0:34:19
[2025-11-20 09:55:16 diffposetalk_trainer.py line 101]=>INFO: iter [12600/100000] time 0.025 (0.025) data 0.000 (0.000) loss 0.0051 lr 9.6134e-05 eta 0:36:30
[2025-11-20 09:55:18 diffposetalk_trainer.py line 101]=>INFO: iter [12650/100000] time 0.019 (0.019) data 0.000 (0.000) loss 0.0579 lr 9.6103e-05 eta 0:28:19
[2025-11-20 09:55:19 diffposetalk_trainer.py line 101]=>INFO: iter [12700/100000] time 0.018 (0.018) data 0.000 (0.000) loss 0.0211 lr 9.6073e-05 eta 0:26:39
[2025-11-20 09:55:21 diffposetalk_trainer.py line 101]=>INFO: iter [12750/100000] time 0.018 (0.018) data 0.000 (0.000) loss 0.1027 lr 9.6042e-05 eta 0:26:03
[2025-11-20 09:55:22 diffposetalk_trainer.py line 101]=>INFO: iter [12800/100000] time 0.022 (0.022) data 0.000 (0.000) loss 0.0383 lr 9.6012e-05 eta 0:31:16
[2025-11-20 09:55:24 diffposetalk_trainer.py line 101]=>INFO: iter [12850/100000] time 0.030 (0.030) data 0.000 (0.000) loss 0.0394 lr 9.5981e-05 eta 0:43:44
[2025-11-20 09:55:25 diffposetalk_trainer.py line 101]=>INFO: iter [12900/100000] time 0.025 (0.025) data 0.000 (0.000) loss 0.0271 lr 9.5950e-05 eta 0:35:59
[2025-11-20 09:55:27 diffposetalk_trainer.py line 101]=>INFO: iter [12950/100000] time 0.035 (0.035) data 0.000 (0.000) loss 0.0304 lr 9.5919e-05 eta 0:50:57
[2025-11-20 09:55:29 diffposetalk_trainer.py line 101]=>INFO: iter [13000/100000] time 0.020 (0.020) data 0.000 (0.000) loss 0.0300 lr 9.5888e-05 eta 0:29:31
[2025-11-20 09:55:30 diffposetalk_trainer.py line 101]=>INFO: iter [13050/100000] time 0.020 (0.020) data 0.000 (0.000) loss 0.0520 lr 9.5856e-05 eta 0:28:51
[2025-11-20 09:55:32 diffposetalk_trainer.py line 101]=>INFO: iter [13100/100000] time 0.019 (0.019) data 0.000 (0.000) loss 0.0358 lr 9.5825e-05 eta 0:27:30
[2025-11-20 09:55:33 diffposetalk_trainer.py line 101]=>INFO: iter [13150/100000] time 0.039 (0.039) data 0.000 (0.000) loss 0.0215 lr 9.5794e-05 eta 0:56:37
[2025-11-20 09:55:35 diffposetalk_trainer.py line 101]=>INFO: iter [13200/100000] time 0.023 (0.023) data 0.000 (0.000) loss 0.0271 lr 9.5762e-05 eta 0:32:53
[2025-11-20 09:55:37 diffposetalk_trainer.py line 101]=>INFO: iter [13250/100000] time 0.025 (0.025) data 0.000 (0.000) loss 0.0592 lr 9.5730e-05 eta 0:36:17
[2025-11-20 09:55:39 diffposetalk_trainer.py line 101]=>INFO: iter [13300/100000] time 0.035 (0.035) data 0.000 (0.000) loss 0.0875 lr 9.5699e-05 eta 0:49:56
[2025-11-20 09:55:41 diffposetalk_trainer.py line 101]=>INFO: iter [13350/100000] time 0.022 (0.022) data 0.000 (0.000) loss 0.0962 lr 9.5667e-05 eta 0:31:17
[2025-11-20 09:55:43 diffposetalk_trainer.py line 101]=>INFO: iter [13400/100000] time 0.035 (0.035) data 0.000 (0.000) loss 0.0211 lr 9.5635e-05 eta 0:49:55
[2025-11-20 09:55:45 diffposetalk_trainer.py line 101]=>INFO: iter [13450/100000] time 0.035 (0.035) data 0.000 (0.000) loss 0.0331 lr 9.5602e-05 eta 0:50:39
[2025-11-20 09:55:46 diffposetalk_trainer.py line 101]=>INFO: iter [13500/100000] time 0.025 (0.025) data 0.000 (0.000) loss 0.0483 lr 9.5570e-05 eta 0:36:37
[2025-11-20 09:55:48 diffposetalk_trainer.py line 101]=>INFO: iter [13550/100000] time 0.019 (0.019) data 0.000 (0.000) loss 0.0481 lr 9.5538e-05 eta 0:27:22
[2025-11-20 09:55:50 diffposetalk_trainer.py line 101]=>INFO: iter [13600/100000] time 0.035 (0.035) data 0.001 (0.001) loss 0.0813 lr 9.5505e-05 eta 0:50:38
[2025-11-20 09:55:52 diffposetalk_trainer.py line 101]=>INFO: iter [13650/100000] time 0.020 (0.020) data 0.000 (0.000) loss 0.1064 lr 9.5473e-05 eta 0:29:03
[2025-11-20 09:55:53 diffposetalk_trainer.py line 101]=>INFO: iter [13700/100000] time 0.020 (0.020) data 0.000 (0.000) loss 0.0438 lr 9.5440e-05 eta 0:28:21
[2025-11-20 09:55:55 diffposetalk_trainer.py line 101]=>INFO: iter [13750/100000] time 0.037 (0.037) data 0.000 (0.000) loss 0.0317 lr 9.5407e-05 eta 0:53:50
[2025-11-20 09:55:56 diffposetalk_trainer.py line 101]=>INFO: iter [13800/100000] time 0.017 (0.017) data 0.000 (0.000) loss 0.1636 lr 9.5374e-05 eta 0:24:45
[2025-11-20 09:55:57 diffposetalk_trainer.py line 101]=>INFO: iter [13850/100000] time 0.020 (0.020) data 0.000 (0.000) loss 0.1722 lr 9.5341e-05 eta 0:28:14
[2025-11-20 09:55:59 diffposetalk_trainer.py line 101]=>INFO: iter [13900/100000] time 0.024 (0.024) data 0.000 (0.000) loss 0.0506 lr 9.5308e-05 eta 0:34:24
[2025-11-20 09:56:01 diffposetalk_trainer.py line 101]=>INFO: iter [13950/100000] time 0.020 (0.020) data 0.000 (0.000) loss 0.0421 lr 9.5275e-05 eta 0:28:56
[2025-11-20 09:56:02 diffposetalk_trainer.py line 101]=>INFO: iter [14000/100000] time 0.020 (0.020) data 0.000 (0.000) loss 0.0068 lr 9.5241e-05 eta 0:28:06
[2025-11-20 09:56:02 diffposetalk_trainer.py line 144]=>INFO: Evaluate on the *val* set
[2025-11-20 09:56:07 diffposetalk_trainer.py line 157]=>INFO: iter: 50 loss_val: 0.5462897914648056 
[2025-11-20 09:56:12 diffposetalk_trainer.py line 157]=>INFO: iter: 100 loss_val: 0.5426245519518852 
[2025-11-20 09:56:17 diffposetalk_trainer.py line 157]=>INFO: iter: 150 loss_val: 0.5407595854997634 
[2025-11-20 09:56:23 diffposetalk_trainer.py line 157]=>INFO: iter: 200 loss_val: 0.5373596657812595 
[2025-11-20 09:56:28 diffposetalk_trainer.py line 157]=>INFO: iter: 250 loss_val: 0.5384053010940552 
[2025-11-20 09:56:34 diffposetalk_trainer.py line 157]=>INFO: iter: 300 loss_val: 0.5398618923624356 
[2025-11-20 09:56:39 diffposetalk_trainer.py line 157]=>INFO: iter: 350 loss_val: 0.5391749666418348 
[2025-11-20 09:56:44 diffposetalk_trainer.py line 157]=>INFO: iter: 400 loss_val: 0.5385079903155565 
[2025-11-20 09:56:44 base_trainer.py line 675]=>INFO: Checkpoint saved to output/HDTF_TFHP/StyleEncoderTrainer/Train/model/model.pth.tar-iter-14000
[2025-11-20 09:56:47 diffposetalk_trainer.py line 101]=>INFO: iter [14050/100000] time 0.035 (0.035) data 0.000 (0.000) loss 0.0239 lr 9.5208e-05 eta 0:49:34
[2025-11-20 09:56:49 diffposetalk_trainer.py line 101]=>INFO: iter [14100/100000] time 0.024 (0.024) data 0.000 (0.000) loss 0.0225 lr 9.5174e-05 eta 0:34:53
[2025-11-20 09:56:50 diffposetalk_trainer.py line 101]=>INFO: iter [14150/100000] time 0.024 (0.024) data 0.000 (0.000) loss 0.0316 lr 9.5141e-05 eta 0:34:44
[2025-11-20 09:56:52 diffposetalk_trainer.py line 101]=>INFO: iter [14200/100000] time 0.018 (0.018) data 0.000 (0.000) loss 0.0763 lr 9.5107e-05 eta 0:25:57
[2025-11-20 09:56:53 diffposetalk_trainer.py line 101]=>INFO: iter [14250/100000] time 0.018 (0.018) data 0.000 (0.000) loss 0.0941 lr 9.5073e-05 eta 0:25:13
[2025-11-20 09:56:55 diffposetalk_trainer.py line 101]=>INFO: iter [14300/100000] time 0.031 (0.031) data 0.001 (0.001) loss 0.0861 lr 9.5039e-05 eta 0:43:34
[2025-11-20 09:56:57 diffposetalk_trainer.py line 101]=>INFO: iter [14350/100000] time 0.034 (0.034) data 0.000 (0.000) loss 0.0744 lr 9.5005e-05 eta 0:48:11
[2025-11-20 09:56:58 diffposetalk_trainer.py line 101]=>INFO: iter [14400/100000] time 0.023 (0.023) data 0.000 (0.000) loss 0.0449 lr 9.4970e-05 eta 0:32:44
[2025-11-20 09:57:00 diffposetalk_trainer.py line 101]=>INFO: iter [14450/100000] time 0.028 (0.028) data 0.000 (0.000) loss 0.0274 lr 9.4936e-05 eta 0:39:27
[2025-11-20 09:57:01 diffposetalk_trainer.py line 101]=>INFO: iter [14500/100000] time 0.020 (0.020) data 0.000 (0.000) loss 0.0546 lr 9.4901e-05 eta 0:28:20
[2025-11-20 09:57:03 diffposetalk_trainer.py line 101]=>INFO: iter [14550/100000] time 0.023 (0.023) data 0.000 (0.000) loss 0.0628 lr 9.4867e-05 eta 0:32:32
[2025-11-20 09:57:05 diffposetalk_trainer.py line 101]=>INFO: iter [14600/100000] time 0.050 (0.050) data 0.001 (0.001) loss 0.0235 lr 9.4832e-05 eta 1:11:47
[2025-11-20 09:57:07 diffposetalk_trainer.py line 101]=>INFO: iter [14650/100000] time 0.022 (0.022) data 0.000 (0.000) loss 0.0574 lr 9.4797e-05 eta 0:31:08
[2025-11-20 09:57:08 diffposetalk_trainer.py line 101]=>INFO: iter [14700/100000] time 0.021 (0.021) data 0.000 (0.000) loss 0.0071 lr 9.4762e-05 eta 0:30:14
[2025-11-20 09:57:10 diffposetalk_trainer.py line 101]=>INFO: iter [14750/100000] time 0.018 (0.018) data 0.000 (0.000) loss 0.0334 lr 9.4727e-05 eta 0:24:58
[2025-11-20 09:57:11 diffposetalk_trainer.py line 101]=>INFO: iter [14800/100000] time 0.017 (0.017) data 0.000 (0.000) loss 0.1350 lr 9.4692e-05 eta 0:24:43
[2025-11-20 09:57:12 diffposetalk_trainer.py line 101]=>INFO: iter [14850/100000] time 0.018 (0.018) data 0.000 (0.000) loss 0.0469 lr 9.4657e-05 eta 0:25:06
[2025-11-20 09:57:14 diffposetalk_trainer.py line 101]=>INFO: iter [14900/100000] time 0.022 (0.022) data 0.000 (0.000) loss 0.0256 lr 9.4621e-05 eta 0:31:39
[2025-11-20 09:57:16 diffposetalk_trainer.py line 101]=>INFO: iter [14950/100000] time 0.023 (0.023) data 0.000 (0.000) loss 0.1024 lr 9.4586e-05 eta 0:33:12
[2025-11-20 09:57:18 diffposetalk_trainer.py line 101]=>INFO: iter [15000/100000] time 0.026 (0.026) data 0.000 (0.000) loss 0.0304 lr 9.4550e-05 eta 0:36:19
[2025-11-20 09:57:19 diffposetalk_trainer.py line 101]=>INFO: iter [15050/100000] time 0.021 (0.021) data 0.000 (0.000) loss 0.1210 lr 9.4515e-05 eta 0:29:55
[2025-11-20 09:57:21 diffposetalk_trainer.py line 101]=>INFO: iter [15100/100000] time 0.028 (0.028) data 0.000 (0.000) loss 0.0279 lr 9.4479e-05 eta 0:39:17
[2025-11-20 09:57:23 diffposetalk_trainer.py line 101]=>INFO: iter [15150/100000] time 0.024 (0.024) data 0.001 (0.001) loss 0.0332 lr 9.4443e-05 eta 0:34:08
[2025-11-20 09:57:24 diffposetalk_trainer.py line 101]=>INFO: iter [15200/100000] time 0.024 (0.024) data 0.000 (0.000) loss 0.0275 lr 9.4407e-05 eta 0:34:32
[2025-11-20 09:57:26 diffposetalk_trainer.py line 101]=>INFO: iter [15250/100000] time 0.029 (0.029) data 0.000 (0.000) loss 0.0253 lr 9.4371e-05 eta 0:41:11
[2025-11-20 09:57:28 diffposetalk_trainer.py line 101]=>INFO: iter [15300/100000] time 0.019 (0.019) data 0.000 (0.000) loss 0.0274 lr 9.4334e-05 eta 0:26:19
[2025-11-20 09:57:29 diffposetalk_trainer.py line 101]=>INFO: iter [15350/100000] time 0.022 (0.022) data 0.000 (0.000) loss 0.0963 lr 9.4298e-05 eta 0:31:13
[2025-11-20 09:57:31 diffposetalk_trainer.py line 101]=>INFO: iter [15400/100000] time 0.020 (0.020) data 0.000 (0.000) loss 0.0098 lr 9.4262e-05 eta 0:28:07
[2025-11-20 09:57:32 diffposetalk_trainer.py line 101]=>INFO: iter [15450/100000] time 0.022 (0.022) data 0.000 (0.000) loss 0.0380 lr 9.4225e-05 eta 0:31:07
[2025-11-20 09:57:34 diffposetalk_trainer.py line 101]=>INFO: iter [15500/100000] time 0.023 (0.023) data 0.000 (0.000) loss 0.1852 lr 9.4188e-05 eta 0:31:55
[2025-11-20 09:57:36 diffposetalk_trainer.py line 101]=>INFO: iter [15550/100000] time 0.041 (0.041) data 0.000 (0.000) loss 0.0449 lr 9.4151e-05 eta 0:57:22
[2025-11-20 09:57:38 diffposetalk_trainer.py line 101]=>INFO: iter [15600/100000] time 0.025 (0.025) data 0.000 (0.000) loss 0.0759 lr 9.4115e-05 eta 0:35:15
[2025-11-20 09:57:40 diffposetalk_trainer.py line 101]=>INFO: iter [15650/100000] time 0.040 (0.040) data 0.000 (0.000) loss 0.1502 lr 9.4078e-05 eta 0:56:11
[2025-11-20 09:57:41 diffposetalk_trainer.py line 101]=>INFO: iter [15700/100000] time 0.024 (0.024) data 0.000 (0.000) loss 0.0265 lr 9.4040e-05 eta 0:33:34
[2025-11-20 09:57:43 diffposetalk_trainer.py line 101]=>INFO: iter [15750/100000] time 0.020 (0.020) data 0.000 (0.000) loss 0.0260 lr 9.4003e-05 eta 0:28:06
[2025-11-20 09:57:45 diffposetalk_trainer.py line 101]=>INFO: iter [15800/100000] time 0.018 (0.018) data 0.000 (0.000) loss 0.0451 lr 9.3966e-05 eta 0:25:06
[2025-11-20 09:57:46 diffposetalk_trainer.py line 101]=>INFO: iter [15850/100000] time 0.023 (0.023) data 0.000 (0.000) loss 0.0999 lr 9.3928e-05 eta 0:32:17
[2025-11-20 09:57:48 diffposetalk_trainer.py line 101]=>INFO: iter [15900/100000] time 0.023 (0.023) data 0.000 (0.000) loss 0.0898 lr 9.3891e-05 eta 0:32:16
[2025-11-20 09:57:49 diffposetalk_trainer.py line 101]=>INFO: iter [15950/100000] time 0.020 (0.020) data 0.000 (0.000) loss 0.0328 lr 9.3853e-05 eta 0:27:27
[2025-11-20 09:57:51 diffposetalk_trainer.py line 101]=>INFO: iter [16000/100000] time 0.027 (0.027) data 0.000 (0.000) loss 0.0203 lr 9.3815e-05 eta 0:38:29
[2025-11-20 09:57:51 diffposetalk_trainer.py line 144]=>INFO: Evaluate on the *val* set
[2025-11-20 09:57:56 diffposetalk_trainer.py line 157]=>INFO: iter: 50 loss_val: 0.5338974213600158 
[2025-11-20 09:58:01 diffposetalk_trainer.py line 157]=>INFO: iter: 100 loss_val: 0.540464081466198 
[2025-11-20 09:58:06 diffposetalk_trainer.py line 157]=>INFO: iter: 150 loss_val: 0.53709654768308 
[2025-11-20 09:58:11 diffposetalk_trainer.py line 157]=>INFO: iter: 200 loss_val: 0.5366759429872036 
[2025-11-20 09:58:16 diffposetalk_trainer.py line 157]=>INFO: iter: 250 loss_val: 0.537443102478981 
[2025-11-20 09:58:21 diffposetalk_trainer.py line 157]=>INFO: iter: 300 loss_val: 0.5379064191381137 
[2025-11-20 09:58:27 diffposetalk_trainer.py line 157]=>INFO: iter: 350 loss_val: 0.5392619936806815 
[2025-11-20 09:58:32 diffposetalk_trainer.py line 157]=>INFO: iter: 400 loss_val: 0.53947419911623 
[2025-11-20 09:58:32 base_trainer.py line 675]=>INFO: Checkpoint saved to output/HDTF_TFHP/StyleEncoderTrainer/Train/model/model.pth.tar-iter-16000
[2025-11-20 09:58:34 diffposetalk_trainer.py line 101]=>INFO: iter [16050/100000] time 0.021 (0.021) data 0.000 (0.000) loss 0.0290 lr 9.3777e-05 eta 0:29:06
[2025-11-20 09:58:35 diffposetalk_trainer.py line 101]=>INFO: iter [16100/100000] time 0.033 (0.033) data 0.000 (0.000) loss 0.0072 lr 9.3739e-05 eta 0:46:10
[2025-11-20 09:58:37 diffposetalk_trainer.py line 101]=>INFO: iter [16150/100000] time 0.017 (0.017) data 0.000 (0.000) loss 0.0275 lr 9.3701e-05 eta 0:23:51
[2025-11-20 09:58:39 diffposetalk_trainer.py line 101]=>INFO: iter [16200/100000] time 0.020 (0.020) data 0.000 (0.000) loss 0.0262 lr 9.3663e-05 eta 0:27:39
[2025-11-20 09:58:41 diffposetalk_trainer.py line 101]=>INFO: iter [16250/100000] time 0.039 (0.039) data 0.000 (0.000) loss 0.0279 lr 9.3625e-05 eta 0:53:46
[2025-11-20 09:58:42 diffposetalk_trainer.py line 101]=>INFO: iter [16300/100000] time 0.022 (0.022) data 0.000 (0.000) loss 0.0231 lr 9.3586e-05 eta 0:30:09
[2025-11-20 09:58:44 diffposetalk_trainer.py line 101]=>INFO: iter [16350/100000] time 0.019 (0.019) data 0.000 (0.000) loss 0.0809 lr 9.3548e-05 eta 0:26:30
[2025-11-20 09:58:45 diffposetalk_trainer.py line 101]=>INFO: iter [16400/100000] time 0.024 (0.024) data 0.000 (0.000) loss 0.0220 lr 9.3509e-05 eta 0:32:55
[2025-11-20 09:58:47 diffposetalk_trainer.py line 101]=>INFO: iter [16450/100000] time 0.040 (0.040) data 0.000 (0.000) loss 0.0250 lr 9.3470e-05 eta 0:56:18
[2025-11-20 09:58:49 diffposetalk_trainer.py line 101]=>INFO: iter [16500/100000] time 0.021 (0.021) data 0.000 (0.000) loss 0.0271 lr 9.3432e-05 eta 0:29:26
[2025-11-20 09:58:50 diffposetalk_trainer.py line 101]=>INFO: iter [16550/100000] time 0.027 (0.027) data 0.000 (0.000) loss 0.0377 lr 9.3393e-05 eta 0:37:23
[2025-11-20 09:58:52 diffposetalk_trainer.py line 101]=>INFO: iter [16600/100000] time 0.026 (0.026) data 0.000 (0.000) loss 0.0499 lr 9.3354e-05 eta 0:36:27
[2025-11-20 09:58:53 diffposetalk_trainer.py line 101]=>INFO: iter [16650/100000] time 0.023 (0.023) data 0.000 (0.000) loss 0.0317 lr 9.3314e-05 eta 0:31:37
[2025-11-20 09:58:55 diffposetalk_trainer.py line 101]=>INFO: iter [16700/100000] time 0.027 (0.027) data 0.000 (0.000) loss 0.0787 lr 9.3275e-05 eta 0:37:37
[2025-11-20 09:58:57 diffposetalk_trainer.py line 101]=>INFO: iter [16750/100000] time 0.034 (0.034) data 0.000 (0.000) loss 0.0552 lr 9.3236e-05 eta 0:47:52
[2025-11-20 09:58:59 diffposetalk_trainer.py line 101]=>INFO: iter [16800/100000] time 0.020 (0.020) data 0.000 (0.000) loss 0.0133 lr 9.3196e-05 eta 0:27:14
[2025-11-20 09:59:01 diffposetalk_trainer.py line 101]=>INFO: iter [16850/100000] time 0.019 (0.019) data 0.000 (0.000) loss 0.0458 lr 9.3157e-05 eta 0:26:39
[2025-11-20 09:59:02 diffposetalk_trainer.py line 101]=>INFO: iter [16900/100000] time 0.025 (0.025) data 0.000 (0.000) loss 0.0221 lr 9.3117e-05 eta 0:35:15
[2025-11-20 09:59:04 diffposetalk_trainer.py line 101]=>INFO: iter [16950/100000] time 0.020 (0.020) data 0.000 (0.000) loss 0.0453 lr 9.3077e-05 eta 0:27:47
[2025-11-20 09:59:06 diffposetalk_trainer.py line 101]=>INFO: iter [17000/100000] time 0.027 (0.027) data 0.000 (0.000) loss 0.0237 lr 9.3037e-05 eta 0:36:59
[2025-11-20 09:59:07 diffposetalk_trainer.py line 101]=>INFO: iter [17050/100000] time 0.025 (0.025) data 0.000 (0.000) loss 0.0324 lr 9.2997e-05 eta 0:34:23
[2025-11-20 09:59:09 diffposetalk_trainer.py line 101]=>INFO: iter [17100/100000] time 0.024 (0.024) data 0.000 (0.000) loss 0.0985 lr 9.2957e-05 eta 0:32:46
[2025-11-20 09:59:10 diffposetalk_trainer.py line 101]=>INFO: iter [17150/100000] time 0.034 (0.034) data 0.000 (0.000) loss 0.0347 lr 9.2917e-05 eta 0:47:35
[2025-11-20 09:59:12 diffposetalk_trainer.py line 101]=>INFO: iter [17200/100000] time 0.018 (0.018) data 0.000 (0.000) loss 0.1376 lr 9.2876e-05 eta 0:24:19
[2025-11-20 09:59:14 diffposetalk_trainer.py line 101]=>INFO: iter [17250/100000] time 0.041 (0.041) data 0.010 (0.010) loss 0.0475 lr 9.2836e-05 eta 0:56:20
[2025-11-20 09:59:15 diffposetalk_trainer.py line 101]=>INFO: iter [17300/100000] time 0.023 (0.023) data 0.000 (0.000) loss 0.1121 lr 9.2795e-05 eta 0:31:37
[2025-11-20 09:59:17 diffposetalk_trainer.py line 101]=>INFO: iter [17350/100000] time 0.028 (0.028) data 0.000 (0.000) loss 0.0271 lr 9.2755e-05 eta 0:38:26
[2025-11-20 09:59:19 diffposetalk_trainer.py line 101]=>INFO: iter [17400/100000] time 0.024 (0.024) data 0.000 (0.000) loss 0.0333 lr 9.2714e-05 eta 0:33:16
[2025-11-20 09:59:21 diffposetalk_trainer.py line 101]=>INFO: iter [17450/100000] time 0.020 (0.020) data 0.000 (0.000) loss 0.0766 lr 9.2673e-05 eta 0:28:01
[2025-11-20 09:59:22 diffposetalk_trainer.py line 101]=>INFO: iter [17500/100000] time 0.017 (0.017) data 0.000 (0.000) loss 0.0068 lr 9.2632e-05 eta 0:24:01
[2025-11-20 09:59:23 diffposetalk_trainer.py line 101]=>INFO: iter [17550/100000] time 0.030 (0.030) data 0.000 (0.000) loss 0.0349 lr 9.2591e-05 eta 0:40:54
[2025-11-20 09:59:26 diffposetalk_trainer.py line 101]=>INFO: iter [17600/100000] time 0.022 (0.022) data 0.000 (0.000) loss 0.0578 lr 9.2550e-05 eta 0:30:16
[2025-11-20 09:59:28 diffposetalk_trainer.py line 101]=>INFO: iter [17650/100000] time 0.028 (0.028) data 0.000 (0.000) loss 0.1305 lr 9.2508e-05 eta 0:37:54
[2025-11-20 09:59:29 diffposetalk_trainer.py line 101]=>INFO: iter [17700/100000] time 0.023 (0.023) data 0.000 (0.000) loss 0.0979 lr 9.2467e-05 eta 0:31:26
[2025-11-20 09:59:31 diffposetalk_trainer.py line 101]=>INFO: iter [17750/100000] time 0.018 (0.018) data 0.000 (0.000) loss 0.0740 lr 9.2426e-05 eta 0:24:14
[2025-11-20 09:59:32 diffposetalk_trainer.py line 101]=>INFO: iter [17800/100000] time 0.018 (0.018) data 0.000 (0.000) loss 0.0354 lr 9.2384e-05 eta 0:24:25
[2025-11-20 09:59:35 diffposetalk_trainer.py line 101]=>INFO: iter [17850/100000] time 0.049 (0.049) data 0.000 (0.000) loss 0.0356 lr 9.2342e-05 eta 1:07:29
[2025-11-20 09:59:37 diffposetalk_trainer.py line 101]=>INFO: iter [17900/100000] time 0.028 (0.028) data 0.000 (0.000) loss 0.0343 lr 9.2300e-05 eta 0:37:55
[2025-11-20 09:59:38 diffposetalk_trainer.py line 101]=>INFO: iter [17950/100000] time 0.050 (0.050) data 0.000 (0.000) loss 0.0814 lr 9.2258e-05 eta 1:08:00
[2025-11-20 09:59:40 diffposetalk_trainer.py line 101]=>INFO: iter [18000/100000] time 0.019 (0.019) data 0.000 (0.000) loss 0.0228 lr 9.2216e-05 eta 0:26:03
[2025-11-20 09:59:40 diffposetalk_trainer.py line 144]=>INFO: Evaluate on the *val* set
[2025-11-20 09:59:45 diffposetalk_trainer.py line 157]=>INFO: iter: 50 loss_val: 0.5287034577131271 
[2025-11-20 09:59:51 diffposetalk_trainer.py line 157]=>INFO: iter: 100 loss_val: 0.5323693120479583 
[2025-11-20 09:59:56 diffposetalk_trainer.py line 157]=>INFO: iter: 150 loss_val: 0.5329187208414078 
[2025-11-20 10:00:01 diffposetalk_trainer.py line 157]=>INFO: iter: 200 loss_val: 0.5319675815105438 
[2025-11-20 10:00:06 diffposetalk_trainer.py line 157]=>INFO: iter: 250 loss_val: 0.5328516303300858 
[2025-11-20 10:00:11 diffposetalk_trainer.py line 157]=>INFO: iter: 300 loss_val: 0.5355898422996203 
[2025-11-20 10:00:16 diffposetalk_trainer.py line 157]=>INFO: iter: 350 loss_val: 0.5368906695502145 
[2025-11-20 10:00:21 diffposetalk_trainer.py line 157]=>INFO: iter: 400 loss_val: 0.5373978559672833 
[2025-11-20 10:00:21 base_trainer.py line 675]=>INFO: Checkpoint saved to output/HDTF_TFHP/StyleEncoderTrainer/Train/model/model.pth.tar-iter-18000
[2025-11-20 10:00:23 diffposetalk_trainer.py line 101]=>INFO: iter [18050/100000] time 0.032 (0.032) data 0.000 (0.000) loss 0.0325 lr 9.2174e-05 eta 0:43:32
[2025-11-20 10:00:25 diffposetalk_trainer.py line 101]=>INFO: iter [18100/100000] time 0.053 (0.053) data 0.000 (0.000) loss 0.1022 lr 9.2132e-05 eta 1:11:44
[2025-11-20 10:00:27 diffposetalk_trainer.py line 101]=>INFO: iter [18150/100000] time 0.034 (0.034) data 0.000 (0.000) loss 0.0211 lr 9.2090e-05 eta 0:46:20
[2025-11-20 10:00:28 diffposetalk_trainer.py line 101]=>INFO: iter [18200/100000] time 0.022 (0.022) data 0.000 (0.000) loss 0.0110 lr 9.2047e-05 eta 0:29:42
[2025-11-20 10:00:30 diffposetalk_trainer.py line 101]=>INFO: iter [18250/100000] time 0.024 (0.024) data 0.000 (0.000) loss 0.0633 lr 9.2005e-05 eta 0:32:13
[2025-11-20 10:00:32 diffposetalk_trainer.py line 101]=>INFO: iter [18300/100000] time 0.018 (0.018) data 0.000 (0.000) loss 0.0554 lr 9.1962e-05 eta 0:25:10
[2025-11-20 10:00:34 diffposetalk_trainer.py line 101]=>INFO: iter [18350/100000] time 0.023 (0.023) data 0.000 (0.000) loss 0.0804 lr 9.1919e-05 eta 0:31:02
[2025-11-20 10:00:36 diffposetalk_trainer.py line 101]=>INFO: iter [18400/100000] time 0.032 (0.032) data 0.000 (0.000) loss 0.0273 lr 9.1876e-05 eta 0:43:46
[2025-11-20 10:00:38 diffposetalk_trainer.py line 101]=>INFO: iter [18450/100000] time 0.031 (0.031) data 0.000 (0.000) loss 0.0300 lr 9.1833e-05 eta 0:41:36
[2025-11-20 10:00:39 diffposetalk_trainer.py line 101]=>INFO: iter [18500/100000] time 0.024 (0.024) data 0.000 (0.000) loss 0.0500 lr 9.1790e-05 eta 0:32:45
[2025-11-20 10:00:41 diffposetalk_trainer.py line 101]=>INFO: iter [18550/100000] time 0.020 (0.020) data 0.000 (0.000) loss 0.0540 lr 9.1747e-05 eta 0:27:00
[2025-11-20 10:00:42 diffposetalk_trainer.py line 101]=>INFO: iter [18600/100000] time 0.030 (0.030) data 0.000 (0.000) loss 0.0849 lr 9.1704e-05 eta 0:41:13
[2025-11-20 10:00:44 diffposetalk_trainer.py line 101]=>INFO: iter [18650/100000] time 0.024 (0.024) data 0.001 (0.001) loss 0.0190 lr 9.1661e-05 eta 0:32:20
[2025-11-20 10:00:46 diffposetalk_trainer.py line 101]=>INFO: iter [18700/100000] time 0.022 (0.022) data 0.000 (0.000) loss 0.0251 lr 9.1617e-05 eta 0:30:19
[2025-11-20 10:00:47 diffposetalk_trainer.py line 101]=>INFO: iter [18750/100000] time 0.019 (0.019) data 0.000 (0.000) loss 0.1244 lr 9.1573e-05 eta 0:26:22
[2025-11-20 10:00:49 diffposetalk_trainer.py line 101]=>INFO: iter [18800/100000] time 0.037 (0.037) data 0.000 (0.000) loss 0.0685 lr 9.1530e-05 eta 0:49:37
[2025-11-20 10:00:51 diffposetalk_trainer.py line 101]=>INFO: iter [18850/100000] time 0.019 (0.019) data 0.000 (0.000) loss 0.0365 lr 9.1486e-05 eta 0:25:01
[2025-11-20 10:00:52 diffposetalk_trainer.py line 101]=>INFO: iter [18900/100000] time 0.017 (0.017) data 0.000 (0.000) loss 0.0084 lr 9.1442e-05 eta 0:23:05
[2025-11-20 10:00:53 diffposetalk_trainer.py line 101]=>INFO: iter [18950/100000] time 0.018 (0.018) data 0.000 (0.000) loss 0.1271 lr 9.1398e-05 eta 0:23:53
[2025-11-20 10:00:55 diffposetalk_trainer.py line 101]=>INFO: iter [19000/100000] time 0.046 (0.046) data 0.000 (0.000) loss 0.0904 lr 9.1354e-05 eta 1:01:43
[2025-11-20 10:00:57 diffposetalk_trainer.py line 101]=>INFO: iter [19050/100000] time 0.017 (0.017) data 0.000 (0.000) loss 0.0255 lr 9.1310e-05 eta 0:23:08
[2025-11-20 10:00:59 diffposetalk_trainer.py line 101]=>INFO: iter [19100/100000] time 0.021 (0.021) data 0.000 (0.000) loss 0.0686 lr 9.1266e-05 eta 0:28:47
[2025-11-20 10:01:00 diffposetalk_trainer.py line 101]=>INFO: iter [19150/100000] time 0.021 (0.021) data 0.000 (0.000) loss 0.0276 lr 9.1221e-05 eta 0:28:46
[2025-11-20 10:01:02 diffposetalk_trainer.py line 101]=>INFO: iter [19200/100000] time 0.021 (0.021) data 0.000 (0.000) loss 0.0233 lr 9.1177e-05 eta 0:27:59
[2025-11-20 10:01:04 diffposetalk_trainer.py line 101]=>INFO: iter [19250/100000] time 0.020 (0.020) data 0.000 (0.000) loss 0.0275 lr 9.1132e-05 eta 0:27:26
[2025-11-20 10:01:06 diffposetalk_trainer.py line 101]=>INFO: iter [19300/100000] time 0.026 (0.026) data 0.000 (0.000) loss 0.1598 lr 9.1087e-05 eta 0:34:24
[2025-11-20 10:01:07 diffposetalk_trainer.py line 101]=>INFO: iter [19350/100000] time 0.042 (0.042) data 0.000 (0.000) loss 0.0245 lr 9.1043e-05 eta 0:55:55
[2025-11-20 10:01:09 diffposetalk_trainer.py line 101]=>INFO: iter [19400/100000] time 0.027 (0.027) data 0.000 (0.000) loss 0.0275 lr 9.0998e-05 eta 0:35:54
[2025-11-20 10:01:11 diffposetalk_trainer.py line 101]=>INFO: iter [19450/100000] time 0.020 (0.020) data 0.000 (0.000) loss 0.0687 lr 9.0953e-05 eta 0:26:32
[2025-11-20 10:01:12 diffposetalk_trainer.py line 101]=>INFO: iter [19500/100000] time 0.015 (0.015) data 0.000 (0.000) loss 0.0886 lr 9.0907e-05 eta 0:20:13
[2025-11-20 10:01:14 diffposetalk_trainer.py line 101]=>INFO: iter [19550/100000] time 0.025 (0.025) data 0.000 (0.000) loss 0.0360 lr 9.0862e-05 eta 0:33:36
[2025-11-20 10:01:16 diffposetalk_trainer.py line 101]=>INFO: iter [19600/100000] time 0.019 (0.019) data 0.000 (0.000) loss 0.0101 lr 9.0817e-05 eta 0:25:22
[2025-11-20 10:01:17 diffposetalk_trainer.py line 101]=>INFO: iter [19650/100000] time 0.017 (0.017) data 0.000 (0.000) loss 0.0457 lr 9.0772e-05 eta 0:22:38
[2025-11-20 10:01:18 diffposetalk_trainer.py line 101]=>INFO: iter [19700/100000] time 0.015 (0.015) data 0.000 (0.000) loss 0.0286 lr 9.0726e-05 eta 0:20:12
[2025-11-20 10:01:19 diffposetalk_trainer.py line 101]=>INFO: iter [19750/100000] time 0.016 (0.016) data 0.000 (0.000) loss 0.0240 lr 9.0680e-05 eta 0:22:01
[2025-11-20 10:01:21 diffposetalk_trainer.py line 101]=>INFO: iter [19800/100000] time 0.030 (0.030) data 0.000 (0.000) loss 0.0654 lr 9.0635e-05 eta 0:39:56
[2025-11-20 10:01:23 diffposetalk_trainer.py line 101]=>INFO: iter [19850/100000] time 0.016 (0.016) data 0.000 (0.000) loss 0.0335 lr 9.0589e-05 eta 0:21:32
[2025-11-20 10:01:24 diffposetalk_trainer.py line 101]=>INFO: iter [19900/100000] time 0.024 (0.024) data 0.000 (0.000) loss 0.0338 lr 9.0543e-05 eta 0:31:36
[2025-11-20 10:01:26 diffposetalk_trainer.py line 101]=>INFO: iter [19950/100000] time 0.018 (0.018) data 0.000 (0.000) loss 0.0282 lr 9.0497e-05 eta 0:23:57
[2025-11-20 10:01:27 diffposetalk_trainer.py line 101]=>INFO: iter [20000/100000] time 0.024 (0.024) data 0.000 (0.000) loss 0.0224 lr 9.0451e-05 eta 0:32:01
[2025-11-20 10:01:27 diffposetalk_trainer.py line 144]=>INFO: Evaluate on the *val* set
[2025-11-20 10:01:33 diffposetalk_trainer.py line 157]=>INFO: iter: 50 loss_val: 0.5448192381858825 
[2025-11-20 10:01:38 diffposetalk_trainer.py line 157]=>INFO: iter: 100 loss_val: 0.5341288527846336 
[2025-11-20 10:01:43 diffposetalk_trainer.py line 157]=>INFO: iter: 150 loss_val: 0.5380556933085123 
[2025-11-20 10:01:48 diffposetalk_trainer.py line 157]=>INFO: iter: 200 loss_val: 0.5407761719822883 
[2025-11-20 10:01:53 diffposetalk_trainer.py line 157]=>INFO: iter: 250 loss_val: 0.5411612445116043 
[2025-11-20 10:01:58 diffposetalk_trainer.py line 157]=>INFO: iter: 300 loss_val: 0.5423100571831068 
[2025-11-20 10:02:03 diffposetalk_trainer.py line 157]=>INFO: iter: 350 loss_val: 0.5418938872643879 
[2025-11-20 10:02:08 diffposetalk_trainer.py line 157]=>INFO: iter: 400 loss_val: 0.5409020031243563 
[2025-11-20 10:02:08 base_trainer.py line 675]=>INFO: Checkpoint saved to output/HDTF_TFHP/StyleEncoderTrainer/Train/model/model.pth.tar-iter-20000
[2025-11-20 10:02:10 diffposetalk_trainer.py line 101]=>INFO: iter [20050/100000] time 0.024 (0.024) data 0.005 (0.005) loss 0.0887 lr 9.0405e-05 eta 0:32:09
[2025-11-20 10:02:11 diffposetalk_trainer.py line 101]=>INFO: iter [20100/100000] time 0.018 (0.018) data 0.000 (0.000) loss 0.0235 lr 9.0358e-05 eta 0:23:38
[2025-11-20 10:02:13 diffposetalk_trainer.py line 101]=>INFO: iter [20150/100000] time 0.030 (0.030) data 0.000 (0.000) loss 0.0400 lr 9.0312e-05 eta 0:40:22
[2025-11-20 10:02:15 diffposetalk_trainer.py line 101]=>INFO: iter [20200/100000] time 0.032 (0.032) data 0.000 (0.000) loss 0.0236 lr 9.0265e-05 eta 0:42:48
[2025-11-20 10:02:16 diffposetalk_trainer.py line 101]=>INFO: iter [20250/100000] time 0.027 (0.027) data 0.000 (0.000) loss 0.0470 lr 9.0219e-05 eta 0:36:08
[2025-11-20 10:02:18 diffposetalk_trainer.py line 101]=>INFO: iter [20300/100000] time 0.019 (0.019) data 0.000 (0.000) loss 0.0049 lr 9.0172e-05 eta 0:25:33
[2025-11-20 10:02:19 diffposetalk_trainer.py line 101]=>INFO: iter [20350/100000] time 0.024 (0.024) data 0.000 (0.000) loss 0.0194 lr 9.0125e-05 eta 0:31:31
[2025-11-20 10:02:21 diffposetalk_trainer.py line 101]=>INFO: iter [20400/100000] time 0.023 (0.023) data 0.000 (0.000) loss 0.0275 lr 9.0078e-05 eta 0:30:08
[2025-11-20 10:02:22 diffposetalk_trainer.py line 101]=>INFO: iter [20450/100000] time 0.020 (0.020) data 0.000 (0.000) loss 0.0222 lr 9.0031e-05 eta 0:26:56
[2025-11-20 10:02:24 diffposetalk_trainer.py line 101]=>INFO: iter [20500/100000] time 0.027 (0.027) data 0.000 (0.000) loss 0.0269 lr 8.9984e-05 eta 0:35:24
[2025-11-20 10:02:26 diffposetalk_trainer.py line 101]=>INFO: iter [20550/100000] time 0.022 (0.022) data 0.000 (0.000) loss 0.0252 lr 8.9937e-05 eta 0:28:34
[2025-11-20 10:02:28 diffposetalk_trainer.py line 101]=>INFO: iter [20600/100000] time 0.022 (0.022) data 0.000 (0.000) loss 0.0316 lr 8.9890e-05 eta 0:28:28
[2025-11-20 10:02:29 diffposetalk_trainer.py line 101]=>INFO: iter [20650/100000] time 0.018 (0.018) data 0.000 (0.000) loss 0.0855 lr 8.9842e-05 eta 0:23:18
[2025-11-20 10:02:31 diffposetalk_trainer.py line 101]=>INFO: iter [20700/100000] time 0.030 (0.030) data 0.000 (0.000) loss 0.1076 lr 8.9795e-05 eta 0:39:05
[2025-11-20 10:02:33 diffposetalk_trainer.py line 101]=>INFO: iter [20750/100000] time 0.031 (0.031) data 0.000 (0.000) loss 0.1214 lr 8.9747e-05 eta 0:40:49
[2025-11-20 10:02:34 diffposetalk_trainer.py line 101]=>INFO: iter [20800/100000] time 0.017 (0.017) data 0.000 (0.000) loss 0.0219 lr 8.9700e-05 eta 0:22:54
[2025-11-20 10:02:36 diffposetalk_trainer.py line 101]=>INFO: iter [20850/100000] time 0.035 (0.035) data 0.000 (0.000) loss 0.1822 lr 8.9652e-05 eta 0:45:45
[2025-11-20 10:02:38 diffposetalk_trainer.py line 101]=>INFO: iter [20900/100000] time 0.033 (0.033) data 0.000 (0.000) loss 0.0749 lr 8.9604e-05 eta 0:43:37
[2025-11-20 10:02:39 diffposetalk_trainer.py line 101]=>INFO: iter [20950/100000] time 0.022 (0.022) data 0.000 (0.000) loss 0.0500 lr 8.9556e-05 eta 0:28:49
[2025-11-20 10:02:41 diffposetalk_trainer.py line 101]=>INFO: iter [21000/100000] time 0.017 (0.017) data 0.000 (0.000) loss 0.0051 lr 8.9508e-05 eta 0:22:36
[2025-11-20 10:02:42 diffposetalk_trainer.py line 101]=>INFO: iter [21050/100000] time 0.023 (0.023) data 0.000 (0.000) loss 0.0244 lr 8.9460e-05 eta 0:30:34
[2025-11-20 10:02:44 diffposetalk_trainer.py line 101]=>INFO: iter [21100/100000] time 0.020 (0.020) data 0.000 (0.000) loss 0.0676 lr 8.9411e-05 eta 0:26:32
[2025-11-20 10:02:46 diffposetalk_trainer.py line 101]=>INFO: iter [21150/100000] time 0.022 (0.022) data 0.000 (0.000) loss 0.0221 lr 8.9363e-05 eta 0:29:33
[2025-11-20 10:02:47 diffposetalk_trainer.py line 101]=>INFO: iter [21200/100000] time 0.028 (0.028) data 0.000 (0.000) loss 0.0339 lr 8.9314e-05 eta 0:36:48
[2025-11-20 10:02:49 diffposetalk_trainer.py line 101]=>INFO: iter [21250/100000] time 0.031 (0.031) data 0.000 (0.000) loss 0.0884 lr 8.9266e-05 eta 0:40:09
[2025-11-20 10:02:50 diffposetalk_trainer.py line 101]=>INFO: iter [21300/100000] time 0.026 (0.026) data 0.000 (0.000) loss 0.0291 lr 8.9217e-05 eta 0:34:11
[2025-11-20 10:02:53 diffposetalk_trainer.py line 101]=>INFO: iter [21350/100000] time 0.035 (0.035) data 0.000 (0.000) loss 0.0530 lr 8.9168e-05 eta 0:45:17
[2025-11-20 10:02:55 diffposetalk_trainer.py line 101]=>INFO: iter [21400/100000] time 0.035 (0.035) data 0.000 (0.000) loss 0.0242 lr 8.9120e-05 eta 0:45:47
[2025-11-20 10:02:56 diffposetalk_trainer.py line 101]=>INFO: iter [21450/100000] time 0.041 (0.041) data 0.000 (0.000) loss 0.0827 lr 8.9071e-05 eta 0:53:14
[2025-11-20 10:02:58 diffposetalk_trainer.py line 101]=>INFO: iter [21500/100000] time 0.021 (0.021) data 0.000 (0.000) loss 0.0606 lr 8.9022e-05 eta 0:27:57
[2025-11-20 10:03:00 diffposetalk_trainer.py line 101]=>INFO: iter [21550/100000] time 0.018 (0.018) data 0.000 (0.000) loss 0.0869 lr 8.8972e-05 eta 0:23:38
[2025-11-20 10:03:02 diffposetalk_trainer.py line 101]=>INFO: iter [21600/100000] time 0.031 (0.031) data 0.000 (0.000) loss 0.0289 lr 8.8923e-05 eta 0:40:11
[2025-11-20 10:03:03 diffposetalk_trainer.py line 101]=>INFO: iter [21650/100000] time 0.023 (0.023) data 0.000 (0.000) loss 0.0253 lr 8.8874e-05 eta 0:30:17
[2025-11-20 10:03:05 diffposetalk_trainer.py line 101]=>INFO: iter [21700/100000] time 0.029 (0.029) data 0.000 (0.000) loss 0.2176 lr 8.8824e-05 eta 0:37:37
[2025-11-20 10:03:07 diffposetalk_trainer.py line 101]=>INFO: iter [21750/100000] time 0.029 (0.029) data 0.000 (0.000) loss 0.0251 lr 8.8775e-05 eta 0:38:23
[2025-11-20 10:03:08 diffposetalk_trainer.py line 101]=>INFO: iter [21800/100000] time 0.021 (0.021) data 0.000 (0.000) loss 0.0236 lr 8.8725e-05 eta 0:27:00
[2025-11-20 10:03:10 diffposetalk_trainer.py line 101]=>INFO: iter [21850/100000] time 0.024 (0.024) data 0.000 (0.000) loss 0.0935 lr 8.8675e-05 eta 0:30:47
[2025-11-20 10:03:12 diffposetalk_trainer.py line 101]=>INFO: iter [21900/100000] time 0.018 (0.018) data 0.000 (0.000) loss 0.0238 lr 8.8626e-05 eta 0:23:58
[2025-11-20 10:03:13 diffposetalk_trainer.py line 101]=>INFO: iter [21950/100000] time 0.019 (0.019) data 0.000 (0.000) loss 0.0770 lr 8.8576e-05 eta 0:25:08
[2025-11-20 10:03:15 diffposetalk_trainer.py line 101]=>INFO: iter [22000/100000] time 0.036 (0.036) data 0.001 (0.001) loss 0.0281 lr 8.8526e-05 eta 0:46:30
[2025-11-20 10:03:15 diffposetalk_trainer.py line 144]=>INFO: Evaluate on the *val* set
[2025-11-20 10:03:20 diffposetalk_trainer.py line 157]=>INFO: iter: 50 loss_val: 0.556456184387207 
[2025-11-20 10:03:25 diffposetalk_trainer.py line 157]=>INFO: iter: 100 loss_val: 0.5495490542054177 
[2025-11-20 10:03:30 diffposetalk_trainer.py line 157]=>INFO: iter: 150 loss_val: 0.5485496880610784 
[2025-11-20 10:03:35 diffposetalk_trainer.py line 157]=>INFO: iter: 200 loss_val: 0.5502533365786075 
[2025-11-20 10:03:40 diffposetalk_trainer.py line 157]=>INFO: iter: 250 loss_val: 0.5493567280769348 
[2025-11-20 10:03:45 diffposetalk_trainer.py line 157]=>INFO: iter: 300 loss_val: 0.5488170164823533 
[2025-11-20 10:03:51 diffposetalk_trainer.py line 157]=>INFO: iter: 350 loss_val: 0.5486551297562463 
[2025-11-20 10:03:55 diffposetalk_trainer.py line 157]=>INFO: iter: 400 loss_val: 0.5490307576954365 
[2025-11-20 10:03:55 base_trainer.py line 675]=>INFO: Checkpoint saved to output/HDTF_TFHP/StyleEncoderTrainer/Train/model/model.pth.tar-iter-22000
[2025-11-20 10:03:57 diffposetalk_trainer.py line 101]=>INFO: iter [22050/100000] time 0.028 (0.028) data 0.000 (0.000) loss 0.1005 lr 8.8476e-05 eta 0:36:23
[2025-11-20 10:03:59 diffposetalk_trainer.py line 101]=>INFO: iter [22100/100000] time 0.023 (0.023) data 0.000 (0.000) loss 0.0504 lr 8.8425e-05 eta 0:29:50
[2025-11-20 10:04:00 diffposetalk_trainer.py line 101]=>INFO: iter [22150/100000] time 0.036 (0.036) data 0.000 (0.000) loss 0.0455 lr 8.8375e-05 eta 0:47:01
[2025-11-20 10:04:02 diffposetalk_trainer.py line 101]=>INFO: iter [22200/100000] time 0.024 (0.024) data 0.000 (0.000) loss 0.0397 lr 8.8325e-05 eta 0:31:29
[2025-11-20 10:04:03 diffposetalk_trainer.py line 101]=>INFO: iter [22250/100000] time 0.018 (0.018) data 0.000 (0.000) loss 0.0217 lr 8.8274e-05 eta 0:23:29
[2025-11-20 10:04:05 diffposetalk_trainer.py line 101]=>INFO: iter [22300/100000] time 0.041 (0.041) data 0.000 (0.000) loss 0.0451 lr 8.8224e-05 eta 0:53:11
[2025-11-20 10:04:07 diffposetalk_trainer.py line 101]=>INFO: iter [22350/100000] time 0.021 (0.021) data 0.000 (0.000) loss 0.0164 lr 8.8173e-05 eta 0:26:53
[2025-11-20 10:04:08 diffposetalk_trainer.py line 101]=>INFO: iter [22400/100000] time 0.018 (0.018) data 0.000 (0.000) loss 0.0110 lr 8.8122e-05 eta 0:22:43
[2025-11-20 10:04:10 diffposetalk_trainer.py line 101]=>INFO: iter [22450/100000] time 0.023 (0.023) data 0.000 (0.000) loss 0.0345 lr 8.8071e-05 eta 0:30:03
[2025-11-20 10:04:11 diffposetalk_trainer.py line 101]=>INFO: iter [22500/100000] time 0.019 (0.019) data 0.000 (0.000) loss 0.0405 lr 8.8020e-05 eta 0:24:24
[2025-11-20 10:04:13 diffposetalk_trainer.py line 101]=>INFO: iter [22550/100000] time 0.018 (0.018) data 0.000 (0.000) loss 0.0433 lr 8.7969e-05 eta 0:23:04
[2025-11-20 10:04:14 diffposetalk_trainer.py line 101]=>INFO: iter [22600/100000] time 0.017 (0.017) data 0.000 (0.000) loss 0.0622 lr 8.7918e-05 eta 0:22:27
[2025-11-20 10:04:15 diffposetalk_trainer.py line 101]=>INFO: iter [22650/100000] time 0.035 (0.035) data 0.000 (0.000) loss 0.1384 lr 8.7867e-05 eta 0:45:06
[2025-11-20 10:04:17 diffposetalk_trainer.py line 101]=>INFO: iter [22700/100000] time 0.023 (0.023) data 0.000 (0.000) loss 0.0266 lr 8.7816e-05 eta 0:29:58
[2025-11-20 10:04:19 diffposetalk_trainer.py line 101]=>INFO: iter [22750/100000] time 0.023 (0.023) data 0.000 (0.000) loss 0.0711 lr 8.7764e-05 eta 0:29:56
[2025-11-20 10:04:20 diffposetalk_trainer.py line 101]=>INFO: iter [22800/100000] time 0.026 (0.026) data 0.000 (0.000) loss 0.0338 lr 8.7713e-05 eta 0:33:33
[2025-11-20 10:04:22 diffposetalk_trainer.py line 101]=>INFO: iter [22850/100000] time 0.028 (0.028) data 0.000 (0.000) loss 0.0255 lr 8.7661e-05 eta 0:35:35
[2025-11-20 10:04:24 diffposetalk_trainer.py line 101]=>INFO: iter [22900/100000] time 0.021 (0.021) data 0.000 (0.000) loss 0.0771 lr 8.7609e-05 eta 0:26:57
[2025-11-20 10:04:26 diffposetalk_trainer.py line 101]=>INFO: iter [22950/100000] time 0.020 (0.020) data 0.000 (0.000) loss 0.0576 lr 8.7557e-05 eta 0:26:00
[2025-11-20 10:04:28 diffposetalk_trainer.py line 101]=>INFO: iter [23000/100000] time 0.026 (0.026) data 0.000 (0.000) loss 0.0260 lr 8.7506e-05 eta 0:33:35
[2025-11-20 10:04:29 diffposetalk_trainer.py line 101]=>INFO: iter [23050/100000] time 0.026 (0.026) data 0.000 (0.000) loss 0.0268 lr 8.7454e-05 eta 0:33:03
[2025-11-20 10:04:31 diffposetalk_trainer.py line 101]=>INFO: iter [23100/100000] time 0.019 (0.019) data 0.000 (0.000) loss 0.3573 lr 8.7401e-05 eta 0:24:32
[2025-11-20 10:04:33 diffposetalk_trainer.py line 101]=>INFO: iter [23150/100000] time 0.027 (0.027) data 0.000 (0.000) loss 0.0748 lr 8.7349e-05 eta 0:34:31
[2025-11-20 10:04:35 diffposetalk_trainer.py line 101]=>INFO: iter [23200/100000] time 0.044 (0.044) data 0.000 (0.000) loss 0.0258 lr 8.7297e-05 eta 0:56:54
[2025-11-20 10:04:37 diffposetalk_trainer.py line 101]=>INFO: iter [23250/100000] time 0.028 (0.028) data 0.000 (0.000) loss 0.0847 lr 8.7245e-05 eta 0:35:15
[2025-11-20 10:04:38 diffposetalk_trainer.py line 101]=>INFO: iter [23300/100000] time 0.018 (0.018) data 0.000 (0.000) loss 0.0862 lr 8.7192e-05 eta 0:23:16
[2025-11-20 10:04:40 diffposetalk_trainer.py line 101]=>INFO: iter [23350/100000] time 0.037 (0.037) data 0.000 (0.000) loss 0.0413 lr 8.7140e-05 eta 0:46:50
[2025-11-20 10:04:42 diffposetalk_trainer.py line 101]=>INFO: iter [23400/100000] time 0.034 (0.034) data 0.001 (0.001) loss 0.0224 lr 8.7087e-05 eta 0:43:02
[2025-11-20 10:04:44 diffposetalk_trainer.py line 101]=>INFO: iter [23450/100000] time 0.018 (0.018) data 0.000 (0.000) loss 0.1180 lr 8.7034e-05 eta 0:22:24
[2025-11-20 10:04:46 diffposetalk_trainer.py line 101]=>INFO: iter [23500/100000] time 0.043 (0.043) data 0.000 (0.000) loss 0.0610 lr 8.6982e-05 eta 0:55:17
[2025-11-20 10:04:48 diffposetalk_trainer.py line 101]=>INFO: iter [23550/100000] time 0.035 (0.035) data 0.000 (0.000) loss 0.0228 lr 8.6929e-05 eta 0:44:02
[2025-11-20 10:04:50 diffposetalk_trainer.py line 101]=>INFO: iter [23600/100000] time 0.027 (0.027) data 0.000 (0.000) loss 0.0748 lr 8.6876e-05 eta 0:34:14
[2025-11-20 10:04:51 diffposetalk_trainer.py line 101]=>INFO: iter [23650/100000] time 0.018 (0.018) data 0.000 (0.000) loss 0.1055 lr 8.6823e-05 eta 0:23:28
[2025-11-20 10:04:53 diffposetalk_trainer.py line 101]=>INFO: iter [23700/100000] time 0.031 (0.031) data 0.000 (0.000) loss 0.0688 lr 8.6769e-05 eta 0:39:27
[2025-11-20 10:04:55 diffposetalk_trainer.py line 101]=>INFO: iter [23750/100000] time 0.027 (0.027) data 0.000 (0.000) loss 0.0900 lr 8.6716e-05 eta 0:33:59
[2025-11-20 10:04:56 diffposetalk_trainer.py line 101]=>INFO: iter [23800/100000] time 0.025 (0.025) data 0.000 (0.000) loss 0.0058 lr 8.6663e-05 eta 0:31:37
[2025-11-20 10:04:58 diffposetalk_trainer.py line 101]=>INFO: iter [23850/100000] time 0.019 (0.019) data 0.000 (0.000) loss 0.0915 lr 8.6609e-05 eta 0:24:28
[2025-11-20 10:04:59 diffposetalk_trainer.py line 101]=>INFO: iter [23900/100000] time 0.015 (0.015) data 0.000 (0.000) loss 0.0649 lr 8.6556e-05 eta 0:19:12
[2025-11-20 10:05:01 diffposetalk_trainer.py line 101]=>INFO: iter [23950/100000] time 0.018 (0.018) data 0.000 (0.000) loss 0.0793 lr 8.6502e-05 eta 0:22:20
[2025-11-20 10:05:02 diffposetalk_trainer.py line 101]=>INFO: iter [24000/100000] time 0.019 (0.019) data 0.000 (0.000) loss 0.0598 lr 8.6448e-05 eta 0:24:15
[2025-11-20 10:05:02 diffposetalk_trainer.py line 144]=>INFO: Evaluate on the *val* set
[2025-11-20 10:05:07 diffposetalk_trainer.py line 157]=>INFO: iter: 50 loss_val: 0.5390375417470932 
[2025-11-20 10:05:12 diffposetalk_trainer.py line 157]=>INFO: iter: 100 loss_val: 0.5385486862063408 
[2025-11-20 10:05:17 diffposetalk_trainer.py line 157]=>INFO: iter: 150 loss_val: 0.5405522735913595 
[2025-11-20 10:05:22 diffposetalk_trainer.py line 157]=>INFO: iter: 200 loss_val: 0.541701173633337 
[2025-11-20 10:05:27 diffposetalk_trainer.py line 157]=>INFO: iter: 250 loss_val: 0.5421923770904541 
[2025-11-20 10:05:32 diffposetalk_trainer.py line 157]=>INFO: iter: 300 loss_val: 0.5436861984928449 
[2025-11-20 10:05:37 diffposetalk_trainer.py line 157]=>INFO: iter: 350 loss_val: 0.5424572258336203 
[2025-11-20 10:05:42 diffposetalk_trainer.py line 157]=>INFO: iter: 400 loss_val: 0.5426067356765271 
[2025-11-20 10:05:42 base_trainer.py line 675]=>INFO: Checkpoint saved to output/HDTF_TFHP/StyleEncoderTrainer/Train/model/model.pth.tar-iter-24000
[2025-11-20 10:05:44 diffposetalk_trainer.py line 101]=>INFO: iter [24050/100000] time 0.017 (0.017) data 0.000 (0.000) loss 0.0278 lr 8.6395e-05 eta 0:21:11
[2025-11-20 10:05:46 diffposetalk_trainer.py line 101]=>INFO: iter [24100/100000] time 0.037 (0.037) data 0.001 (0.001) loss 0.0239 lr 8.6341e-05 eta 0:47:11
[2025-11-20 10:05:48 diffposetalk_trainer.py line 101]=>INFO: iter [24150/100000] time 0.038 (0.038) data 0.000 (0.000) loss 0.0321 lr 8.6287e-05 eta 0:48:19
[2025-11-20 10:05:49 diffposetalk_trainer.py line 101]=>INFO: iter [24200/100000] time 0.020 (0.020) data 0.000 (0.000) loss 0.0262 lr 8.6233e-05 eta 0:25:49
[2025-11-20 10:05:51 diffposetalk_trainer.py line 101]=>INFO: iter [24250/100000] time 0.034 (0.034) data 0.010 (0.010) loss 0.0209 lr 8.6178e-05 eta 0:43:11
[2025-11-20 10:05:52 diffposetalk_trainer.py line 101]=>INFO: iter [24300/100000] time 0.019 (0.019) data 0.000 (0.000) loss 0.0735 lr 8.6124e-05 eta 0:24:01
[2025-11-20 10:05:54 diffposetalk_trainer.py line 101]=>INFO: iter [24350/100000] time 0.022 (0.022) data 0.000 (0.000) loss 0.1173 lr 8.6070e-05 eta 0:27:16
[2025-11-20 10:05:55 diffposetalk_trainer.py line 101]=>INFO: iter [24400/100000] time 0.039 (0.039) data 0.000 (0.000) loss 0.0419 lr 8.6015e-05 eta 0:49:07
[2025-11-20 10:05:58 diffposetalk_trainer.py line 101]=>INFO: iter [24450/100000] time 0.021 (0.021) data 0.000 (0.000) loss 0.0252 lr 8.5961e-05 eta 0:25:50
[2025-11-20 10:05:59 diffposetalk_trainer.py line 101]=>INFO: iter [24500/100000] time 0.014 (0.014) data 0.000 (0.000) loss 0.0083 lr 8.5906e-05 eta 0:17:50
[2025-11-20 10:06:00 diffposetalk_trainer.py line 101]=>INFO: iter [24550/100000] time 0.014 (0.014) data 0.000 (0.000) loss 0.0838 lr 8.5852e-05 eta 0:17:55
[2025-11-20 10:06:01 diffposetalk_trainer.py line 101]=>INFO: iter [24600/100000] time 0.041 (0.041) data 0.000 (0.000) loss 0.0900 lr 8.5797e-05 eta 0:51:11
[2025-11-20 10:06:03 diffposetalk_trainer.py line 101]=>INFO: iter [24650/100000] time 0.022 (0.022) data 0.000 (0.000) loss 0.0443 lr 8.5742e-05 eta 0:27:42
[2025-11-20 10:06:05 diffposetalk_trainer.py line 101]=>INFO: iter [24700/100000] time 0.027 (0.027) data 0.000 (0.000) loss 0.0401 lr 8.5687e-05 eta 0:33:30
[2025-11-20 10:06:07 diffposetalk_trainer.py line 101]=>INFO: iter [24750/100000] time 0.030 (0.030) data 0.000 (0.000) loss 0.0448 lr 8.5632e-05 eta 0:37:16
[2025-11-20 10:06:09 diffposetalk_trainer.py line 101]=>INFO: iter [24800/100000] time 0.034 (0.034) data 0.000 (0.000) loss 0.0349 lr 8.5577e-05 eta 0:42:14
[2025-11-20 10:06:11 diffposetalk_trainer.py line 101]=>INFO: iter [24850/100000] time 0.041 (0.041) data 0.000 (0.000) loss 0.0623 lr 8.5522e-05 eta 0:51:49
[2025-11-20 10:06:13 diffposetalk_trainer.py line 101]=>INFO: iter [24900/100000] time 0.023 (0.023) data 0.000 (0.000) loss 0.0600 lr 8.5466e-05 eta 0:28:20
[2025-11-20 10:06:15 diffposetalk_trainer.py line 101]=>INFO: iter [24950/100000] time 0.033 (0.033) data 0.000 (0.000) loss 0.0199 lr 8.5411e-05 eta 0:40:57
[2025-11-20 10:06:17 diffposetalk_trainer.py line 101]=>INFO: iter [25000/100000] time 0.038 (0.038) data 0.000 (0.000) loss 0.0519 lr 8.5355e-05 eta 0:47:52
[2025-11-20 10:06:19 diffposetalk_trainer.py line 101]=>INFO: iter [25050/100000] time 0.018 (0.018) data 0.000 (0.000) loss 0.0299 lr 8.5300e-05 eta 0:22:37
[2025-11-20 10:06:20 diffposetalk_trainer.py line 101]=>INFO: iter [25100/100000] time 0.029 (0.029) data 0.000 (0.000) loss 0.0965 lr 8.5244e-05 eta 0:36:31
[2025-11-20 10:06:22 diffposetalk_trainer.py line 101]=>INFO: iter [25150/100000] time 0.021 (0.021) data 0.000 (0.000) loss 0.0258 lr 8.5188e-05 eta 0:26:41
[2025-11-20 10:06:24 diffposetalk_trainer.py line 101]=>INFO: iter [25200/100000] time 0.019 (0.019) data 0.000 (0.000) loss 0.0050 lr 8.5132e-05 eta 0:24:04
[2025-11-20 10:06:26 diffposetalk_trainer.py line 101]=>INFO: iter [25250/100000] time 0.027 (0.027) data 0.000 (0.000) loss 0.0530 lr 8.5077e-05 eta 0:33:28
[2025-11-20 10:06:27 diffposetalk_trainer.py line 101]=>INFO: iter [25300/100000] time 0.018 (0.018) data 0.000 (0.000) loss 0.0686 lr 8.5021e-05 eta 0:22:46
[2025-11-20 10:06:29 diffposetalk_trainer.py line 101]=>INFO: iter [25350/100000] time 0.018 (0.018) data 0.000 (0.000) loss 0.0692 lr 8.4964e-05 eta 0:22:05
[2025-11-20 10:06:31 diffposetalk_trainer.py line 101]=>INFO: iter [25400/100000] time 0.029 (0.029) data 0.000 (0.000) loss 0.0551 lr 8.4908e-05 eta 0:36:21
[2025-11-20 10:06:33 diffposetalk_trainer.py line 101]=>INFO: iter [25450/100000] time 0.028 (0.028) data 0.000 (0.000) loss 0.0232 lr 8.4852e-05 eta 0:35:17
[2025-11-20 10:06:35 diffposetalk_trainer.py line 101]=>INFO: iter [25500/100000] time 0.043 (0.043) data 0.001 (0.001) loss 0.0862 lr 8.4796e-05 eta 0:53:27
[2025-11-20 10:06:37 diffposetalk_trainer.py line 101]=>INFO: iter [25550/100000] time 0.018 (0.018) data 0.000 (0.000) loss 0.0293 lr 8.4739e-05 eta 0:21:58
[2025-11-20 10:06:38 diffposetalk_trainer.py line 101]=>INFO: iter [25600/100000] time 0.023 (0.023) data 0.000 (0.000) loss 0.0384 lr 8.4683e-05 eta 0:28:29
[2025-11-20 10:06:40 diffposetalk_trainer.py line 101]=>INFO: iter [25650/100000] time 0.052 (0.052) data 0.001 (0.001) loss 0.0224 lr 8.4626e-05 eta 1:04:46
[2025-11-20 10:06:42 diffposetalk_trainer.py line 101]=>INFO: iter [25700/100000] time 0.018 (0.018) data 0.000 (0.000) loss 0.0670 lr 8.4569e-05 eta 0:21:56
[2025-11-20 10:06:43 diffposetalk_trainer.py line 101]=>INFO: iter [25750/100000] time 0.015 (0.015) data 0.000 (0.000) loss 0.0750 lr 8.4513e-05 eta 0:19:08
[2025-11-20 10:06:45 diffposetalk_trainer.py line 101]=>INFO: iter [25800/100000] time 0.031 (0.031) data 0.000 (0.000) loss 0.0848 lr 8.4456e-05 eta 0:38:33
[2025-11-20 10:06:47 diffposetalk_trainer.py line 101]=>INFO: iter [25850/100000] time 0.033 (0.033) data 0.000 (0.000) loss 0.1201 lr 8.4399e-05 eta 0:41:02
[2025-11-20 10:06:49 diffposetalk_trainer.py line 101]=>INFO: iter [25900/100000] time 0.019 (0.019) data 0.000 (0.000) loss 0.0057 lr 8.4342e-05 eta 0:23:04
[2025-11-20 10:06:50 diffposetalk_trainer.py line 101]=>INFO: iter [25950/100000] time 0.017 (0.017) data 0.000 (0.000) loss 0.0948 lr 8.4285e-05 eta 0:20:59
[2025-11-20 10:06:52 diffposetalk_trainer.py line 101]=>INFO: iter [26000/100000] time 0.021 (0.021) data 0.000 (0.000) loss 0.0223 lr 8.4227e-05 eta 0:25:21
[2025-11-20 10:06:52 diffposetalk_trainer.py line 144]=>INFO: Evaluate on the *val* set
[2025-11-20 10:06:57 diffposetalk_trainer.py line 157]=>INFO: iter: 50 loss_val: 0.5285505819320678 
[2025-11-20 10:07:03 diffposetalk_trainer.py line 157]=>INFO: iter: 100 loss_val: 0.5265186792612075 
[2025-11-20 10:07:08 diffposetalk_trainer.py line 157]=>INFO: iter: 150 loss_val: 0.5326855844259262 
[2025-11-20 10:07:14 diffposetalk_trainer.py line 157]=>INFO: iter: 200 loss_val: 0.5342547215521336 
[2025-11-20 10:07:20 diffposetalk_trainer.py line 157]=>INFO: iter: 250 loss_val: 0.5350058294534683 
[2025-11-20 10:07:25 diffposetalk_trainer.py line 157]=>INFO: iter: 300 loss_val: 0.536181954741478 
[2025-11-20 10:07:31 diffposetalk_trainer.py line 157]=>INFO: iter: 350 loss_val: 0.5372561083521161 
[2025-11-20 10:07:36 diffposetalk_trainer.py line 157]=>INFO: iter: 400 loss_val: 0.5381814807653427 
[2025-11-20 10:07:36 base_trainer.py line 675]=>INFO: Checkpoint saved to output/HDTF_TFHP/StyleEncoderTrainer/Train/model/model.pth.tar-iter-26000
[2025-11-20 10:07:38 diffposetalk_trainer.py line 101]=>INFO: iter [26050/100000] time 0.021 (0.021) data 0.000 (0.000) loss 0.0244 lr 8.4170e-05 eta 0:25:49
[2025-11-20 10:07:40 diffposetalk_trainer.py line 101]=>INFO: iter [26100/100000] time 0.019 (0.019) data 0.000 (0.000) loss 0.0400 lr 8.4113e-05 eta 0:23:57
[2025-11-20 10:07:41 diffposetalk_trainer.py line 101]=>INFO: iter [26150/100000] time 0.017 (0.017) data 0.000 (0.000) loss 0.0470 lr 8.4055e-05 eta 0:20:33
[2025-11-20 10:07:43 diffposetalk_trainer.py line 101]=>INFO: iter [26200/100000] time 0.042 (0.042) data 0.001 (0.001) loss 0.1072 lr 8.3998e-05 eta 0:51:56
[2025-11-20 10:07:44 diffposetalk_trainer.py line 101]=>INFO: iter [26250/100000] time 0.036 (0.036) data 0.000 (0.000) loss 0.0251 lr 8.3940e-05 eta 0:44:27
[2025-11-20 10:07:46 diffposetalk_trainer.py line 101]=>INFO: iter [26300/100000] time 0.028 (0.028) data 0.000 (0.000) loss 0.1075 lr 8.3882e-05 eta 0:33:48
[2025-11-20 10:07:49 diffposetalk_trainer.py line 101]=>INFO: iter [26350/100000] time 0.040 (0.040) data 0.000 (0.000) loss 0.0789 lr 8.3825e-05 eta 0:48:47
[2025-11-20 10:07:50 diffposetalk_trainer.py line 101]=>INFO: iter [26400/100000] time 0.020 (0.020) data 0.000 (0.000) loss 0.0718 lr 8.3767e-05 eta 0:24:24
[2025-11-20 10:07:52 diffposetalk_trainer.py line 101]=>INFO: iter [26450/100000] time 0.028 (0.028) data 0.000 (0.000) loss 0.0328 lr 8.3709e-05 eta 0:34:47
[2025-11-20 10:07:54 diffposetalk_trainer.py line 101]=>INFO: iter [26500/100000] time 0.025 (0.025) data 0.000 (0.000) loss 0.0801 lr 8.3651e-05 eta 0:30:52
[2025-11-20 10:07:56 diffposetalk_trainer.py line 101]=>INFO: iter [26550/100000] time 0.032 (0.032) data 0.000 (0.000) loss 0.0413 lr 8.3592e-05 eta 0:39:10
[2025-11-20 10:07:58 diffposetalk_trainer.py line 101]=>INFO: iter [26600/100000] time 0.019 (0.019) data 0.000 (0.000) loss 0.0130 lr 8.3534e-05 eta 0:23:28
[2025-11-20 10:08:00 diffposetalk_trainer.py line 101]=>INFO: iter [26650/100000] time 0.024 (0.024) data 0.000 (0.000) loss 0.0812 lr 8.3476e-05 eta 0:29:03
[2025-11-20 10:08:01 diffposetalk_trainer.py line 101]=>INFO: iter [26700/100000] time 0.017 (0.017) data 0.000 (0.000) loss 0.0307 lr 8.3418e-05 eta 0:21:20
[2025-11-20 10:08:02 diffposetalk_trainer.py line 101]=>INFO: iter [26750/100000] time 0.017 (0.017) data 0.000 (0.000) loss 0.0386 lr 8.3359e-05 eta 0:20:28
[2025-11-20 10:08:05 diffposetalk_trainer.py line 101]=>INFO: iter [26800/100000] time 0.029 (0.029) data 0.000 (0.000) loss 0.0251 lr 8.3301e-05 eta 0:34:59
[2025-11-20 10:08:06 diffposetalk_trainer.py line 101]=>INFO: iter [26850/100000] time 0.024 (0.024) data 0.000 (0.000) loss 0.0199 lr 8.3242e-05 eta 0:29:12
[2025-11-20 10:08:08 diffposetalk_trainer.py line 101]=>INFO: iter [26900/100000] time 0.030 (0.030) data 0.000 (0.000) loss 0.0335 lr 8.3183e-05 eta 0:36:07
[2025-11-20 10:08:09 diffposetalk_trainer.py line 101]=>INFO: iter [26950/100000] time 0.023 (0.023) data 0.000 (0.000) loss 0.0734 lr 8.3124e-05 eta 0:27:35
[2025-11-20 10:08:11 diffposetalk_trainer.py line 101]=>INFO: iter [27000/100000] time 0.020 (0.020) data 0.000 (0.000) loss 0.1101 lr 8.3066e-05 eta 0:24:31
[2025-11-20 10:08:12 diffposetalk_trainer.py line 101]=>INFO: iter [27050/100000] time 0.021 (0.021) data 0.000 (0.000) loss 0.0619 lr 8.3007e-05 eta 0:25:17
[2025-11-20 10:08:14 diffposetalk_trainer.py line 101]=>INFO: iter [27100/100000] time 0.022 (0.022) data 0.000 (0.000) loss 0.0407 lr 8.2948e-05 eta 0:26:48
[2025-11-20 10:08:16 diffposetalk_trainer.py line 101]=>INFO: iter [27150/100000] time 0.024 (0.024) data 0.000 (0.000) loss 0.1209 lr 8.2888e-05 eta 0:29:09
[2025-11-20 10:08:18 diffposetalk_trainer.py line 101]=>INFO: iter [27200/100000] time 0.021 (0.021) data 0.000 (0.000) loss 0.0281 lr 8.2829e-05 eta 0:25:29
[2025-11-20 10:08:19 diffposetalk_trainer.py line 101]=>INFO: iter [27250/100000] time 0.025 (0.025) data 0.000 (0.000) loss 0.0235 lr 8.2770e-05 eta 0:29:49
[2025-11-20 10:08:21 diffposetalk_trainer.py line 101]=>INFO: iter [27300/100000] time 0.022 (0.022) data 0.000 (0.000) loss 0.0075 lr 8.2711e-05 eta 0:26:41
[2025-11-20 10:08:23 diffposetalk_trainer.py line 101]=>INFO: iter [27350/100000] time 0.016 (0.016) data 0.000 (0.000) loss 0.0240 lr 8.2651e-05 eta 0:19:54
[2025-11-20 10:08:24 diffposetalk_trainer.py line 101]=>INFO: iter [27400/100000] time 0.020 (0.020) data 0.000 (0.000) loss 0.0199 lr 8.2592e-05 eta 0:23:54
[2025-11-20 10:08:26 diffposetalk_trainer.py line 101]=>INFO: iter [27450/100000] time 0.018 (0.018) data 0.000 (0.000) loss 0.0874 lr 8.2532e-05 eta 0:22:06
[2025-11-20 10:08:28 diffposetalk_trainer.py line 101]=>INFO: iter [27500/100000] time 0.022 (0.022) data 0.000 (0.000) loss 0.0552 lr 8.2472e-05 eta 0:26:46
[2025-11-20 10:08:29 diffposetalk_trainer.py line 101]=>INFO: iter [27550/100000] time 0.014 (0.014) data 0.000 (0.000) loss 0.1129 lr 8.2413e-05 eta 0:17:30
[2025-11-20 10:08:30 diffposetalk_trainer.py line 101]=>INFO: iter [27600/100000] time 0.032 (0.032) data 0.001 (0.001) loss 0.0243 lr 8.2353e-05 eta 0:38:05
[2025-11-20 10:08:32 diffposetalk_trainer.py line 101]=>INFO: iter [27650/100000] time 0.022 (0.022) data 0.000 (0.000) loss 0.0829 lr 8.2293e-05 eta 0:27:00
[2025-11-20 10:08:33 diffposetalk_trainer.py line 101]=>INFO: iter [27700/100000] time 0.019 (0.019) data 0.000 (0.000) loss 0.0318 lr 8.2233e-05 eta 0:22:41
[2025-11-20 10:08:36 diffposetalk_trainer.py line 101]=>INFO: iter [27750/100000] time 0.042 (0.042) data 0.000 (0.000) loss 0.0314 lr 8.2173e-05 eta 0:50:06
[2025-11-20 10:08:38 diffposetalk_trainer.py line 101]=>INFO: iter [27800/100000] time 0.020 (0.020) data 0.000 (0.000) loss 0.0826 lr 8.2113e-05 eta 0:23:39
[2025-11-20 10:08:39 diffposetalk_trainer.py line 101]=>INFO: iter [27850/100000] time 0.019 (0.019) data 0.000 (0.000) loss 0.0281 lr 8.2052e-05 eta 0:23:18
[2025-11-20 10:08:41 diffposetalk_trainer.py line 101]=>INFO: iter [27900/100000] time 0.017 (0.017) data 0.000 (0.000) loss 0.0434 lr 8.1992e-05 eta 0:20:54
[2025-11-20 10:08:42 diffposetalk_trainer.py line 101]=>INFO: iter [27950/100000] time 0.018 (0.018) data 0.000 (0.000) loss 0.0840 lr 8.1932e-05 eta 0:21:36
[2025-11-20 10:08:44 diffposetalk_trainer.py line 101]=>INFO: iter [28000/100000] time 0.027 (0.027) data 0.000 (0.000) loss 0.0069 lr 8.1871e-05 eta 0:32:58
[2025-11-20 10:08:44 diffposetalk_trainer.py line 144]=>INFO: Evaluate on the *val* set
[2025-11-20 10:08:49 diffposetalk_trainer.py line 157]=>INFO: iter: 50 loss_val: 0.5578462749719619 
[2025-11-20 10:08:53 diffposetalk_trainer.py line 157]=>INFO: iter: 100 loss_val: 0.5512152397632599 
[2025-11-20 10:08:58 diffposetalk_trainer.py line 157]=>INFO: iter: 150 loss_val: 0.5477728779117267 
[2025-11-20 10:09:03 diffposetalk_trainer.py line 157]=>INFO: iter: 200 loss_val: 0.5481464421004056 
[2025-11-20 10:09:08 diffposetalk_trainer.py line 157]=>INFO: iter: 250 loss_val: 0.5476408706307411 
[2025-11-20 10:09:12 diffposetalk_trainer.py line 157]=>INFO: iter: 300 loss_val: 0.5473324534793694 
[2025-11-20 10:09:17 diffposetalk_trainer.py line 157]=>INFO: iter: 350 loss_val: 0.5483577708261353 
[2025-11-20 10:09:21 diffposetalk_trainer.py line 157]=>INFO: iter: 400 loss_val: 0.5485982352867722 
[2025-11-20 10:09:21 base_trainer.py line 675]=>INFO: Checkpoint saved to output/HDTF_TFHP/StyleEncoderTrainer/Train/model/model.pth.tar-iter-28000
[2025-11-20 10:09:22 diffposetalk_trainer.py line 101]=>INFO: iter [28050/100000] time 0.015 (0.015) data 0.000 (0.000) loss 0.0245 lr 8.1811e-05 eta 0:17:57
[2025-11-20 10:09:24 diffposetalk_trainer.py line 101]=>INFO: iter [28100/100000] time 0.020 (0.020) data 0.000 (0.000) loss 0.1295 lr 8.1750e-05 eta 0:24:06
[2025-11-20 10:09:25 diffposetalk_trainer.py line 101]=>INFO: iter [28150/100000] time 0.034 (0.034) data 0.000 (0.000) loss 0.0499 lr 8.1689e-05 eta 0:40:56
[2025-11-20 10:09:27 diffposetalk_trainer.py line 101]=>INFO: iter [28200/100000] time 0.020 (0.020) data 0.000 (0.000) loss 0.0385 lr 8.1629e-05 eta 0:24:23
[2025-11-20 10:09:28 diffposetalk_trainer.py line 101]=>INFO: iter [28250/100000] time 0.027 (0.027) data 0.000 (0.000) loss 0.0204 lr 8.1568e-05 eta 0:31:43
[2025-11-20 10:09:30 diffposetalk_trainer.py line 101]=>INFO: iter [28300/100000] time 0.028 (0.028) data 0.000 (0.000) loss 0.0864 lr 8.1507e-05 eta 0:33:22
[2025-11-20 10:09:32 diffposetalk_trainer.py line 101]=>INFO: iter [28350/100000] time 0.019 (0.019) data 0.000 (0.000) loss 0.1288 lr 8.1446e-05 eta 0:22:33
[2025-11-20 10:09:33 diffposetalk_trainer.py line 101]=>INFO: iter [28400/100000] time 0.020 (0.020) data 0.000 (0.000) loss 0.0648 lr 8.1385e-05 eta 0:23:35
[2025-11-20 10:09:35 diffposetalk_trainer.py line 101]=>INFO: iter [28450/100000] time 0.037 (0.037) data 0.000 (0.000) loss 0.0206 lr 8.1323e-05 eta 0:43:49
[2025-11-20 10:09:37 diffposetalk_trainer.py line 101]=>INFO: iter [28500/100000] time 0.025 (0.025) data 0.000 (0.000) loss 0.0317 lr 8.1262e-05 eta 0:29:30
[2025-11-20 10:09:38 diffposetalk_trainer.py line 101]=>INFO: iter [28550/100000] time 0.017 (0.017) data 0.000 (0.000) loss 0.0693 lr 8.1201e-05 eta 0:20:33
[2025-11-20 10:09:40 diffposetalk_trainer.py line 101]=>INFO: iter [28600/100000] time 0.025 (0.025) data 0.000 (0.000) loss 0.0339 lr 8.1139e-05 eta 0:30:03
[2025-11-20 10:09:42 diffposetalk_trainer.py line 101]=>INFO: iter [28650/100000] time 0.024 (0.024) data 0.000 (0.000) loss 0.0280 lr 8.1078e-05 eta 0:28:01
[2025-11-20 10:09:43 diffposetalk_trainer.py line 101]=>INFO: iter [28700/100000] time 0.024 (0.024) data 0.000 (0.000) loss 0.0115 lr 8.1016e-05 eta 0:28:52
[2025-11-20 10:09:45 diffposetalk_trainer.py line 101]=>INFO: iter [28750/100000] time 0.045 (0.045) data 0.000 (0.000) loss 0.0271 lr 8.0955e-05 eta 0:53:10
[2025-11-20 10:09:46 diffposetalk_trainer.py line 101]=>INFO: iter [28800/100000] time 0.023 (0.023) data 0.000 (0.000) loss 0.0237 lr 8.0893e-05 eta 0:27:00
[2025-11-20 10:09:48 diffposetalk_trainer.py line 101]=>INFO: iter [28850/100000] time 0.024 (0.024) data 0.000 (0.000) loss 0.0366 lr 8.0831e-05 eta 0:28:02
[2025-11-20 10:09:50 diffposetalk_trainer.py line 101]=>INFO: iter [28900/100000] time 0.038 (0.038) data 0.000 (0.000) loss 0.0235 lr 8.0769e-05 eta 0:45:25
[2025-11-20 10:09:51 diffposetalk_trainer.py line 101]=>INFO: iter [28950/100000] time 0.020 (0.020) data 0.000 (0.000) loss 0.0267 lr 8.0707e-05 eta 0:23:17
[2025-11-20 10:09:53 diffposetalk_trainer.py line 101]=>INFO: iter [29000/100000] time 0.021 (0.021) data 0.000 (0.000) loss 0.0305 lr 8.0645e-05 eta 0:24:45
[2025-11-20 10:09:54 diffposetalk_trainer.py line 101]=>INFO: iter [29050/100000] time 0.039 (0.039) data 0.000 (0.000) loss 0.1416 lr 8.0583e-05 eta 0:46:35
[2025-11-20 10:09:56 diffposetalk_trainer.py line 101]=>INFO: iter [29100/100000] time 0.029 (0.029) data 0.000 (0.000) loss 0.0287 lr 8.0521e-05 eta 0:33:49
[2025-11-20 10:09:58 diffposetalk_trainer.py line 101]=>INFO: iter [29150/100000] time 0.027 (0.027) data 0.002 (0.002) loss 0.0909 lr 8.0459e-05 eta 0:31:33
[2025-11-20 10:10:00 diffposetalk_trainer.py line 101]=>INFO: iter [29200/100000] time 0.024 (0.024) data 0.000 (0.000) loss 0.0255 lr 8.0397e-05 eta 0:28:03
[2025-11-20 10:10:02 diffposetalk_trainer.py line 101]=>INFO: iter [29250/100000] time 0.031 (0.031) data 0.000 (0.000) loss 0.0248 lr 8.0334e-05 eta 0:36:31
[2025-11-20 10:10:03 diffposetalk_trainer.py line 101]=>INFO: iter [29300/100000] time 0.024 (0.024) data 0.000 (0.000) loss 0.0235 lr 8.0272e-05 eta 0:27:55
[2025-11-20 10:10:05 diffposetalk_trainer.py line 101]=>INFO: iter [29350/100000] time 0.043 (0.043) data 0.000 (0.000) loss 0.0286 lr 8.0209e-05 eta 0:50:38
[2025-11-20 10:10:07 diffposetalk_trainer.py line 101]=>INFO: iter [29400/100000] time 0.027 (0.027) data 0.000 (0.000) loss 0.0061 lr 8.0146e-05 eta 0:31:38
[2025-11-20 10:10:09 diffposetalk_trainer.py line 101]=>INFO: iter [29450/100000] time 0.032 (0.032) data 0.000 (0.000) loss 0.0883 lr 8.0084e-05 eta 0:37:49
[2025-11-20 10:10:11 diffposetalk_trainer.py line 101]=>INFO: iter [29500/100000] time 0.023 (0.023) data 0.000 (0.000) loss 0.0931 lr 8.0021e-05 eta 0:27:01
[2025-11-20 10:10:12 diffposetalk_trainer.py line 101]=>INFO: iter [29550/100000] time 0.032 (0.032) data 0.000 (0.000) loss 0.0277 lr 7.9958e-05 eta 0:38:07
[2025-11-20 10:10:14 diffposetalk_trainer.py line 101]=>INFO: iter [29600/100000] time 0.028 (0.028) data 0.000 (0.000) loss 0.0242 lr 7.9895e-05 eta 0:33:12
[2025-11-20 10:10:16 diffposetalk_trainer.py line 101]=>INFO: iter [29650/100000] time 0.019 (0.019) data 0.000 (0.000) loss 0.0309 lr 7.9832e-05 eta 0:22:48
[2025-11-20 10:10:17 diffposetalk_trainer.py line 101]=>INFO: iter [29700/100000] time 0.027 (0.027) data 0.000 (0.000) loss 0.0317 lr 7.9769e-05 eta 0:31:31
[2025-11-20 10:10:19 diffposetalk_trainer.py line 101]=>INFO: iter [29750/100000] time 0.023 (0.023) data 0.000 (0.000) loss 0.0414 lr 7.9706e-05 eta 0:26:48
[2025-11-20 10:10:21 diffposetalk_trainer.py line 101]=>INFO: iter [29800/100000] time 0.020 (0.020) data 0.000 (0.000) loss 0.0732 lr 7.9643e-05 eta 0:23:20
[2025-11-20 10:10:23 diffposetalk_trainer.py line 101]=>INFO: iter [29850/100000] time 0.023 (0.023) data 0.000 (0.000) loss 0.0225 lr 7.9580e-05 eta 0:26:51
[2025-11-20 10:10:25 diffposetalk_trainer.py line 101]=>INFO: iter [29900/100000] time 0.025 (0.025) data 0.000 (0.000) loss 0.0970 lr 7.9516e-05 eta 0:29:33
[2025-11-20 10:10:27 diffposetalk_trainer.py line 101]=>INFO: iter [29950/100000] time 0.025 (0.025) data 0.000 (0.000) loss 0.0655 lr 7.9453e-05 eta 0:29:11
[2025-11-20 10:10:29 diffposetalk_trainer.py line 101]=>INFO: iter [30000/100000] time 0.023 (0.023) data 0.000 (0.000) loss 0.0909 lr 7.9389e-05 eta 0:27:22
[2025-11-20 10:10:29 diffposetalk_trainer.py line 144]=>INFO: Evaluate on the *val* set
[2025-11-20 10:10:33 diffposetalk_trainer.py line 157]=>INFO: iter: 50 loss_val: 0.5422584491968155 
[2025-11-20 10:10:39 diffposetalk_trainer.py line 157]=>INFO: iter: 100 loss_val: 0.543552519083023 
[2025-11-20 10:10:44 diffposetalk_trainer.py line 157]=>INFO: iter: 150 loss_val: 0.5497690232594808 
[2025-11-20 10:10:49 diffposetalk_trainer.py line 157]=>INFO: iter: 200 loss_val: 0.5494549061357975 
[2025-11-20 10:10:53 diffposetalk_trainer.py line 157]=>INFO: iter: 250 loss_val: 0.5460738272666931 
[2025-11-20 10:10:58 diffposetalk_trainer.py line 157]=>INFO: iter: 300 loss_val: 0.5470215447743734 
[2025-11-20 10:11:02 diffposetalk_trainer.py line 157]=>INFO: iter: 350 loss_val: 0.5483416625431605 
[2025-11-20 10:11:07 diffposetalk_trainer.py line 157]=>INFO: iter: 400 loss_val: 0.5487437656521797 
[2025-11-20 10:11:07 base_trainer.py line 675]=>INFO: Checkpoint saved to output/HDTF_TFHP/StyleEncoderTrainer/Train/model/model.pth.tar-iter-30000
[2025-11-20 10:11:08 diffposetalk_trainer.py line 101]=>INFO: iter [30050/100000] time 0.018 (0.018) data 0.000 (0.000) loss 0.0234 lr 7.9326e-05 eta 0:20:42
[2025-11-20 10:11:09 diffposetalk_trainer.py line 101]=>INFO: iter [30100/100000] time 0.016 (0.016) data 0.000 (0.000) loss 0.0171 lr 7.9262e-05 eta 0:19:10
[2025-11-20 10:11:11 diffposetalk_trainer.py line 101]=>INFO: iter [30150/100000] time 0.017 (0.017) data 0.000 (0.000) loss 0.0550 lr 7.9198e-05 eta 0:19:39
[2025-11-20 10:11:12 diffposetalk_trainer.py line 101]=>INFO: iter [30200/100000] time 0.016 (0.016) data 0.000 (0.000) loss 0.0197 lr 7.9135e-05 eta 0:18:25
[2025-11-20 10:11:13 diffposetalk_trainer.py line 101]=>INFO: iter [30250/100000] time 0.021 (0.021) data 0.000 (0.000) loss 0.0780 lr 7.9071e-05 eta 0:24:01
[2025-11-20 10:11:15 diffposetalk_trainer.py line 101]=>INFO: iter [30300/100000] time 0.016 (0.016) data 0.000 (0.000) loss 0.0516 lr 7.9007e-05 eta 0:18:24
[2025-11-20 10:11:16 diffposetalk_trainer.py line 101]=>INFO: iter [30350/100000] time 0.014 (0.014) data 0.000 (0.000) loss 0.0197 lr 7.8943e-05 eta 0:16:22
[2025-11-20 10:11:17 diffposetalk_trainer.py line 101]=>INFO: iter [30400/100000] time 0.015 (0.015) data 0.000 (0.000) loss 0.1027 lr 7.8879e-05 eta 0:17:25
[2025-11-20 10:11:18 diffposetalk_trainer.py line 101]=>INFO: iter [30450/100000] time 0.024 (0.024) data 0.000 (0.000) loss 0.0202 lr 7.8814e-05 eta 0:27:42
[2025-11-20 10:11:20 diffposetalk_trainer.py line 101]=>INFO: iter [30500/100000] time 0.017 (0.017) data 0.000 (0.000) loss 0.0638 lr 7.8750e-05 eta 0:19:38
[2025-11-20 10:11:21 diffposetalk_trainer.py line 101]=>INFO: iter [30550/100000] time 0.020 (0.020) data 0.000 (0.000) loss 0.0247 lr 7.8686e-05 eta 0:22:58
[2025-11-20 10:11:22 diffposetalk_trainer.py line 101]=>INFO: iter [30600/100000] time 0.014 (0.014) data 0.000 (0.000) loss 0.0387 lr 7.8622e-05 eta 0:16:29
[2025-11-20 10:11:24 diffposetalk_trainer.py line 101]=>INFO: iter [30650/100000] time 0.015 (0.015) data 0.000 (0.000) loss 0.0257 lr 7.8557e-05 eta 0:17:54
[2025-11-20 10:11:25 diffposetalk_trainer.py line 101]=>INFO: iter [30700/100000] time 0.023 (0.023) data 0.000 (0.000) loss 0.0853 lr 7.8493e-05 eta 0:25:59
[2025-11-20 10:11:26 diffposetalk_trainer.py line 101]=>INFO: iter [30750/100000] time 0.019 (0.019) data 0.000 (0.000) loss 0.0286 lr 7.8428e-05 eta 0:21:41
[2025-11-20 10:11:28 diffposetalk_trainer.py line 101]=>INFO: iter [30800/100000] time 0.022 (0.022) data 0.000 (0.000) loss 0.0042 lr 7.8363e-05 eta 0:25:29
[2025-11-20 10:11:29 diffposetalk_trainer.py line 101]=>INFO: iter [30850/100000] time 0.014 (0.014) data 0.000 (0.000) loss 0.0688 lr 7.8299e-05 eta 0:16:21
[2025-11-20 10:11:30 diffposetalk_trainer.py line 101]=>INFO: iter [30900/100000] time 0.023 (0.023) data 0.000 (0.000) loss 0.0318 lr 7.8234e-05 eta 0:25:56
[2025-11-20 10:11:32 diffposetalk_trainer.py line 101]=>INFO: iter [30950/100000] time 0.018 (0.018) data 0.000 (0.000) loss 0.0497 lr 7.8169e-05 eta 0:20:49
[2025-11-20 10:11:33 diffposetalk_trainer.py line 101]=>INFO: iter [31000/100000] time 0.015 (0.015) data 0.000 (0.000) loss 0.0519 lr 7.8104e-05 eta 0:16:55
[2025-11-20 10:11:34 diffposetalk_trainer.py line 101]=>INFO: iter [31050/100000] time 0.015 (0.015) data 0.000 (0.000) loss 0.0534 lr 7.8039e-05 eta 0:17:20
[2025-11-20 10:11:35 diffposetalk_trainer.py line 101]=>INFO: iter [31100/100000] time 0.016 (0.016) data 0.000 (0.000) loss 0.0231 lr 7.7974e-05 eta 0:18:25
[2025-11-20 10:11:36 diffposetalk_trainer.py line 101]=>INFO: iter [31150/100000] time 0.016 (0.016) data 0.000 (0.000) loss 0.0268 lr 7.7909e-05 eta 0:18:37
[2025-11-20 10:11:38 diffposetalk_trainer.py line 101]=>INFO: iter [31200/100000] time 0.019 (0.019) data 0.000 (0.000) loss 0.0232 lr 7.7844e-05 eta 0:21:16
[2025-11-20 10:11:39 diffposetalk_trainer.py line 101]=>INFO: iter [31250/100000] time 0.019 (0.019) data 0.000 (0.000) loss 0.0495 lr 7.7779e-05 eta 0:21:35
[2025-11-20 10:11:40 diffposetalk_trainer.py line 101]=>INFO: iter [31300/100000] time 0.014 (0.014) data 0.000 (0.000) loss 0.0411 lr 7.7713e-05 eta 0:16:11
[2025-11-20 10:11:42 diffposetalk_trainer.py line 101]=>INFO: iter [31350/100000] time 0.019 (0.019) data 0.000 (0.000) loss 0.0290 lr 7.7648e-05 eta 0:22:03
[2025-11-20 10:11:43 diffposetalk_trainer.py line 101]=>INFO: iter [31400/100000] time 0.021 (0.021) data 0.000 (0.000) loss 0.0391 lr 7.7582e-05 eta 0:23:35
[2025-11-20 10:11:45 diffposetalk_trainer.py line 101]=>INFO: iter [31450/100000] time 0.026 (0.026) data 0.000 (0.000) loss 0.1442 lr 7.7517e-05 eta 0:30:15
[2025-11-20 10:11:46 diffposetalk_trainer.py line 101]=>INFO: iter [31500/100000] time 0.023 (0.023) data 0.000 (0.000) loss 0.0094 lr 7.7451e-05 eta 0:26:23
[2025-11-20 10:11:48 diffposetalk_trainer.py line 101]=>INFO: iter [31550/100000] time 0.030 (0.030) data 0.000 (0.000) loss 0.0271 lr 7.7385e-05 eta 0:34:30
[2025-11-20 10:11:50 diffposetalk_trainer.py line 101]=>INFO: iter [31600/100000] time 0.015 (0.015) data 0.000 (0.000) loss 0.0257 lr 7.7320e-05 eta 0:17:05
[2025-11-20 10:11:51 diffposetalk_trainer.py line 101]=>INFO: iter [31650/100000] time 0.023 (0.023) data 0.000 (0.000) loss 0.0788 lr 7.7254e-05 eta 0:25:56
[2025-11-20 10:11:53 diffposetalk_trainer.py line 101]=>INFO: iter [31700/100000] time 0.030 (0.030) data 0.000 (0.000) loss 0.0814 lr 7.7188e-05 eta 0:34:30
[2025-11-20 10:11:55 diffposetalk_trainer.py line 101]=>INFO: iter [31750/100000] time 0.032 (0.032) data 0.000 (0.000) loss 0.0209 lr 7.7122e-05 eta 0:35:50
[2025-11-20 10:11:57 diffposetalk_trainer.py line 101]=>INFO: iter [31800/100000] time 0.024 (0.024) data 0.000 (0.000) loss 0.0312 lr 7.7056e-05 eta 0:26:48
[2025-11-20 10:11:58 diffposetalk_trainer.py line 101]=>INFO: iter [31850/100000] time 0.022 (0.022) data 0.000 (0.000) loss 0.0574 lr 7.6990e-05 eta 0:24:44
[2025-11-20 10:12:00 diffposetalk_trainer.py line 101]=>INFO: iter [31900/100000] time 0.018 (0.018) data 0.000 (0.000) loss 0.0220 lr 7.6924e-05 eta 0:20:28
[2025-11-20 10:12:02 diffposetalk_trainer.py line 101]=>INFO: iter [31950/100000] time 0.023 (0.023) data 0.000 (0.000) loss 0.0294 lr 7.6858e-05 eta 0:25:52
[2025-11-20 10:12:03 diffposetalk_trainer.py line 101]=>INFO: iter [32000/100000] time 0.018 (0.018) data 0.000 (0.000) loss 0.0282 lr 7.6791e-05 eta 0:20:45
[2025-11-20 10:12:03 diffposetalk_trainer.py line 144]=>INFO: Evaluate on the *val* set
[2025-11-20 10:12:08 diffposetalk_trainer.py line 157]=>INFO: iter: 50 loss_val: 0.5467156797647477 
[2025-11-20 10:12:13 diffposetalk_trainer.py line 157]=>INFO: iter: 100 loss_val: 0.5441665136814118 
[2025-11-20 10:12:18 diffposetalk_trainer.py line 157]=>INFO: iter: 150 loss_val: 0.5461476057767868 
[2025-11-20 10:12:22 diffposetalk_trainer.py line 157]=>INFO: iter: 200 loss_val: 0.5460562433302403 
[2025-11-20 10:12:27 diffposetalk_trainer.py line 157]=>INFO: iter: 250 loss_val: 0.5450102350711823 
[2025-11-20 10:12:32 diffposetalk_trainer.py line 157]=>INFO: iter: 300 loss_val: 0.5450991689165433 
[2025-11-20 10:12:38 diffposetalk_trainer.py line 157]=>INFO: iter: 350 loss_val: 0.5438121441432407 
[2025-11-20 10:12:43 diffposetalk_trainer.py line 157]=>INFO: iter: 400 loss_val: 0.5447559946030378 
[2025-11-20 10:12:43 base_trainer.py line 675]=>INFO: Checkpoint saved to output/HDTF_TFHP/StyleEncoderTrainer/Train/model/model.pth.tar-iter-32000
[2025-11-20 10:12:45 diffposetalk_trainer.py line 101]=>INFO: iter [32050/100000] time 0.031 (0.031) data 0.000 (0.000) loss 0.0243 lr 7.6725e-05 eta 0:35:33
[2025-11-20 10:12:47 diffposetalk_trainer.py line 101]=>INFO: iter [32100/100000] time 0.040 (0.040) data 0.000 (0.000) loss 0.0466 lr 7.6659e-05 eta 0:45:04
[2025-11-20 10:12:49 diffposetalk_trainer.py line 101]=>INFO: iter [32150/100000] time 0.034 (0.034) data 0.000 (0.000) loss 0.0207 lr 7.6592e-05 eta 0:38:02
[2025-11-20 10:12:50 diffposetalk_trainer.py line 101]=>INFO: iter [32200/100000] time 0.027 (0.027) data 0.000 (0.000) loss 0.0309 lr 7.6526e-05 eta 0:30:25
[2025-11-20 10:12:52 diffposetalk_trainer.py line 101]=>INFO: iter [32250/100000] time 0.019 (0.019) data 0.000 (0.000) loss 0.0280 lr 7.6459e-05 eta 0:21:56
[2025-11-20 10:12:53 diffposetalk_trainer.py line 101]=>INFO: iter [32300/100000] time 0.023 (0.023) data 0.000 (0.000) loss 0.0366 lr 7.6392e-05 eta 0:25:45
[2025-11-20 10:12:55 diffposetalk_trainer.py line 101]=>INFO: iter [32350/100000] time 0.020 (0.020) data 0.000 (0.000) loss 0.0274 lr 7.6326e-05 eta 0:23:01
[2025-11-20 10:12:57 diffposetalk_trainer.py line 101]=>INFO: iter [32400/100000] time 0.032 (0.032) data 0.000 (0.000) loss 0.0506 lr 7.6259e-05 eta 0:35:49
[2025-11-20 10:12:58 diffposetalk_trainer.py line 101]=>INFO: iter [32450/100000] time 0.014 (0.014) data 0.000 (0.000) loss 0.0706 lr 7.6192e-05 eta 0:15:54
[2025-11-20 10:12:59 diffposetalk_trainer.py line 101]=>INFO: iter [32500/100000] time 0.017 (0.017) data 0.000 (0.000) loss 0.0591 lr 7.6125e-05 eta 0:19:24
[2025-11-20 10:13:01 diffposetalk_trainer.py line 101]=>INFO: iter [32550/100000] time 0.023 (0.023) data 0.000 (0.000) loss 0.0651 lr 7.6058e-05 eta 0:26:13
[2025-11-20 10:13:02 diffposetalk_trainer.py line 101]=>INFO: iter [32600/100000] time 0.018 (0.018) data 0.000 (0.000) loss 0.0267 lr 7.5991e-05 eta 0:20:33
[2025-11-20 10:13:03 diffposetalk_trainer.py line 101]=>INFO: iter [32650/100000] time 0.018 (0.018) data 0.000 (0.000) loss 0.0735 lr 7.5924e-05 eta 0:20:20
[2025-11-20 10:13:04 diffposetalk_trainer.py line 101]=>INFO: iter [32700/100000] time 0.014 (0.014) data 0.000 (0.000) loss 0.0253 lr 7.5857e-05 eta 0:15:55
[2025-11-20 10:13:06 diffposetalk_trainer.py line 101]=>INFO: iter [32750/100000] time 0.026 (0.026) data 0.000 (0.000) loss 0.0639 lr 7.5789e-05 eta 0:29:28
[2025-11-20 10:13:07 diffposetalk_trainer.py line 101]=>INFO: iter [32800/100000] time 0.024 (0.024) data 0.000 (0.000) loss 0.1076 lr 7.5722e-05 eta 0:26:22
[2025-11-20 10:13:09 diffposetalk_trainer.py line 101]=>INFO: iter [32850/100000] time 0.019 (0.019) data 0.000 (0.000) loss 0.0460 lr 7.5655e-05 eta 0:21:02
[2025-11-20 10:13:10 diffposetalk_trainer.py line 101]=>INFO: iter [32900/100000] time 0.037 (0.037) data 0.000 (0.000) loss 0.0109 lr 7.5587e-05 eta 0:41:06
[2025-11-20 10:13:12 diffposetalk_trainer.py line 101]=>INFO: iter [32950/100000] time 0.020 (0.020) data 0.000 (0.000) loss 0.1012 lr 7.5520e-05 eta 0:21:59
[2025-11-20 10:13:13 diffposetalk_trainer.py line 101]=>INFO: iter [33000/100000] time 0.033 (0.033) data 0.000 (0.000) loss 0.0272 lr 7.5452e-05 eta 0:36:51
[2025-11-20 10:13:15 diffposetalk_trainer.py line 101]=>INFO: iter [33050/100000] time 0.023 (0.023) data 0.000 (0.000) loss 0.0251 lr 7.5384e-05 eta 0:26:10
[2025-11-20 10:13:16 diffposetalk_trainer.py line 101]=>INFO: iter [33100/100000] time 0.017 (0.017) data 0.000 (0.000) loss 0.0577 lr 7.5317e-05 eta 0:19:29
[2025-11-20 10:13:18 diffposetalk_trainer.py line 101]=>INFO: iter [33150/100000] time 0.022 (0.022) data 0.000 (0.000) loss 0.0701 lr 7.5249e-05 eta 0:24:51
[2025-11-20 10:13:19 diffposetalk_trainer.py line 101]=>INFO: iter [33200/100000] time 0.016 (0.016) data 0.000 (0.000) loss 0.0461 lr 7.5181e-05 eta 0:18:09
[2025-11-20 10:13:20 diffposetalk_trainer.py line 101]=>INFO: iter [33250/100000] time 0.015 (0.015) data 0.000 (0.000) loss 0.0335 lr 7.5113e-05 eta 0:16:29
[2025-11-20 10:13:21 diffposetalk_trainer.py line 101]=>INFO: iter [33300/100000] time 0.017 (0.017) data 0.000 (0.000) loss 0.0264 lr 7.5045e-05 eta 0:18:55
[2025-11-20 10:13:22 diffposetalk_trainer.py line 101]=>INFO: iter [33350/100000] time 0.015 (0.015) data 0.000 (0.000) loss 0.0299 lr 7.4977e-05 eta 0:16:53
[2025-11-20 10:13:23 diffposetalk_trainer.py line 101]=>INFO: iter [33400/100000] time 0.014 (0.014) data 0.000 (0.000) loss 0.0289 lr 7.4909e-05 eta 0:15:39
[2025-11-20 10:13:25 diffposetalk_trainer.py line 101]=>INFO: iter [33450/100000] time 0.016 (0.016) data 0.000 (0.000) loss 0.0888 lr 7.4841e-05 eta 0:17:41
[2025-11-20 10:13:26 diffposetalk_trainer.py line 101]=>INFO: iter [33500/100000] time 0.018 (0.018) data 0.000 (0.000) loss 0.0838 lr 7.4773e-05 eta 0:19:27
[2025-11-20 10:13:27 diffposetalk_trainer.py line 101]=>INFO: iter [33550/100000] time 0.021 (0.021) data 0.000 (0.000) loss 0.0756 lr 7.4705e-05 eta 0:23:17
[2025-11-20 10:13:28 diffposetalk_trainer.py line 101]=>INFO: iter [33600/100000] time 0.017 (0.017) data 0.000 (0.000) loss 0.0058 lr 7.4636e-05 eta 0:18:22
[2025-11-20 10:13:29 diffposetalk_trainer.py line 101]=>INFO: iter [33650/100000] time 0.015 (0.015) data 0.000 (0.000) loss 0.0216 lr 7.4568e-05 eta 0:16:44
[2025-11-20 10:13:30 diffposetalk_trainer.py line 101]=>INFO: iter [33700/100000] time 0.015 (0.015) data 0.000 (0.000) loss 0.0713 lr 7.4500e-05 eta 0:16:48
[2025-11-20 10:13:31 diffposetalk_trainer.py line 101]=>INFO: iter [33750/100000] time 0.019 (0.019) data 0.000 (0.000) loss 0.0272 lr 7.4431e-05 eta 0:21:11
[2025-11-20 10:13:33 diffposetalk_trainer.py line 101]=>INFO: iter [33800/100000] time 0.015 (0.015) data 0.000 (0.000) loss 0.0640 lr 7.4363e-05 eta 0:16:19
[2025-11-20 10:13:34 diffposetalk_trainer.py line 101]=>INFO: iter [33850/100000] time 0.017 (0.017) data 0.000 (0.000) loss 0.0356 lr 7.4294e-05 eta 0:18:22
[2025-11-20 10:13:35 diffposetalk_trainer.py line 101]=>INFO: iter [33900/100000] time 0.016 (0.016) data 0.000 (0.000) loss 0.0257 lr 7.4225e-05 eta 0:17:57
[2025-11-20 10:13:36 diffposetalk_trainer.py line 101]=>INFO: iter [33950/100000] time 0.017 (0.017) data 0.000 (0.000) loss 0.0301 lr 7.4156e-05 eta 0:18:52
[2025-11-20 10:13:37 diffposetalk_trainer.py line 101]=>INFO: iter [34000/100000] time 0.017 (0.017) data 0.000 (0.000) loss 0.1522 lr 7.4088e-05 eta 0:18:11
[2025-11-20 10:13:37 diffposetalk_trainer.py line 144]=>INFO: Evaluate on the *val* set
[2025-11-20 10:13:41 diffposetalk_trainer.py line 157]=>INFO: iter: 50 loss_val: 0.5494773352146148 
[2025-11-20 10:13:46 diffposetalk_trainer.py line 157]=>INFO: iter: 100 loss_val: 0.5584237986803054 
[2025-11-20 10:13:50 diffposetalk_trainer.py line 157]=>INFO: iter: 150 loss_val: 0.555208556453387 
[2025-11-20 10:13:55 diffposetalk_trainer.py line 157]=>INFO: iter: 200 loss_val: 0.5543874077498913 
[2025-11-20 10:14:00 diffposetalk_trainer.py line 157]=>INFO: iter: 250 loss_val: 0.553504501581192 
[2025-11-20 10:14:06 diffposetalk_trainer.py line 157]=>INFO: iter: 300 loss_val: 0.550454671382904 
[2025-11-20 10:14:11 diffposetalk_trainer.py line 157]=>INFO: iter: 350 loss_val: 0.5525511859995978 
[2025-11-20 10:14:16 diffposetalk_trainer.py line 157]=>INFO: iter: 400 loss_val: 0.5532378305494785 
[2025-11-20 10:14:16 base_trainer.py line 675]=>INFO: Checkpoint saved to output/HDTF_TFHP/StyleEncoderTrainer/Train/model/model.pth.tar-iter-34000
[2025-11-20 10:14:18 diffposetalk_trainer.py line 101]=>INFO: iter [34050/100000] time 0.025 (0.025) data 0.000 (0.000) loss 0.0267 lr 7.4019e-05 eta 0:27:18
[2025-11-20 10:14:19 diffposetalk_trainer.py line 101]=>INFO: iter [34100/100000] time 0.018 (0.018) data 0.000 (0.000) loss 0.0289 lr 7.3950e-05 eta 0:20:16
[2025-11-20 10:14:20 diffposetalk_trainer.py line 101]=>INFO: iter [34150/100000] time 0.024 (0.024) data 0.000 (0.000) loss 0.0707 lr 7.3881e-05 eta 0:26:00
[2025-11-20 10:14:22 diffposetalk_trainer.py line 101]=>INFO: iter [34200/100000] time 0.027 (0.027) data 0.000 (0.000) loss 0.0486 lr 7.3812e-05 eta 0:29:15
[2025-11-20 10:14:24 diffposetalk_trainer.py line 101]=>INFO: iter [34250/100000] time 0.023 (0.023) data 0.000 (0.000) loss 0.0256 lr 7.3743e-05 eta 0:25:15
[2025-11-20 10:14:26 diffposetalk_trainer.py line 101]=>INFO: iter [34300/100000] time 0.035 (0.035) data 0.000 (0.000) loss 0.0062 lr 7.3674e-05 eta 0:38:13
[2025-11-20 10:14:28 diffposetalk_trainer.py line 101]=>INFO: iter [34350/100000] time 0.022 (0.022) data 0.000 (0.000) loss 0.0298 lr 7.3604e-05 eta 0:23:35
[2025-11-20 10:14:29 diffposetalk_trainer.py line 101]=>INFO: iter [34400/100000] time 0.020 (0.020) data 0.000 (0.000) loss 0.0231 lr 7.3535e-05 eta 0:22:13
[2025-11-20 10:14:30 diffposetalk_trainer.py line 101]=>INFO: iter [34450/100000] time 0.017 (0.017) data 0.000 (0.000) loss 0.0241 lr 7.3466e-05 eta 0:18:14
[2025-11-20 10:14:32 diffposetalk_trainer.py line 101]=>INFO: iter [34500/100000] time 0.019 (0.019) data 0.000 (0.000) loss 0.1000 lr 7.3396e-05 eta 0:20:49
[2025-11-20 10:14:34 diffposetalk_trainer.py line 101]=>INFO: iter [34550/100000] time 0.022 (0.022) data 0.000 (0.000) loss 0.0485 lr 7.3327e-05 eta 0:23:51
[2025-11-20 10:14:36 diffposetalk_trainer.py line 101]=>INFO: iter [34600/100000] time 0.026 (0.026) data 0.000 (0.000) loss 0.0293 lr 7.3258e-05 eta 0:27:48
[2025-11-20 10:14:37 diffposetalk_trainer.py line 101]=>INFO: iter [34650/100000] time 0.019 (0.019) data 0.000 (0.000) loss 0.0450 lr 7.3188e-05 eta 0:20:30
[2025-11-20 10:14:39 diffposetalk_trainer.py line 101]=>INFO: iter [34700/100000] time 0.020 (0.020) data 0.000 (0.000) loss 0.0602 lr 7.3118e-05 eta 0:21:44
[2025-11-20 10:14:40 diffposetalk_trainer.py line 101]=>INFO: iter [34750/100000] time 0.036 (0.036) data 0.000 (0.000) loss 0.0841 lr 7.3049e-05 eta 0:38:43
[2025-11-20 10:14:42 diffposetalk_trainer.py line 101]=>INFO: iter [34800/100000] time 0.030 (0.030) data 0.000 (0.000) loss 0.0431 lr 7.2979e-05 eta 0:32:37
[2025-11-20 10:14:43 diffposetalk_trainer.py line 101]=>INFO: iter [34850/100000] time 0.020 (0.020) data 0.000 (0.000) loss 0.0279 lr 7.2909e-05 eta 0:21:27
[2025-11-20 10:14:45 diffposetalk_trainer.py line 101]=>INFO: iter [34900/100000] time 0.026 (0.026) data 0.000 (0.000) loss 0.0219 lr 7.2839e-05 eta 0:27:46
[2025-11-20 10:14:47 diffposetalk_trainer.py line 101]=>INFO: iter [34950/100000] time 0.029 (0.029) data 0.000 (0.000) loss 0.0387 lr 7.2769e-05 eta 0:31:46
[2025-11-20 10:14:49 diffposetalk_trainer.py line 101]=>INFO: iter [35000/100000] time 0.020 (0.020) data 0.000 (0.000) loss 0.0084 lr 7.2700e-05 eta 0:22:09
[2025-11-20 10:14:50 diffposetalk_trainer.py line 101]=>INFO: iter [35050/100000] time 0.018 (0.018) data 0.000 (0.000) loss 0.1709 lr 7.2630e-05 eta 0:19:18
[2025-11-20 10:14:51 diffposetalk_trainer.py line 101]=>INFO: iter [35100/100000] time 0.015 (0.015) data 0.000 (0.000) loss 0.0257 lr 7.2559e-05 eta 0:16:10
[2025-11-20 10:14:53 diffposetalk_trainer.py line 101]=>INFO: iter [35150/100000] time 0.020 (0.020) data 0.000 (0.000) loss 0.0282 lr 7.2489e-05 eta 0:21:22
[2025-11-20 10:14:54 diffposetalk_trainer.py line 101]=>INFO: iter [35200/100000] time 0.015 (0.015) data 0.000 (0.000) loss 0.0260 lr 7.2419e-05 eta 0:16:21
[2025-11-20 10:14:56 diffposetalk_trainer.py line 101]=>INFO: iter [35250/100000] time 0.022 (0.022) data 0.000 (0.000) loss 0.0269 lr 7.2349e-05 eta 0:24:12
[2025-11-20 10:14:58 diffposetalk_trainer.py line 101]=>INFO: iter [35300/100000] time 0.023 (0.023) data 0.000 (0.000) loss 0.0845 lr 7.2279e-05 eta 0:24:23
[2025-11-20 10:14:59 diffposetalk_trainer.py line 101]=>INFO: iter [35350/100000] time 0.023 (0.023) data 0.000 (0.000) loss 0.0434 lr 7.2208e-05 eta 0:24:19
[2025-11-20 10:15:01 diffposetalk_trainer.py line 101]=>INFO: iter [35400/100000] time 0.020 (0.020) data 0.000 (0.000) loss 0.0252 lr 7.2138e-05 eta 0:22:03
[2025-11-20 10:15:03 diffposetalk_trainer.py line 101]=>INFO: iter [35450/100000] time 0.025 (0.025) data 0.000 (0.000) loss 0.0201 lr 7.2067e-05 eta 0:27:22
[2025-11-20 10:15:04 diffposetalk_trainer.py line 101]=>INFO: iter [35500/100000] time 0.018 (0.018) data 0.000 (0.000) loss 0.0257 lr 7.1997e-05 eta 0:19:43
[2025-11-20 10:15:06 diffposetalk_trainer.py line 101]=>INFO: iter [35550/100000] time 0.021 (0.021) data 0.000 (0.000) loss 0.0233 lr 7.1926e-05 eta 0:22:49
[2025-11-20 10:15:08 diffposetalk_trainer.py line 101]=>INFO: iter [35600/100000] time 0.030 (0.030) data 0.000 (0.000) loss 0.0198 lr 7.1856e-05 eta 0:31:51
[2025-11-20 10:15:10 diffposetalk_trainer.py line 101]=>INFO: iter [35650/100000] time 0.016 (0.016) data 0.000 (0.000) loss 0.0249 lr 7.1785e-05 eta 0:17:09
[2025-11-20 10:15:11 diffposetalk_trainer.py line 101]=>INFO: iter [35700/100000] time 0.032 (0.032) data 0.000 (0.000) loss 0.0101 lr 7.1714e-05 eta 0:34:22
[2025-11-20 10:15:12 diffposetalk_trainer.py line 101]=>INFO: iter [35750/100000] time 0.018 (0.018) data 0.000 (0.000) loss 0.0236 lr 7.1644e-05 eta 0:19:43
[2025-11-20 10:15:14 diffposetalk_trainer.py line 101]=>INFO: iter [35800/100000] time 0.015 (0.015) data 0.000 (0.000) loss 0.0757 lr 7.1573e-05 eta 0:15:51
[2025-11-20 10:15:15 diffposetalk_trainer.py line 101]=>INFO: iter [35850/100000] time 0.021 (0.021) data 0.000 (0.000) loss 0.0334 lr 7.1502e-05 eta 0:22:25
[2025-11-20 10:15:17 diffposetalk_trainer.py line 101]=>INFO: iter [35900/100000] time 0.030 (0.030) data 0.000 (0.000) loss 0.0240 lr 7.1431e-05 eta 0:31:54
[2025-11-20 10:15:19 diffposetalk_trainer.py line 101]=>INFO: iter [35950/100000] time 0.031 (0.031) data 0.000 (0.000) loss 0.0217 lr 7.1360e-05 eta 0:33:15
[2025-11-20 10:15:21 diffposetalk_trainer.py line 101]=>INFO: iter [36000/100000] time 0.027 (0.027) data 0.000 (0.000) loss 0.0208 lr 7.1289e-05 eta 0:28:58
[2025-11-20 10:15:21 diffposetalk_trainer.py line 144]=>INFO: Evaluate on the *val* set
[2025-11-20 10:15:25 diffposetalk_trainer.py line 157]=>INFO: iter: 50 loss_val: 0.5439793050289154 
[2025-11-20 10:15:30 diffposetalk_trainer.py line 157]=>INFO: iter: 100 loss_val: 0.5471624583005905 
[2025-11-20 10:15:34 diffposetalk_trainer.py line 157]=>INFO: iter: 150 loss_val: 0.5502853534619013 
[2025-11-20 10:15:38 diffposetalk_trainer.py line 157]=>INFO: iter: 200 loss_val: 0.5482484382390976 
[2025-11-20 10:15:42 diffposetalk_trainer.py line 157]=>INFO: iter: 250 loss_val: 0.5480005885362625 
[2025-11-20 10:15:47 diffposetalk_trainer.py line 157]=>INFO: iter: 300 loss_val: 0.5472362095117569 
[2025-11-20 10:15:51 diffposetalk_trainer.py line 157]=>INFO: iter: 350 loss_val: 0.5492283213990076 
[2025-11-20 10:15:56 diffposetalk_trainer.py line 157]=>INFO: iter: 400 loss_val: 0.5522842980921269 
[2025-11-20 10:15:56 base_trainer.py line 675]=>INFO: Checkpoint saved to output/HDTF_TFHP/StyleEncoderTrainer/Train/model/model.pth.tar-iter-36000
[2025-11-20 10:15:57 diffposetalk_trainer.py line 101]=>INFO: iter [36050/100000] time 0.018 (0.018) data 0.000 (0.000) loss 0.0521 lr 7.1218e-05 eta 0:19:12
[2025-11-20 10:15:59 diffposetalk_trainer.py line 101]=>INFO: iter [36100/100000] time 0.027 (0.027) data 0.000 (0.000) loss 0.0415 lr 7.1147e-05 eta 0:28:42
[2025-11-20 10:16:00 diffposetalk_trainer.py line 101]=>INFO: iter [36150/100000] time 0.018 (0.018) data 0.000 (0.000) loss 0.0306 lr 7.1076e-05 eta 0:19:33
[2025-11-20 10:16:01 diffposetalk_trainer.py line 101]=>INFO: iter [36200/100000] time 0.018 (0.018) data 0.000 (0.000) loss 0.0231 lr 7.1004e-05 eta 0:19:27
[2025-11-20 10:16:03 diffposetalk_trainer.py line 101]=>INFO: iter [36250/100000] time 0.015 (0.015) data 0.000 (0.000) loss 0.0233 lr 7.0933e-05 eta 0:16:02
[2025-11-20 10:16:04 diffposetalk_trainer.py line 101]=>INFO: iter [36300/100000] time 0.024 (0.024) data 0.000 (0.000) loss 0.0244 lr 7.0862e-05 eta 0:25:58
[2025-11-20 10:16:06 diffposetalk_trainer.py line 101]=>INFO: iter [36350/100000] time 0.016 (0.016) data 0.000 (0.000) loss 0.0377 lr 7.0790e-05 eta 0:16:51
[2025-11-20 10:16:07 diffposetalk_trainer.py line 101]=>INFO: iter [36400/100000] time 0.017 (0.017) data 0.000 (0.000) loss 0.0072 lr 7.0719e-05 eta 0:17:35
[2025-11-20 10:16:08 diffposetalk_trainer.py line 101]=>INFO: iter [36450/100000] time 0.031 (0.031) data 0.000 (0.000) loss 0.0244 lr 7.0647e-05 eta 0:32:41
[2025-11-20 10:16:10 diffposetalk_trainer.py line 101]=>INFO: iter [36500/100000] time 0.027 (0.027) data 0.000 (0.000) loss 0.0841 lr 7.0576e-05 eta 0:28:14
[2025-11-20 10:16:12 diffposetalk_trainer.py line 101]=>INFO: iter [36550/100000] time 0.028 (0.028) data 0.000 (0.000) loss 0.0296 lr 7.0504e-05 eta 0:29:25
[2025-11-20 10:16:13 diffposetalk_trainer.py line 101]=>INFO: iter [36600/100000] time 0.021 (0.021) data 0.000 (0.000) loss 0.0214 lr 7.0432e-05 eta 0:22:07
[2025-11-20 10:16:15 diffposetalk_trainer.py line 101]=>INFO: iter [36650/100000] time 0.027 (0.027) data 0.000 (0.000) loss 0.0895 lr 7.0361e-05 eta 0:28:07
[2025-11-20 10:16:17 diffposetalk_trainer.py line 101]=>INFO: iter [36700/100000] time 0.036 (0.036) data 0.001 (0.001) loss 0.0583 lr 7.0289e-05 eta 0:38:26
[2025-11-20 10:16:18 diffposetalk_trainer.py line 101]=>INFO: iter [36750/100000] time 0.020 (0.020) data 0.000 (0.000) loss 0.0304 lr 7.0217e-05 eta 0:21:10
[2025-11-20 10:16:20 diffposetalk_trainer.py line 101]=>INFO: iter [36800/100000] time 0.035 (0.035) data 0.000 (0.000) loss 0.0516 lr 7.0145e-05 eta 0:36:28
[2025-11-20 10:16:22 diffposetalk_trainer.py line 101]=>INFO: iter [36850/100000] time 0.026 (0.026) data 0.000 (0.000) loss 0.0533 lr 7.0073e-05 eta 0:26:56
[2025-11-20 10:16:23 diffposetalk_trainer.py line 101]=>INFO: iter [36900/100000] time 0.021 (0.021) data 0.000 (0.000) loss 0.0631 lr 7.0001e-05 eta 0:21:37
[2025-11-20 10:16:24 diffposetalk_trainer.py line 101]=>INFO: iter [36950/100000] time 0.033 (0.033) data 0.000 (0.000) loss 0.0602 lr 6.9929e-05 eta 0:34:51
[2025-11-20 10:16:26 diffposetalk_trainer.py line 101]=>INFO: iter [37000/100000] time 0.021 (0.021) data 0.000 (0.000) loss 0.0238 lr 6.9857e-05 eta 0:21:46
[2025-11-20 10:16:28 diffposetalk_trainer.py line 101]=>INFO: iter [37050/100000] time 0.021 (0.021) data 0.000 (0.000) loss 0.0276 lr 6.9785e-05 eta 0:21:42
[2025-11-20 10:16:30 diffposetalk_trainer.py line 101]=>INFO: iter [37100/100000] time 0.028 (0.028) data 0.000 (0.000) loss 0.0162 lr 6.9713e-05 eta 0:29:47
[2025-11-20 10:16:31 diffposetalk_trainer.py line 101]=>INFO: iter [37150/100000] time 0.018 (0.018) data 0.000 (0.000) loss 0.0858 lr 6.9641e-05 eta 0:19:15
[2025-11-20 10:16:33 diffposetalk_trainer.py line 101]=>INFO: iter [37200/100000] time 0.021 (0.021) data 0.000 (0.000) loss 0.1012 lr 6.9569e-05 eta 0:21:44
[2025-11-20 10:16:35 diffposetalk_trainer.py line 101]=>INFO: iter [37250/100000] time 0.026 (0.026) data 0.000 (0.000) loss 0.0564 lr 6.9496e-05 eta 0:27:33
[2025-11-20 10:16:37 diffposetalk_trainer.py line 101]=>INFO: iter [37300/100000] time 0.038 (0.038) data 0.000 (0.000) loss 0.0441 lr 6.9424e-05 eta 0:39:35
[2025-11-20 10:16:38 diffposetalk_trainer.py line 101]=>INFO: iter [37350/100000] time 0.021 (0.021) data 0.000 (0.000) loss 0.0841 lr 6.9352e-05 eta 0:21:28
[2025-11-20 10:16:40 diffposetalk_trainer.py line 101]=>INFO: iter [37400/100000] time 0.021 (0.021) data 0.000 (0.000) loss 0.0334 lr 6.9279e-05 eta 0:22:04
[2025-11-20 10:16:41 diffposetalk_trainer.py line 101]=>INFO: iter [37450/100000] time 0.027 (0.027) data 0.000 (0.000) loss 0.0344 lr 6.9207e-05 eta 0:27:52
[2025-11-20 10:16:43 diffposetalk_trainer.py line 101]=>INFO: iter [37500/100000] time 0.023 (0.023) data 0.000 (0.000) loss 0.0257 lr 6.9134e-05 eta 0:23:31
[2025-11-20 10:16:45 diffposetalk_trainer.py line 101]=>INFO: iter [37550/100000] time 0.034 (0.034) data 0.000 (0.000) loss 0.0807 lr 6.9062e-05 eta 0:35:07
[2025-11-20 10:16:46 diffposetalk_trainer.py line 101]=>INFO: iter [37600/100000] time 0.022 (0.022) data 0.000 (0.000) loss 0.0466 lr 6.8989e-05 eta 0:22:58
[2025-11-20 10:16:48 diffposetalk_trainer.py line 101]=>INFO: iter [37650/100000] time 0.020 (0.020) data 0.000 (0.000) loss 0.0422 lr 6.8916e-05 eta 0:21:17
[2025-11-20 10:16:49 diffposetalk_trainer.py line 101]=>INFO: iter [37700/100000] time 0.029 (0.029) data 0.000 (0.000) loss 0.0255 lr 6.8844e-05 eta 0:29:53
[2025-11-20 10:16:51 diffposetalk_trainer.py line 101]=>INFO: iter [37750/100000] time 0.026 (0.026) data 0.000 (0.000) loss 0.0269 lr 6.8771e-05 eta 0:27:20
[2025-11-20 10:16:53 diffposetalk_trainer.py line 101]=>INFO: iter [37800/100000] time 0.020 (0.020) data 0.000 (0.000) loss 0.0077 lr 6.8698e-05 eta 0:20:15
[2025-11-20 10:16:54 diffposetalk_trainer.py line 101]=>INFO: iter [37850/100000] time 0.014 (0.014) data 0.000 (0.000) loss 0.0578 lr 6.8625e-05 eta 0:14:54
[2025-11-20 10:16:56 diffposetalk_trainer.py line 101]=>INFO: iter [37900/100000] time 0.020 (0.020) data 0.000 (0.000) loss 0.0438 lr 6.8552e-05 eta 0:20:18
[2025-11-20 10:16:57 diffposetalk_trainer.py line 101]=>INFO: iter [37950/100000] time 0.031 (0.031) data 0.000 (0.000) loss 0.0411 lr 6.8479e-05 eta 0:32:05
[2025-11-20 10:16:59 diffposetalk_trainer.py line 101]=>INFO: iter [38000/100000] time 0.023 (0.023) data 0.000 (0.000) loss 0.0258 lr 6.8406e-05 eta 0:23:57
[2025-11-20 10:16:59 diffposetalk_trainer.py line 144]=>INFO: Evaluate on the *val* set
[2025-11-20 10:17:04 diffposetalk_trainer.py line 157]=>INFO: iter: 50 loss_val: 0.5493658572435379 
[2025-11-20 10:17:09 diffposetalk_trainer.py line 157]=>INFO: iter: 100 loss_val: 0.546348802447319 
[2025-11-20 10:17:14 diffposetalk_trainer.py line 157]=>INFO: iter: 150 loss_val: 0.5432090735435486 
[2025-11-20 10:17:19 diffposetalk_trainer.py line 157]=>INFO: iter: 200 loss_val: 0.5414738610386849 
[2025-11-20 10:17:25 diffposetalk_trainer.py line 157]=>INFO: iter: 250 loss_val: 0.5452437814474106 
[2025-11-20 10:17:30 diffposetalk_trainer.py line 157]=>INFO: iter: 300 loss_val: 0.5462715102235476 
[2025-11-20 10:17:34 diffposetalk_trainer.py line 157]=>INFO: iter: 350 loss_val: 0.5458857639346804 
[2025-11-20 10:17:39 diffposetalk_trainer.py line 157]=>INFO: iter: 400 loss_val: 0.5470818696916103 
[2025-11-20 10:17:39 base_trainer.py line 675]=>INFO: Checkpoint saved to output/HDTF_TFHP/StyleEncoderTrainer/Train/model/model.pth.tar-iter-38000
[2025-11-20 10:17:40 diffposetalk_trainer.py line 101]=>INFO: iter [38050/100000] time 0.015 (0.015) data 0.000 (0.000) loss 0.0229 lr 6.8333e-05 eta 0:15:05
[2025-11-20 10:17:41 diffposetalk_trainer.py line 101]=>INFO: iter [38100/100000] time 0.015 (0.015) data 0.000 (0.000) loss 0.0280 lr 6.8260e-05 eta 0:15:36
[2025-11-20 10:17:42 diffposetalk_trainer.py line 101]=>INFO: iter [38150/100000] time 0.020 (0.020) data 0.000 (0.000) loss 0.0302 lr 6.8187e-05 eta 0:20:08
[2025-11-20 10:17:43 diffposetalk_trainer.py line 101]=>INFO: iter [38200/100000] time 0.018 (0.018) data 0.000 (0.000) loss 0.0401 lr 6.8114e-05 eta 0:18:36
[2025-11-20 10:17:44 diffposetalk_trainer.py line 101]=>INFO: iter [38250/100000] time 0.016 (0.016) data 0.000 (0.000) loss 0.0222 lr 6.8041e-05 eta 0:16:22
[2025-11-20 10:17:45 diffposetalk_trainer.py line 101]=>INFO: iter [38300/100000] time 0.017 (0.017) data 0.000 (0.000) loss 0.0281 lr 6.7967e-05 eta 0:17:52
[2025-11-20 10:17:46 diffposetalk_trainer.py line 101]=>INFO: iter [38350/100000] time 0.018 (0.018) data 0.000 (0.000) loss 0.0400 lr 6.7894e-05 eta 0:18:34
[2025-11-20 10:17:48 diffposetalk_trainer.py line 101]=>INFO: iter [38400/100000] time 0.019 (0.019) data 0.000 (0.000) loss 0.0223 lr 6.7821e-05 eta 0:19:13
[2025-11-20 10:17:49 diffposetalk_trainer.py line 101]=>INFO: iter [38450/100000] time 0.016 (0.016) data 0.000 (0.000) loss 0.0312 lr 6.7747e-05 eta 0:16:11
[2025-11-20 10:17:50 diffposetalk_trainer.py line 101]=>INFO: iter [38500/100000] time 0.014 (0.014) data 0.000 (0.000) loss 0.0070 lr 6.7674e-05 eta 0:14:34
[2025-11-20 10:17:51 diffposetalk_trainer.py line 101]=>INFO: iter [38550/100000] time 0.018 (0.018) data 0.000 (0.000) loss 0.1193 lr 6.7600e-05 eta 0:18:33
[2025-11-20 10:17:52 diffposetalk_trainer.py line 101]=>INFO: iter [38600/100000] time 0.018 (0.018) data 0.000 (0.000) loss 0.1101 lr 6.7527e-05 eta 0:18:19
[2025-11-20 10:17:53 diffposetalk_trainer.py line 101]=>INFO: iter [38650/100000] time 0.018 (0.018) data 0.000 (0.000) loss 0.0490 lr 6.7453e-05 eta 0:18:02
[2025-11-20 10:17:54 diffposetalk_trainer.py line 101]=>INFO: iter [38700/100000] time 0.020 (0.020) data 0.000 (0.000) loss 0.0773 lr 6.7380e-05 eta 0:20:09
[2025-11-20 10:17:56 diffposetalk_trainer.py line 101]=>INFO: iter [38750/100000] time 0.022 (0.022) data 0.000 (0.000) loss 0.0481 lr 6.7306e-05 eta 0:22:34
[2025-11-20 10:17:58 diffposetalk_trainer.py line 101]=>INFO: iter [38800/100000] time 0.020 (0.020) data 0.000 (0.000) loss 0.0207 lr 6.7232e-05 eta 0:20:39
[2025-11-20 10:17:59 diffposetalk_trainer.py line 101]=>INFO: iter [38850/100000] time 0.033 (0.033) data 0.000 (0.000) loss 0.0233 lr 6.7158e-05 eta 0:33:18
[2025-11-20 10:18:01 diffposetalk_trainer.py line 101]=>INFO: iter [38900/100000] time 0.021 (0.021) data 0.000 (0.000) loss 0.0667 lr 6.7085e-05 eta 0:21:40
[2025-11-20 10:18:02 diffposetalk_trainer.py line 101]=>INFO: iter [38950/100000] time 0.022 (0.022) data 0.000 (0.000) loss 0.0231 lr 6.7011e-05 eta 0:22:03
[2025-11-20 10:18:03 diffposetalk_trainer.py line 101]=>INFO: iter [39000/100000] time 0.031 (0.031) data 0.000 (0.000) loss 0.0208 lr 6.6937e-05 eta 0:31:48
[2025-11-20 10:18:05 diffposetalk_trainer.py line 101]=>INFO: iter [39050/100000] time 0.022 (0.022) data 0.000 (0.000) loss 0.0191 lr 6.6863e-05 eta 0:22:33
[2025-11-20 10:18:08 diffposetalk_trainer.py line 101]=>INFO: iter [39100/100000] time 0.035 (0.035) data 0.000 (0.000) loss 0.0219 lr 6.6789e-05 eta 0:35:25
[2025-11-20 10:18:09 diffposetalk_trainer.py line 101]=>INFO: iter [39150/100000] time 0.037 (0.037) data 0.000 (0.000) loss 0.1413 lr 6.6715e-05 eta 0:37:57
[2025-11-20 10:18:11 diffposetalk_trainer.py line 101]=>INFO: iter [39200/100000] time 0.023 (0.023) data 0.000 (0.000) loss 0.0065 lr 6.6641e-05 eta 0:23:14
[2025-11-20 10:18:13 diffposetalk_trainer.py line 101]=>INFO: iter [39250/100000] time 0.027 (0.027) data 0.000 (0.000) loss 0.0498 lr 6.6567e-05 eta 0:26:55
[2025-11-20 10:18:14 diffposetalk_trainer.py line 101]=>INFO: iter [39300/100000] time 0.041 (0.041) data 0.000 (0.000) loss 0.0468 lr 6.6493e-05 eta 0:41:32
[2025-11-20 10:18:17 diffposetalk_trainer.py line 101]=>INFO: iter [39350/100000] time 0.024 (0.024) data 0.000 (0.000) loss 0.0305 lr 6.6419e-05 eta 0:24:40
[2025-11-20 10:18:18 diffposetalk_trainer.py line 101]=>INFO: iter [39400/100000] time 0.022 (0.022) data 0.000 (0.000) loss 0.0229 lr 6.6344e-05 eta 0:22:19
[2025-11-20 10:18:19 diffposetalk_trainer.py line 101]=>INFO: iter [39450/100000] time 0.016 (0.016) data 0.000 (0.000) loss 0.0225 lr 6.6270e-05 eta 0:16:11
[2025-11-20 10:18:21 diffposetalk_trainer.py line 101]=>INFO: iter [39500/100000] time 0.021 (0.021) data 0.000 (0.000) loss 0.0688 lr 6.6196e-05 eta 0:21:03
[2025-11-20 10:18:22 diffposetalk_trainer.py line 101]=>INFO: iter [39550/100000] time 0.022 (0.022) data 0.000 (0.000) loss 0.0261 lr 6.6122e-05 eta 0:22:39
[2025-11-20 10:18:24 diffposetalk_trainer.py line 101]=>INFO: iter [39600/100000] time 0.033 (0.033) data 0.000 (0.000) loss 0.0787 lr 6.6047e-05 eta 0:33:03
[2025-11-20 10:18:26 diffposetalk_trainer.py line 101]=>INFO: iter [39650/100000] time 0.028 (0.028) data 0.000 (0.000) loss 0.0678 lr 6.5973e-05 eta 0:28:11
[2025-11-20 10:18:27 diffposetalk_trainer.py line 101]=>INFO: iter [39700/100000] time 0.019 (0.019) data 0.000 (0.000) loss 0.0931 lr 6.5898e-05 eta 0:19:09
[2025-11-20 10:18:29 diffposetalk_trainer.py line 101]=>INFO: iter [39750/100000] time 0.020 (0.020) data 0.000 (0.000) loss 0.0817 lr 6.5824e-05 eta 0:19:52
[2025-11-20 10:18:30 diffposetalk_trainer.py line 101]=>INFO: iter [39800/100000] time 0.025 (0.025) data 0.000 (0.000) loss 0.0214 lr 6.5749e-05 eta 0:24:56
[2025-11-20 10:18:32 diffposetalk_trainer.py line 101]=>INFO: iter [39850/100000] time 0.020 (0.020) data 0.000 (0.000) loss 0.0369 lr 6.5675e-05 eta 0:20:08
[2025-11-20 10:18:33 diffposetalk_trainer.py line 101]=>INFO: iter [39900/100000] time 0.022 (0.022) data 0.000 (0.000) loss 0.0058 lr 6.5600e-05 eta 0:22:01
[2025-11-20 10:18:35 diffposetalk_trainer.py line 101]=>INFO: iter [39950/100000] time 0.027 (0.027) data 0.000 (0.000) loss 0.0362 lr 6.5526e-05 eta 0:27:20
[2025-11-20 10:18:36 diffposetalk_trainer.py line 101]=>INFO: iter [40000/100000] time 0.032 (0.032) data 0.000 (0.000) loss 0.0266 lr 6.5451e-05 eta 0:31:52
[2025-11-20 10:18:37 diffposetalk_trainer.py line 144]=>INFO: Evaluate on the *val* set
[2025-11-20 10:18:41 diffposetalk_trainer.py line 157]=>INFO: iter: 50 loss_val: 0.5662147468328476 
[2025-11-20 10:18:46 diffposetalk_trainer.py line 157]=>INFO: iter: 100 loss_val: 0.5550152125954628 
[2025-11-20 10:18:51 diffposetalk_trainer.py line 157]=>INFO: iter: 150 loss_val: 0.5580022048950195 
[2025-11-20 10:18:56 diffposetalk_trainer.py line 157]=>INFO: iter: 200 loss_val: 0.5548877014219761 
[2025-11-20 10:19:01 diffposetalk_trainer.py line 157]=>INFO: iter: 250 loss_val: 0.5539703847169876 
[2025-11-20 10:19:05 diffposetalk_trainer.py line 157]=>INFO: iter: 300 loss_val: 0.553038034538428 
[2025-11-20 10:19:10 diffposetalk_trainer.py line 157]=>INFO: iter: 350 loss_val: 0.550921226654734 
[2025-11-20 10:19:16 diffposetalk_trainer.py line 157]=>INFO: iter: 400 loss_val: 0.55080362431705 
[2025-11-20 10:19:16 base_trainer.py line 675]=>INFO: Checkpoint saved to output/HDTF_TFHP/StyleEncoderTrainer/Train/model/model.pth.tar-iter-40000
[2025-11-20 10:19:18 diffposetalk_trainer.py line 101]=>INFO: iter [40050/100000] time 0.021 (0.021) data 0.000 (0.000) loss 0.0256 lr 6.5376e-05 eta 0:20:30
[2025-11-20 10:19:20 diffposetalk_trainer.py line 101]=>INFO: iter [40100/100000] time 0.037 (0.037) data 0.000 (0.000) loss 0.0521 lr 6.5301e-05 eta 0:37:24
[2025-11-20 10:19:21 diffposetalk_trainer.py line 101]=>INFO: iter [40150/100000] time 0.019 (0.019) data 0.000 (0.000) loss 0.0262 lr 6.5227e-05 eta 0:19:23
[2025-11-20 10:19:23 diffposetalk_trainer.py line 101]=>INFO: iter [40200/100000] time 0.021 (0.021) data 0.000 (0.000) loss 0.0225 lr 6.5152e-05 eta 0:20:32
[2025-11-20 10:19:25 diffposetalk_trainer.py line 101]=>INFO: iter [40250/100000] time 0.049 (0.049) data 0.000 (0.000) loss 0.0319 lr 6.5077e-05 eta 0:48:20
[2025-11-20 10:19:27 diffposetalk_trainer.py line 101]=>INFO: iter [40300/100000] time 0.028 (0.028) data 0.000 (0.000) loss 0.1236 lr 6.5002e-05 eta 0:27:55
[2025-11-20 10:19:28 diffposetalk_trainer.py line 101]=>INFO: iter [40350/100000] time 0.037 (0.037) data 0.016 (0.016) loss 0.0272 lr 6.4927e-05 eta 0:36:26
[2025-11-20 10:19:29 diffposetalk_trainer.py line 101]=>INFO: iter [40400/100000] time 0.014 (0.014) data 0.000 (0.000) loss 0.0425 lr 6.4852e-05 eta 0:14:04
[2025-11-20 10:19:31 diffposetalk_trainer.py line 101]=>INFO: iter [40450/100000] time 0.023 (0.023) data 0.000 (0.000) loss 0.0243 lr 6.4777e-05 eta 0:22:39
[2025-11-20 10:19:33 diffposetalk_trainer.py line 101]=>INFO: iter [40500/100000] time 0.029 (0.029) data 0.000 (0.000) loss 0.0238 lr 6.4702e-05 eta 0:29:08
[2025-11-20 10:19:35 diffposetalk_trainer.py line 101]=>INFO: iter [40550/100000] time 0.028 (0.028) data 0.000 (0.000) loss 0.0331 lr 6.4627e-05 eta 0:27:56
[2025-11-20 10:19:36 diffposetalk_trainer.py line 101]=>INFO: iter [40600/100000] time 0.021 (0.021) data 0.000 (0.000) loss 0.0057 lr 6.4552e-05 eta 0:20:48
[2025-11-20 10:19:38 diffposetalk_trainer.py line 101]=>INFO: iter [40650/100000] time 0.019 (0.019) data 0.000 (0.000) loss 0.0346 lr 6.4477e-05 eta 0:18:35
[2025-11-20 10:19:40 diffposetalk_trainer.py line 101]=>INFO: iter [40700/100000] time 0.049 (0.049) data 0.000 (0.000) loss 0.0231 lr 6.4401e-05 eta 0:48:18
[2025-11-20 10:19:42 diffposetalk_trainer.py line 101]=>INFO: iter [40750/100000] time 0.020 (0.020) data 0.000 (0.000) loss 0.0261 lr 6.4326e-05 eta 0:19:23
[2025-11-20 10:19:43 diffposetalk_trainer.py line 101]=>INFO: iter [40800/100000] time 0.032 (0.032) data 0.000 (0.000) loss 0.0214 lr 6.4251e-05 eta 0:31:12
[2025-11-20 10:19:44 diffposetalk_trainer.py line 101]=>INFO: iter [40850/100000] time 0.016 (0.016) data 0.000 (0.000) loss 0.0230 lr 6.4176e-05 eta 0:15:47
[2025-11-20 10:19:46 diffposetalk_trainer.py line 101]=>INFO: iter [40900/100000] time 0.021 (0.021) data 0.000 (0.000) loss 0.0377 lr 6.4100e-05 eta 0:21:02
[2025-11-20 10:19:47 diffposetalk_trainer.py line 101]=>INFO: iter [40950/100000] time 0.017 (0.017) data 0.000 (0.000) loss 0.0208 lr 6.4025e-05 eta 0:16:50
[2025-11-20 10:19:49 diffposetalk_trainer.py line 101]=>INFO: iter [41000/100000] time 0.019 (0.019) data 0.000 (0.000) loss 0.0205 lr 6.3950e-05 eta 0:18:37
[2025-11-20 10:19:50 diffposetalk_trainer.py line 101]=>INFO: iter [41050/100000] time 0.027 (0.027) data 0.003 (0.003) loss 0.0861 lr 6.3874e-05 eta 0:26:43
[2025-11-20 10:19:52 diffposetalk_trainer.py line 101]=>INFO: iter [41100/100000] time 0.023 (0.023) data 0.000 (0.000) loss 0.0244 lr 6.3799e-05 eta 0:22:48
[2025-11-20 10:19:53 diffposetalk_trainer.py line 101]=>INFO: iter [41150/100000] time 0.025 (0.025) data 0.000 (0.000) loss 0.0255 lr 6.3723e-05 eta 0:24:47
[2025-11-20 10:19:55 diffposetalk_trainer.py line 101]=>INFO: iter [41200/100000] time 0.023 (0.023) data 0.000 (0.000) loss 0.0536 lr 6.3648e-05 eta 0:22:12
[2025-11-20 10:19:57 diffposetalk_trainer.py line 101]=>INFO: iter [41250/100000] time 0.040 (0.040) data 0.000 (0.000) loss 0.0475 lr 6.3572e-05 eta 0:38:48
[2025-11-20 10:19:59 diffposetalk_trainer.py line 101]=>INFO: iter [41300/100000] time 0.022 (0.022) data 0.000 (0.000) loss 0.0053 lr 6.3496e-05 eta 0:21:52
[2025-11-20 10:20:01 diffposetalk_trainer.py line 101]=>INFO: iter [41350/100000] time 0.035 (0.035) data 0.000 (0.000) loss 0.0763 lr 6.3421e-05 eta 0:33:52
[2025-11-20 10:20:03 diffposetalk_trainer.py line 101]=>INFO: iter [41400/100000] time 0.034 (0.034) data 0.000 (0.000) loss 0.0218 lr 6.3345e-05 eta 0:33:24
[2025-11-20 10:20:05 diffposetalk_trainer.py line 101]=>INFO: iter [41450/100000] time 0.031 (0.031) data 0.000 (0.000) loss 0.0735 lr 6.3269e-05 eta 0:30:37
[2025-11-20 10:20:06 diffposetalk_trainer.py line 101]=>INFO: iter [41500/100000] time 0.019 (0.019) data 0.000 (0.000) loss 0.0502 lr 6.3194e-05 eta 0:18:23
[2025-11-20 10:20:07 diffposetalk_trainer.py line 101]=>INFO: iter [41550/100000] time 0.030 (0.030) data 0.000 (0.000) loss 0.0583 lr 6.3118e-05 eta 0:29:19
[2025-11-20 10:20:09 diffposetalk_trainer.py line 101]=>INFO: iter [41600/100000] time 0.029 (0.029) data 0.000 (0.000) loss 0.0236 lr 6.3042e-05 eta 0:28:07
[2025-11-20 10:20:11 diffposetalk_trainer.py line 101]=>INFO: iter [41650/100000] time 0.025 (0.025) data 0.000 (0.000) loss 0.0433 lr 6.2966e-05 eta 0:23:56
[2025-11-20 10:20:12 diffposetalk_trainer.py line 101]=>INFO: iter [41700/100000] time 0.021 (0.021) data 0.000 (0.000) loss 0.0300 lr 6.2890e-05 eta 0:20:50
[2025-11-20 10:20:14 diffposetalk_trainer.py line 101]=>INFO: iter [41750/100000] time 0.021 (0.021) data 0.000 (0.000) loss 0.0357 lr 6.2814e-05 eta 0:20:21
[2025-11-20 10:20:15 diffposetalk_trainer.py line 101]=>INFO: iter [41800/100000] time 0.016 (0.016) data 0.000 (0.000) loss 0.0215 lr 6.2739e-05 eta 0:15:32
[2025-11-20 10:20:16 diffposetalk_trainer.py line 101]=>INFO: iter [41850/100000] time 0.014 (0.014) data 0.000 (0.000) loss 0.0193 lr 6.2663e-05 eta 0:14:00
[2025-11-20 10:20:18 diffposetalk_trainer.py line 101]=>INFO: iter [41900/100000] time 0.023 (0.023) data 0.000 (0.000) loss 0.0441 lr 6.2587e-05 eta 0:22:34
[2025-11-20 10:20:19 diffposetalk_trainer.py line 101]=>INFO: iter [41950/100000] time 0.020 (0.020) data 0.000 (0.000) loss 0.0166 lr 6.2511e-05 eta 0:19:03
[2025-11-20 10:20:20 diffposetalk_trainer.py line 101]=>INFO: iter [42000/100000] time 0.019 (0.019) data 0.000 (0.000) loss 0.0105 lr 6.2434e-05 eta 0:18:31
[2025-11-20 10:20:20 diffposetalk_trainer.py line 144]=>INFO: Evaluate on the *val* set
[2025-11-20 10:20:26 diffposetalk_trainer.py line 157]=>INFO: iter: 50 loss_val: 0.5545271211862564 
[2025-11-20 10:20:31 diffposetalk_trainer.py line 157]=>INFO: iter: 100 loss_val: 0.5542273724079132 
[2025-11-20 10:20:36 diffposetalk_trainer.py line 157]=>INFO: iter: 150 loss_val: 0.5551298882563909 
[2025-11-20 10:20:42 diffposetalk_trainer.py line 157]=>INFO: iter: 200 loss_val: 0.5553253027796745 
[2025-11-20 10:20:48 diffposetalk_trainer.py line 157]=>INFO: iter: 250 loss_val: 0.5518202285766601 
[2025-11-20 10:20:53 diffposetalk_trainer.py line 157]=>INFO: iter: 300 loss_val: 0.5539940280715624 
[2025-11-20 10:20:59 diffposetalk_trainer.py line 157]=>INFO: iter: 350 loss_val: 0.5520358086483819 
[2025-11-20 10:21:04 diffposetalk_trainer.py line 157]=>INFO: iter: 400 loss_val: 0.5508335945010185 
[2025-11-20 10:21:04 base_trainer.py line 675]=>INFO: Checkpoint saved to output/HDTF_TFHP/StyleEncoderTrainer/Train/model/model.pth.tar-iter-42000
[2025-11-20 10:21:06 diffposetalk_trainer.py line 101]=>INFO: iter [42050/100000] time 0.026 (0.026) data 0.000 (0.000) loss 0.0198 lr 6.2358e-05 eta 0:25:15
[2025-11-20 10:21:08 diffposetalk_trainer.py line 101]=>INFO: iter [42100/100000] time 0.026 (0.026) data 0.000 (0.000) loss 0.0782 lr 6.2282e-05 eta 0:25:27
[2025-11-20 10:21:10 diffposetalk_trainer.py line 101]=>INFO: iter [42150/100000] time 0.024 (0.024) data 0.000 (0.000) loss 0.0676 lr 6.2206e-05 eta 0:23:26
[2025-11-20 10:21:12 diffposetalk_trainer.py line 101]=>INFO: iter [42200/100000] time 0.030 (0.030) data 0.000 (0.000) loss 0.0231 lr 6.2130e-05 eta 0:28:53
[2025-11-20 10:21:13 diffposetalk_trainer.py line 101]=>INFO: iter [42250/100000] time 0.017 (0.017) data 0.000 (0.000) loss 0.0882 lr 6.2054e-05 eta 0:16:45
[2025-11-20 10:21:15 diffposetalk_trainer.py line 101]=>INFO: iter [42300/100000] time 0.042 (0.042) data 0.000 (0.000) loss 0.0217 lr 6.1978e-05 eta 0:40:32
[2025-11-20 10:21:16 diffposetalk_trainer.py line 101]=>INFO: iter [42350/100000] time 0.020 (0.020) data 0.000 (0.000) loss 0.0848 lr 6.1901e-05 eta 0:19:08
[2025-11-20 10:21:18 diffposetalk_trainer.py line 101]=>INFO: iter [42400/100000] time 0.022 (0.022) data 0.000 (0.000) loss 0.0232 lr 6.1825e-05 eta 0:21:24
[2025-11-20 10:21:20 diffposetalk_trainer.py line 101]=>INFO: iter [42450/100000] time 0.041 (0.041) data 0.000 (0.000) loss 0.0338 lr 6.1749e-05 eta 0:39:10
[2025-11-20 10:21:21 diffposetalk_trainer.py line 101]=>INFO: iter [42500/100000] time 0.024 (0.024) data 0.000 (0.000) loss 0.0279 lr 6.1672e-05 eta 0:22:53
[2025-11-20 10:21:23 diffposetalk_trainer.py line 101]=>INFO: iter [42550/100000] time 0.034 (0.034) data 0.000 (0.000) loss 0.0752 lr 6.1596e-05 eta 0:32:30
[2025-11-20 10:21:25 diffposetalk_trainer.py line 101]=>INFO: iter [42600/100000] time 0.024 (0.024) data 0.000 (0.000) loss 0.0193 lr 6.1519e-05 eta 0:22:48
[2025-11-20 10:21:26 diffposetalk_trainer.py line 101]=>INFO: iter [42650/100000] time 0.020 (0.020) data 0.000 (0.000) loss 0.0376 lr 6.1443e-05 eta 0:18:50
[2025-11-20 10:21:28 diffposetalk_trainer.py line 101]=>INFO: iter [42700/100000] time 0.025 (0.025) data 0.000 (0.000) loss 0.0055 lr 6.1367e-05 eta 0:23:49
[2025-11-20 10:21:29 diffposetalk_trainer.py line 101]=>INFO: iter [42750/100000] time 0.016 (0.016) data 0.000 (0.000) loss 0.0895 lr 6.1290e-05 eta 0:15:08
[2025-11-20 10:21:31 diffposetalk_trainer.py line 101]=>INFO: iter [42800/100000] time 0.014 (0.014) data 0.000 (0.000) loss 0.0547 lr 6.1214e-05 eta 0:13:40
[2025-11-20 10:21:32 diffposetalk_trainer.py line 101]=>INFO: iter [42850/100000] time 0.015 (0.015) data 0.000 (0.000) loss 0.0395 lr 6.1137e-05 eta 0:14:43
[2025-11-20 10:21:33 diffposetalk_trainer.py line 101]=>INFO: iter [42900/100000] time 0.021 (0.021) data 0.000 (0.000) loss 0.0915 lr 6.1060e-05 eta 0:19:33
[2025-11-20 10:21:34 diffposetalk_trainer.py line 101]=>INFO: iter [42950/100000] time 0.015 (0.015) data 0.000 (0.000) loss 0.0232 lr 6.0984e-05 eta 0:13:54
[2025-11-20 10:21:35 diffposetalk_trainer.py line 101]=>INFO: iter [43000/100000] time 0.019 (0.019) data 0.000 (0.000) loss 0.0867 lr 6.0907e-05 eta 0:18:26
[2025-11-20 10:21:37 diffposetalk_trainer.py line 101]=>INFO: iter [43050/100000] time 0.019 (0.019) data 0.000 (0.000) loss 0.0212 lr 6.0831e-05 eta 0:18:22
[2025-11-20 10:21:38 diffposetalk_trainer.py line 101]=>INFO: iter [43100/100000] time 0.018 (0.018) data 0.000 (0.000) loss 0.0270 lr 6.0754e-05 eta 0:17:11
[2025-11-20 10:21:40 diffposetalk_trainer.py line 101]=>INFO: iter [43150/100000] time 0.035 (0.035) data 0.000 (0.000) loss 0.0212 lr 6.0677e-05 eta 0:33:35
[2025-11-20 10:21:42 diffposetalk_trainer.py line 101]=>INFO: iter [43200/100000] time 0.020 (0.020) data 0.000 (0.000) loss 0.0333 lr 6.0600e-05 eta 0:19:15
[2025-11-20 10:21:43 diffposetalk_trainer.py line 101]=>INFO: iter [43250/100000] time 0.030 (0.030) data 0.000 (0.000) loss 0.0473 lr 6.0524e-05 eta 0:27:59
[2025-11-20 10:21:45 diffposetalk_trainer.py line 101]=>INFO: iter [43300/100000] time 0.021 (0.021) data 0.000 (0.000) loss 0.0271 lr 6.0447e-05 eta 0:19:45
[2025-11-20 10:21:47 diffposetalk_trainer.py line 101]=>INFO: iter [43350/100000] time 0.024 (0.024) data 0.000 (0.000) loss 0.0649 lr 6.0370e-05 eta 0:23:05
[2025-11-20 10:21:48 diffposetalk_trainer.py line 101]=>INFO: iter [43400/100000] time 0.019 (0.019) data 0.000 (0.000) loss 0.0072 lr 6.0293e-05 eta 0:17:55
[2025-11-20 10:21:50 diffposetalk_trainer.py line 101]=>INFO: iter [43450/100000] time 0.022 (0.022) data 0.000 (0.000) loss 0.0359 lr 6.0216e-05 eta 0:20:43
[2025-11-20 10:21:51 diffposetalk_trainer.py line 101]=>INFO: iter [43500/100000] time 0.028 (0.028) data 0.000 (0.000) loss 0.0305 lr 6.0139e-05 eta 0:26:28
[2025-11-20 10:21:54 diffposetalk_trainer.py line 101]=>INFO: iter [43550/100000] time 0.026 (0.026) data 0.000 (0.000) loss 0.0269 lr 6.0062e-05 eta 0:24:11
[2025-11-20 10:21:56 diffposetalk_trainer.py line 101]=>INFO: iter [43600/100000] time 0.028 (0.028) data 0.000 (0.000) loss 0.0580 lr 5.9985e-05 eta 0:26:14
[2025-11-20 10:21:58 diffposetalk_trainer.py line 101]=>INFO: iter [43650/100000] time 0.022 (0.022) data 0.000 (0.000) loss 0.0242 lr 5.9909e-05 eta 0:20:35
[2025-11-20 10:21:59 diffposetalk_trainer.py line 101]=>INFO: iter [43700/100000] time 0.027 (0.027) data 0.000 (0.000) loss 0.0796 lr 5.9832e-05 eta 0:25:04
[2025-11-20 10:22:01 diffposetalk_trainer.py line 101]=>INFO: iter [43750/100000] time 0.022 (0.022) data 0.000 (0.000) loss 0.0333 lr 5.9755e-05 eta 0:20:58
[2025-11-20 10:22:03 diffposetalk_trainer.py line 101]=>INFO: iter [43800/100000] time 0.019 (0.019) data 0.000 (0.000) loss 0.0434 lr 5.9677e-05 eta 0:18:11
[2025-11-20 10:22:04 diffposetalk_trainer.py line 101]=>INFO: iter [43850/100000] time 0.022 (0.022) data 0.000 (0.000) loss 0.0212 lr 5.9600e-05 eta 0:20:18
[2025-11-20 10:22:05 diffposetalk_trainer.py line 101]=>INFO: iter [43900/100000] time 0.025 (0.025) data 0.000 (0.000) loss 0.0378 lr 5.9523e-05 eta 0:22:56
[2025-11-20 10:22:07 diffposetalk_trainer.py line 101]=>INFO: iter [43950/100000] time 0.027 (0.027) data 0.000 (0.000) loss 0.0253 lr 5.9446e-05 eta 0:24:58
[2025-11-20 10:22:09 diffposetalk_trainer.py line 101]=>INFO: iter [44000/100000] time 0.036 (0.036) data 0.000 (0.000) loss 0.0249 lr 5.9369e-05 eta 0:33:50
[2025-11-20 10:22:09 diffposetalk_trainer.py line 144]=>INFO: Evaluate on the *val* set
[2025-11-20 10:22:14 diffposetalk_trainer.py line 157]=>INFO: iter: 50 loss_val: 0.54323521733284 
[2025-11-20 10:22:20 diffposetalk_trainer.py line 157]=>INFO: iter: 100 loss_val: 0.5442017763853073 
[2025-11-20 10:22:26 diffposetalk_trainer.py line 157]=>INFO: iter: 150 loss_val: 0.5446275661389033 
[2025-11-20 10:22:30 diffposetalk_trainer.py line 157]=>INFO: iter: 200 loss_val: 0.5446791705489159 
[2025-11-20 10:22:36 diffposetalk_trainer.py line 157]=>INFO: iter: 250 loss_val: 0.5468897103071213 
[2025-11-20 10:22:42 diffposetalk_trainer.py line 157]=>INFO: iter: 300 loss_val: 0.5474181926250458 
[2025-11-20 10:22:48 diffposetalk_trainer.py line 157]=>INFO: iter: 350 loss_val: 0.5455960019997188 
[2025-11-20 10:22:53 diffposetalk_trainer.py line 157]=>INFO: iter: 400 loss_val: 0.5466274663805961 
[2025-11-20 10:22:54 base_trainer.py line 675]=>INFO: Checkpoint saved to output/HDTF_TFHP/StyleEncoderTrainer/Train/model/model.pth.tar-iter-44000
[2025-11-20 10:22:56 diffposetalk_trainer.py line 101]=>INFO: iter [44050/100000] time 0.035 (0.035) data 0.000 (0.000) loss 0.0358 lr 5.9292e-05 eta 0:33:05
[2025-11-20 10:22:57 diffposetalk_trainer.py line 101]=>INFO: iter [44100/100000] time 0.032 (0.032) data 0.000 (0.000) loss 0.0091 lr 5.9215e-05 eta 0:30:11
[2025-11-20 10:22:59 diffposetalk_trainer.py line 101]=>INFO: iter [44150/100000] time 0.024 (0.024) data 0.000 (0.000) loss 0.0289 lr 5.9138e-05 eta 0:22:33
[2025-11-20 10:23:01 diffposetalk_trainer.py line 101]=>INFO: iter [44200/100000] time 0.018 (0.018) data 0.000 (0.000) loss 0.0260 lr 5.9060e-05 eta 0:17:02
[2025-11-20 10:23:03 diffposetalk_trainer.py line 101]=>INFO: iter [44250/100000] time 0.035 (0.035) data 0.000 (0.000) loss 0.0190 lr 5.8983e-05 eta 0:32:58
[2025-11-20 10:23:05 diffposetalk_trainer.py line 101]=>INFO: iter [44300/100000] time 0.040 (0.040) data 0.000 (0.000) loss 0.0270 lr 5.8906e-05 eta 0:36:48
[2025-11-20 10:23:06 diffposetalk_trainer.py line 101]=>INFO: iter [44350/100000] time 0.030 (0.030) data 0.000 (0.000) loss 0.0233 lr 5.8828e-05 eta 0:27:41
[2025-11-20 10:23:09 diffposetalk_trainer.py line 101]=>INFO: iter [44400/100000] time 0.024 (0.024) data 0.000 (0.000) loss 0.0921 lr 5.8751e-05 eta 0:22:17
[2025-11-20 10:23:10 diffposetalk_trainer.py line 101]=>INFO: iter [44450/100000] time 0.019 (0.019) data 0.000 (0.000) loss 0.0326 lr 5.8674e-05 eta 0:17:32
[2025-11-20 10:23:12 diffposetalk_trainer.py line 101]=>INFO: iter [44500/100000] time 0.022 (0.022) data 0.000 (0.000) loss 0.0267 lr 5.8596e-05 eta 0:20:37
[2025-11-20 10:23:14 diffposetalk_trainer.py line 101]=>INFO: iter [44550/100000] time 0.036 (0.036) data 0.000 (0.000) loss 0.0340 lr 5.8519e-05 eta 0:33:00
[2025-11-20 10:23:16 diffposetalk_trainer.py line 101]=>INFO: iter [44600/100000] time 0.041 (0.041) data 0.000 (0.000) loss 0.0254 lr 5.8442e-05 eta 0:38:16
[2025-11-20 10:23:18 diffposetalk_trainer.py line 101]=>INFO: iter [44650/100000] time 0.029 (0.029) data 0.000 (0.000) loss 0.0253 lr 5.8364e-05 eta 0:26:59
[2025-11-20 10:23:20 diffposetalk_trainer.py line 101]=>INFO: iter [44700/100000] time 0.037 (0.037) data 0.000 (0.000) loss 0.0449 lr 5.8287e-05 eta 0:34:02
[2025-11-20 10:23:22 diffposetalk_trainer.py line 101]=>INFO: iter [44750/100000] time 0.027 (0.027) data 0.000 (0.000) loss 0.0301 lr 5.8209e-05 eta 0:24:33
[2025-11-20 10:23:24 diffposetalk_trainer.py line 101]=>INFO: iter [44800/100000] time 0.034 (0.034) data 0.000 (0.000) loss 0.0103 lr 5.8132e-05 eta 0:31:22
[2025-11-20 10:23:27 diffposetalk_trainer.py line 101]=>INFO: iter [44850/100000] time 0.037 (0.037) data 0.000 (0.000) loss 0.1028 lr 5.8054e-05 eta 0:33:46
[2025-11-20 10:23:29 diffposetalk_trainer.py line 101]=>INFO: iter [44900/100000] time 0.030 (0.030) data 0.000 (0.000) loss 0.0225 lr 5.7977e-05 eta 0:27:56
[2025-11-20 10:23:31 diffposetalk_trainer.py line 101]=>INFO: iter [44950/100000] time 0.029 (0.029) data 0.000 (0.000) loss 0.0261 lr 5.7899e-05 eta 0:26:53
[2025-11-20 10:23:34 diffposetalk_trainer.py line 101]=>INFO: iter [45000/100000] time 0.046 (0.046) data 0.000 (0.000) loss 0.0769 lr 5.7822e-05 eta 0:42:20
[2025-11-20 10:23:35 diffposetalk_trainer.py line 101]=>INFO: iter [45050/100000] time 0.020 (0.020) data 0.000 (0.000) loss 0.0549 lr 5.7744e-05 eta 0:17:52
[2025-11-20 10:23:37 diffposetalk_trainer.py line 101]=>INFO: iter [45100/100000] time 0.021 (0.021) data 0.000 (0.000) loss 0.0256 lr 5.7667e-05 eta 0:19:08
[2025-11-20 10:23:38 diffposetalk_trainer.py line 101]=>INFO: iter [45150/100000] time 0.015 (0.015) data 0.000 (0.000) loss 0.0295 lr 5.7589e-05 eta 0:13:41
[2025-11-20 10:23:40 diffposetalk_trainer.py line 101]=>INFO: iter [45200/100000] time 0.020 (0.020) data 0.000 (0.000) loss 0.0233 lr 5.7511e-05 eta 0:18:36
[2025-11-20 10:23:42 diffposetalk_trainer.py line 101]=>INFO: iter [45250/100000] time 0.043 (0.043) data 0.000 (0.000) loss 0.0268 lr 5.7434e-05 eta 0:39:26
[2025-11-20 10:23:44 diffposetalk_trainer.py line 101]=>INFO: iter [45300/100000] time 0.026 (0.026) data 0.000 (0.000) loss 0.0212 lr 5.7356e-05 eta 0:23:43
[2025-11-20 10:23:46 diffposetalk_trainer.py line 101]=>INFO: iter [45350/100000] time 0.042 (0.042) data 0.000 (0.000) loss 0.0431 lr 5.7278e-05 eta 0:38:05
[2025-11-20 10:23:48 diffposetalk_trainer.py line 101]=>INFO: iter [45400/100000] time 0.018 (0.018) data 0.000 (0.000) loss 0.0781 lr 5.7201e-05 eta 0:16:38
[2025-11-20 10:23:49 diffposetalk_trainer.py line 101]=>INFO: iter [45450/100000] time 0.033 (0.033) data 0.000 (0.000) loss 0.0227 lr 5.7123e-05 eta 0:29:43
[2025-11-20 10:23:50 diffposetalk_trainer.py line 101]=>INFO: iter [45500/100000] time 0.020 (0.020) data 0.000 (0.000) loss 0.0082 lr 5.7045e-05 eta 0:17:52
[2025-11-20 10:23:52 diffposetalk_trainer.py line 101]=>INFO: iter [45550/100000] time 0.019 (0.019) data 0.000 (0.000) loss 0.0216 lr 5.6967e-05 eta 0:17:21
[2025-11-20 10:23:54 diffposetalk_trainer.py line 101]=>INFO: iter [45600/100000] time 0.024 (0.024) data 0.000 (0.000) loss 0.0184 lr 5.6890e-05 eta 0:21:56
[2025-11-20 10:23:56 diffposetalk_trainer.py line 101]=>INFO: iter [45650/100000] time 0.038 (0.038) data 0.000 (0.000) loss 0.0255 lr 5.6812e-05 eta 0:34:05
[2025-11-20 10:23:58 diffposetalk_trainer.py line 101]=>INFO: iter [45700/100000] time 0.028 (0.028) data 0.000 (0.000) loss 0.0209 lr 5.6734e-05 eta 0:25:31
[2025-11-20 10:23:59 diffposetalk_trainer.py line 101]=>INFO: iter [45750/100000] time 0.019 (0.019) data 0.000 (0.000) loss 0.0241 lr 5.6656e-05 eta 0:17:09
[2025-11-20 10:24:01 diffposetalk_trainer.py line 101]=>INFO: iter [45800/100000] time 0.019 (0.019) data 0.000 (0.000) loss 0.0235 lr 5.6578e-05 eta 0:16:46
[2025-11-20 10:24:03 diffposetalk_trainer.py line 101]=>INFO: iter [45850/100000] time 0.018 (0.018) data 0.000 (0.000) loss 0.0614 lr 5.6500e-05 eta 0:16:00
[2025-11-20 10:24:04 diffposetalk_trainer.py line 101]=>INFO: iter [45900/100000] time 0.016 (0.016) data 0.000 (0.000) loss 0.0644 lr 5.6422e-05 eta 0:14:03
[2025-11-20 10:24:06 diffposetalk_trainer.py line 101]=>INFO: iter [45950/100000] time 0.038 (0.038) data 0.000 (0.000) loss 0.0226 lr 5.6345e-05 eta 0:34:15
[2025-11-20 10:24:07 diffposetalk_trainer.py line 101]=>INFO: iter [46000/100000] time 0.022 (0.022) data 0.000 (0.000) loss 0.0323 lr 5.6267e-05 eta 0:19:25
[2025-11-20 10:24:07 diffposetalk_trainer.py line 144]=>INFO: Evaluate on the *val* set
[2025-11-20 10:24:12 diffposetalk_trainer.py line 157]=>INFO: iter: 50 loss_val: 0.5359711480140686 
[2025-11-20 10:24:18 diffposetalk_trainer.py line 157]=>INFO: iter: 100 loss_val: 0.532058137357235 
[2025-11-20 10:24:22 diffposetalk_trainer.py line 157]=>INFO: iter: 150 loss_val: 0.5403435798486074 
[2025-11-20 10:24:28 diffposetalk_trainer.py line 157]=>INFO: iter: 200 loss_val: 0.5401178580522538 
[2025-11-20 10:24:33 diffposetalk_trainer.py line 157]=>INFO: iter: 250 loss_val: 0.5393912492990494 
[2025-11-20 10:24:41 diffposetalk_trainer.py line 157]=>INFO: iter: 300 loss_val: 0.5389680680632591 
[2025-11-20 10:24:47 diffposetalk_trainer.py line 157]=>INFO: iter: 350 loss_val: 0.5395009335449764 
[2025-11-20 10:24:54 diffposetalk_trainer.py line 157]=>INFO: iter: 400 loss_val: 0.5386731124669314 
[2025-11-20 10:24:54 base_trainer.py line 675]=>INFO: Checkpoint saved to output/HDTF_TFHP/StyleEncoderTrainer/Train/model/model.pth.tar-iter-46000
[2025-11-20 10:24:58 diffposetalk_trainer.py line 101]=>INFO: iter [46050/100000] time 0.041 (0.041) data 0.000 (0.000) loss 0.0285 lr 5.6189e-05 eta 0:36:28
[2025-11-20 10:25:00 diffposetalk_trainer.py line 101]=>INFO: iter [46100/100000] time 0.042 (0.042) data 0.001 (0.001) loss 0.0240 lr 5.6111e-05 eta 0:37:42
[2025-11-20 10:25:03 diffposetalk_trainer.py line 101]=>INFO: iter [46150/100000] time 0.047 (0.047) data 0.000 (0.000) loss 0.1382 lr 5.6033e-05 eta 0:42:12
[2025-11-20 10:25:05 diffposetalk_trainer.py line 101]=>INFO: iter [46200/100000] time 0.017 (0.017) data 0.000 (0.000) loss 0.0077 lr 5.5955e-05 eta 0:15:23
[2025-11-20 10:25:07 diffposetalk_trainer.py line 101]=>INFO: iter [46250/100000] time 0.032 (0.032) data 0.000 (0.000) loss 0.0227 lr 5.5877e-05 eta 0:29:02
[2025-11-20 10:25:10 diffposetalk_trainer.py line 101]=>INFO: iter [46300/100000] time 0.033 (0.033) data 0.000 (0.000) loss 0.0357 lr 5.5799e-05 eta 0:29:40
[2025-11-20 10:25:13 diffposetalk_trainer.py line 101]=>INFO: iter [46350/100000] time 0.032 (0.032) data 0.000 (0.000) loss 0.0856 lr 5.5721e-05 eta 0:28:44
[2025-11-20 10:25:15 diffposetalk_trainer.py line 101]=>INFO: iter [46400/100000] time 0.020 (0.020) data 0.000 (0.000) loss 0.0564 lr 5.5643e-05 eta 0:18:16
[2025-11-20 10:25:17 diffposetalk_trainer.py line 101]=>INFO: iter [46450/100000] time 0.049 (0.049) data 0.000 (0.000) loss 0.0442 lr 5.5565e-05 eta 0:43:20
[2025-11-20 10:25:21 diffposetalk_trainer.py line 101]=>INFO: iter [46500/100000] time 0.047 (0.047) data 0.001 (0.001) loss 0.0781 lr 5.5487e-05 eta 0:42:17
[2025-11-20 10:25:24 diffposetalk_trainer.py line 101]=>INFO: iter [46550/100000] time 0.039 (0.039) data 0.000 (0.000) loss 0.0246 lr 5.5409e-05 eta 0:34:29
[2025-11-20 10:25:27 diffposetalk_trainer.py line 101]=>INFO: iter [46600/100000] time 0.052 (0.052) data 0.000 (0.000) loss 0.0414 lr 5.5331e-05 eta 0:45:56
[2025-11-20 10:25:30 diffposetalk_trainer.py line 101]=>INFO: iter [46650/100000] time 0.029 (0.029) data 0.000 (0.000) loss 0.0231 lr 5.5252e-05 eta 0:26:08
[2025-11-20 10:25:31 diffposetalk_trainer.py line 101]=>INFO: iter [46700/100000] time 0.024 (0.024) data 0.000 (0.000) loss 0.0302 lr 5.5174e-05 eta 0:21:34
[2025-11-20 10:25:34 diffposetalk_trainer.py line 101]=>INFO: iter [46750/100000] time 0.046 (0.046) data 0.000 (0.000) loss 0.0271 lr 5.5096e-05 eta 0:40:46
[2025-11-20 10:25:37 diffposetalk_trainer.py line 101]=>INFO: iter [46800/100000] time 0.044 (0.044) data 0.001 (0.001) loss 0.0311 lr 5.5018e-05 eta 0:38:42
[2025-11-20 10:25:39 diffposetalk_trainer.py line 101]=>INFO: iter [46850/100000] time 0.027 (0.027) data 0.000 (0.000) loss 0.0296 lr 5.4940e-05 eta 0:23:35
[2025-11-20 10:25:42 diffposetalk_trainer.py line 101]=>INFO: iter [46900/100000] time 0.046 (0.046) data 0.000 (0.000) loss 0.0100 lr 5.4862e-05 eta 0:40:57
[2025-11-20 10:25:45 diffposetalk_trainer.py line 101]=>INFO: iter [46950/100000] time 0.040 (0.040) data 0.000 (0.000) loss 0.0494 lr 5.4784e-05 eta 0:35:09
[2025-11-20 10:25:48 diffposetalk_trainer.py line 101]=>INFO: iter [47000/100000] time 0.034 (0.034) data 0.000 (0.000) loss 0.0463 lr 5.4705e-05 eta 0:29:47
[2025-11-20 10:25:51 diffposetalk_trainer.py line 101]=>INFO: iter [47050/100000] time 0.038 (0.038) data 0.000 (0.000) loss 0.0435 lr 5.4627e-05 eta 0:33:08
[2025-11-20 10:25:54 diffposetalk_trainer.py line 101]=>INFO: iter [47100/100000] time 0.040 (0.040) data 0.000 (0.000) loss 0.0185 lr 5.4549e-05 eta 0:35:18
[2025-11-20 10:25:56 diffposetalk_trainer.py line 101]=>INFO: iter [47150/100000] time 0.048 (0.048) data 0.000 (0.000) loss 0.0196 lr 5.4471e-05 eta 0:42:17
[2025-11-20 10:25:59 diffposetalk_trainer.py line 101]=>INFO: iter [47200/100000] time 0.041 (0.041) data 0.001 (0.001) loss 0.0357 lr 5.4393e-05 eta 0:36:11
[2025-11-20 10:26:02 diffposetalk_trainer.py line 101]=>INFO: iter [47250/100000] time 0.023 (0.023) data 0.000 (0.000) loss 0.0342 lr 5.4314e-05 eta 0:19:58
[2025-11-20 10:26:04 diffposetalk_trainer.py line 101]=>INFO: iter [47300/100000] time 0.028 (0.028) data 0.000 (0.000) loss 0.0262 lr 5.4236e-05 eta 0:24:50
[2025-11-20 10:26:06 diffposetalk_trainer.py line 101]=>INFO: iter [47350/100000] time 0.022 (0.022) data 0.000 (0.000) loss 0.0205 lr 5.4158e-05 eta 0:19:18
[2025-11-20 10:26:07 diffposetalk_trainer.py line 101]=>INFO: iter [47400/100000] time 0.032 (0.032) data 0.000 (0.000) loss 0.0286 lr 5.4080e-05 eta 0:28:10
[2025-11-20 10:26:09 diffposetalk_trainer.py line 101]=>INFO: iter [47450/100000] time 0.018 (0.018) data 0.000 (0.000) loss 0.0247 lr 5.4001e-05 eta 0:15:34
[2025-11-20 10:26:10 diffposetalk_trainer.py line 101]=>INFO: iter [47500/100000] time 0.017 (0.017) data 0.000 (0.000) loss 0.0256 lr 5.3923e-05 eta 0:15:09
[2025-11-20 10:26:13 diffposetalk_trainer.py line 101]=>INFO: iter [47550/100000] time 0.055 (0.055) data 0.000 (0.000) loss 0.0230 lr 5.3845e-05 eta 0:48:11
[2025-11-20 10:26:16 diffposetalk_trainer.py line 101]=>INFO: iter [47600/100000] time 0.031 (0.031) data 0.000 (0.000) loss 0.0037 lr 5.3766e-05 eta 0:27:08
[2025-11-20 10:26:18 diffposetalk_trainer.py line 101]=>INFO: iter [47650/100000] time 0.018 (0.018) data 0.000 (0.000) loss 0.0369 lr 5.3688e-05 eta 0:15:32
[2025-11-20 10:26:21 diffposetalk_trainer.py line 101]=>INFO: iter [47700/100000] time 0.030 (0.030) data 0.000 (0.000) loss 0.0652 lr 5.3610e-05 eta 0:26:12
[2025-11-20 10:26:23 diffposetalk_trainer.py line 101]=>INFO: iter [47750/100000] time 0.037 (0.037) data 0.000 (0.000) loss 0.0318 lr 5.3531e-05 eta 0:31:51
[2025-11-20 10:26:26 diffposetalk_trainer.py line 101]=>INFO: iter [47800/100000] time 0.056 (0.056) data 0.000 (0.000) loss 0.0331 lr 5.3453e-05 eta 0:48:36
[2025-11-20 10:26:29 diffposetalk_trainer.py line 101]=>INFO: iter [47850/100000] time 0.039 (0.039) data 0.000 (0.000) loss 0.0177 lr 5.3375e-05 eta 0:34:01
[2025-11-20 10:26:32 diffposetalk_trainer.py line 101]=>INFO: iter [47900/100000] time 0.021 (0.021) data 0.000 (0.000) loss 0.0395 lr 5.3296e-05 eta 0:17:58
[2025-11-20 10:26:33 diffposetalk_trainer.py line 101]=>INFO: iter [47950/100000] time 0.018 (0.018) data 0.000 (0.000) loss 0.0421 lr 5.3218e-05 eta 0:15:41
[2025-11-20 10:26:36 diffposetalk_trainer.py line 101]=>INFO: iter [48000/100000] time 0.056 (0.056) data 0.001 (0.001) loss 0.0231 lr 5.3140e-05 eta 0:48:14
[2025-11-20 10:26:36 diffposetalk_trainer.py line 144]=>INFO: Evaluate on the *val* set
[2025-11-20 10:26:45 diffposetalk_trainer.py line 157]=>INFO: iter: 50 loss_val: 0.5278509193658829 
[2025-11-20 10:26:52 diffposetalk_trainer.py line 157]=>INFO: iter: 100 loss_val: 0.5400342822074891 
[2025-11-20 10:26:59 diffposetalk_trainer.py line 157]=>INFO: iter: 150 loss_val: 0.5391664197047551 
[2025-11-20 10:27:08 diffposetalk_trainer.py line 157]=>INFO: iter: 200 loss_val: 0.5405445690453052 
[2025-11-20 10:27:17 diffposetalk_trainer.py line 157]=>INFO: iter: 250 loss_val: 0.5393248845338822 
[2025-11-20 10:27:25 diffposetalk_trainer.py line 157]=>INFO: iter: 300 loss_val: 0.5423524643977483 
[2025-11-20 10:27:32 diffposetalk_trainer.py line 157]=>INFO: iter: 350 loss_val: 0.5415958518641336 
[2025-11-20 10:27:40 diffposetalk_trainer.py line 157]=>INFO: iter: 400 loss_val: 0.543771129027009 
[2025-11-20 10:27:40 base_trainer.py line 675]=>INFO: Checkpoint saved to output/HDTF_TFHP/StyleEncoderTrainer/Train/model/model.pth.tar-iter-48000
[2025-11-20 10:27:44 diffposetalk_trainer.py line 101]=>INFO: iter [48050/100000] time 0.045 (0.045) data 0.000 (0.000) loss 0.0263 lr 5.3061e-05 eta 0:39:22
[2025-11-20 10:27:46 diffposetalk_trainer.py line 101]=>INFO: iter [48100/100000] time 0.047 (0.047) data 0.000 (0.000) loss 0.0401 lr 5.2983e-05 eta 0:41:02
[2025-11-20 10:27:50 diffposetalk_trainer.py line 101]=>INFO: iter [48150/100000] time 0.043 (0.043) data 0.000 (0.000) loss 0.0205 lr 5.2904e-05 eta 0:36:56
[2025-11-20 10:27:52 diffposetalk_trainer.py line 101]=>INFO: iter [48200/100000] time 0.017 (0.017) data 0.000 (0.000) loss 0.0245 lr 5.2826e-05 eta 0:14:51
[2025-11-20 10:27:54 diffposetalk_trainer.py line 101]=>INFO: iter [48250/100000] time 0.033 (0.033) data 0.000 (0.000) loss 0.0568 lr 5.2748e-05 eta 0:28:33
[2025-11-20 10:27:56 diffposetalk_trainer.py line 101]=>INFO: iter [48300/100000] time 0.019 (0.019) data 0.000 (0.000) loss 0.0041 lr 5.2669e-05 eta 0:16:00
[2025-11-20 10:27:58 diffposetalk_trainer.py line 101]=>INFO: iter [48350/100000] time 0.029 (0.029) data 0.000 (0.000) loss 0.0258 lr 5.2591e-05 eta 0:25:03
[2025-11-20 10:28:01 diffposetalk_trainer.py line 101]=>INFO: iter [48400/100000] time 0.043 (0.043) data 0.000 (0.000) loss 0.0243 lr 5.2512e-05 eta 0:36:42
[2025-11-20 10:28:04 diffposetalk_trainer.py line 101]=>INFO: iter [48450/100000] time 0.027 (0.027) data 0.000 (0.000) loss 0.0259 lr 5.2434e-05 eta 0:22:47
[2025-11-20 10:28:06 diffposetalk_trainer.py line 101]=>INFO: iter [48500/100000] time 0.039 (0.039) data 0.000 (0.000) loss 0.0330 lr 5.2355e-05 eta 0:33:15
[2025-11-20 10:28:09 diffposetalk_trainer.py line 101]=>INFO: iter [48550/100000] time 0.047 (0.047) data 0.000 (0.000) loss 0.0256 lr 5.2277e-05 eta 0:40:11
[2025-11-20 10:28:11 diffposetalk_trainer.py line 101]=>INFO: iter [48600/100000] time 0.020 (0.020) data 0.000 (0.000) loss 0.0223 lr 5.2198e-05 eta 0:17:07
[2025-11-20 10:28:12 diffposetalk_trainer.py line 101]=>INFO: iter [48650/100000] time 0.028 (0.028) data 0.000 (0.000) loss 0.0272 lr 5.2120e-05 eta 0:23:35
[2025-11-20 10:28:15 diffposetalk_trainer.py line 101]=>INFO: iter [48700/100000] time 0.044 (0.044) data 0.000 (0.000) loss 0.0233 lr 5.2041e-05 eta 0:37:18
[2025-11-20 10:28:19 diffposetalk_trainer.py line 101]=>INFO: iter [48750/100000] time 0.044 (0.044) data 0.000 (0.000) loss 0.0207 lr 5.1963e-05 eta 0:37:36
[2025-11-20 10:28:21 diffposetalk_trainer.py line 101]=>INFO: iter [48800/100000] time 0.055 (0.055) data 0.000 (0.000) loss 0.0246 lr 5.1885e-05 eta 0:47:17
[2025-11-20 10:28:24 diffposetalk_trainer.py line 101]=>INFO: iter [48850/100000] time 0.035 (0.035) data 0.000 (0.000) loss 0.0225 lr 5.1806e-05 eta 0:30:12
[2025-11-20 10:28:26 diffposetalk_trainer.py line 101]=>INFO: iter [48900/100000] time 0.043 (0.043) data 0.000 (0.000) loss 0.0170 lr 5.1728e-05 eta 0:37:00
[2025-11-20 10:28:29 diffposetalk_trainer.py line 101]=>INFO: iter [48950/100000] time 0.048 (0.048) data 0.001 (0.001) loss 0.0869 lr 5.1649e-05 eta 0:40:46
[2025-11-20 10:28:31 diffposetalk_trainer.py line 101]=>INFO: iter [49000/100000] time 0.036 (0.036) data 0.000 (0.000) loss 0.1178 lr 5.1571e-05 eta 0:30:55
[2025-11-20 10:28:33 diffposetalk_trainer.py line 101]=>INFO: iter [49050/100000] time 0.024 (0.024) data 0.000 (0.000) loss 0.0202 lr 5.1492e-05 eta 0:20:47
[2025-11-20 10:28:35 diffposetalk_trainer.py line 101]=>INFO: iter [49100/100000] time 0.017 (0.017) data 0.000 (0.000) loss 0.0284 lr 5.1414e-05 eta 0:14:19
[2025-11-20 10:28:36 diffposetalk_trainer.py line 101]=>INFO: iter [49150/100000] time 0.031 (0.031) data 0.000 (0.000) loss 0.0855 lr 5.1335e-05 eta 0:26:32
[2025-11-20 10:28:38 diffposetalk_trainer.py line 101]=>INFO: iter [49200/100000] time 0.022 (0.022) data 0.000 (0.000) loss 0.0264 lr 5.1257e-05 eta 0:18:18
[2025-11-20 10:28:40 diffposetalk_trainer.py line 101]=>INFO: iter [49250/100000] time 0.022 (0.022) data 0.000 (0.000) loss 0.0305 lr 5.1178e-05 eta 0:18:37
[2025-11-20 10:28:41 diffposetalk_trainer.py line 101]=>INFO: iter [49300/100000] time 0.033 (0.033) data 0.001 (0.001) loss 0.0220 lr 5.1099e-05 eta 0:28:11
[2025-11-20 10:28:43 diffposetalk_trainer.py line 101]=>INFO: iter [49350/100000] time 0.025 (0.025) data 0.000 (0.000) loss 0.0308 lr 5.1021e-05 eta 0:20:45
[2025-11-20 10:28:45 diffposetalk_trainer.py line 101]=>INFO: iter [49400/100000] time 0.031 (0.031) data 0.000 (0.000) loss 0.0887 lr 5.0942e-05 eta 0:26:04
[2025-11-20 10:28:47 diffposetalk_trainer.py line 101]=>INFO: iter [49450/100000] time 0.024 (0.024) data 0.000 (0.000) loss 0.0277 lr 5.0864e-05 eta 0:20:12
[2025-11-20 10:28:49 diffposetalk_trainer.py line 101]=>INFO: iter [49500/100000] time 0.020 (0.020) data 0.000 (0.000) loss 0.1166 lr 5.0785e-05 eta 0:16:33
[2025-11-20 10:28:51 diffposetalk_trainer.py line 101]=>INFO: iter [49550/100000] time 0.033 (0.033) data 0.000 (0.000) loss 0.0231 lr 5.0707e-05 eta 0:27:53
[2025-11-20 10:28:54 diffposetalk_trainer.py line 101]=>INFO: iter [49600/100000] time 0.018 (0.018) data 0.000 (0.000) loss 0.0240 lr 5.0628e-05 eta 0:15:16
[2025-11-20 10:28:56 diffposetalk_trainer.py line 101]=>INFO: iter [49650/100000] time 0.045 (0.045) data 0.000 (0.000) loss 0.0499 lr 5.0550e-05 eta 0:37:35
[2025-11-20 10:28:58 diffposetalk_trainer.py line 101]=>INFO: iter [49700/100000] time 0.018 (0.018) data 0.000 (0.000) loss 0.0068 lr 5.0471e-05 eta 0:14:46
[2025-11-20 10:29:00 diffposetalk_trainer.py line 101]=>INFO: iter [49750/100000] time 0.027 (0.027) data 0.000 (0.000) loss 0.0321 lr 5.0393e-05 eta 0:22:21
[2025-11-20 10:29:02 diffposetalk_trainer.py line 101]=>INFO: iter [49800/100000] time 0.021 (0.021) data 0.000 (0.000) loss 0.0241 lr 5.0314e-05 eta 0:17:17
[2025-11-20 10:29:04 diffposetalk_trainer.py line 101]=>INFO: iter [49850/100000] time 0.021 (0.021) data 0.000 (0.000) loss 0.0868 lr 5.0236e-05 eta 0:17:08
[2025-11-20 10:29:05 diffposetalk_trainer.py line 101]=>INFO: iter [49900/100000] time 0.021 (0.021) data 0.000 (0.000) loss 0.0243 lr 5.0157e-05 eta 0:17:21
[2025-11-20 10:29:07 diffposetalk_trainer.py line 101]=>INFO: iter [49950/100000] time 0.021 (0.021) data 0.000 (0.000) loss 0.0525 lr 5.0079e-05 eta 0:17:09
[2025-11-20 10:29:09 diffposetalk_trainer.py line 101]=>INFO: iter [50000/100000] time 0.023 (0.023) data 0.000 (0.000) loss 0.0517 lr 5.0000e-05 eta 0:19:29
[2025-11-20 10:29:09 diffposetalk_trainer.py line 144]=>INFO: Evaluate on the *val* set
[2025-11-20 10:29:17 diffposetalk_trainer.py line 157]=>INFO: iter: 50 loss_val: 0.5497902351617813 
[2025-11-20 10:29:25 diffposetalk_trainer.py line 157]=>INFO: iter: 100 loss_val: 0.5410654199123383 
[2025-11-20 10:29:32 diffposetalk_trainer.py line 157]=>INFO: iter: 150 loss_val: 0.5391816395521164 
[2025-11-20 10:29:39 diffposetalk_trainer.py line 157]=>INFO: iter: 200 loss_val: 0.5412052991986275 
[2025-11-20 10:29:47 diffposetalk_trainer.py line 157]=>INFO: iter: 250 loss_val: 0.5425204045772553 
[2025-11-20 10:29:54 diffposetalk_trainer.py line 157]=>INFO: iter: 300 loss_val: 0.5462163755297661 
[2025-11-20 10:30:03 diffposetalk_trainer.py line 157]=>INFO: iter: 350 loss_val: 0.5480285436766488 
[2025-11-20 10:30:12 diffposetalk_trainer.py line 157]=>INFO: iter: 400 loss_val: 0.546310777887702 
[2025-11-20 10:30:13 base_trainer.py line 675]=>INFO: Checkpoint saved to output/HDTF_TFHP/StyleEncoderTrainer/Train/model/model.pth.tar-iter-50000
[2025-11-20 10:30:15 diffposetalk_trainer.py line 101]=>INFO: iter [50050/100000] time 0.052 (0.052) data 0.000 (0.000) loss 0.0806 lr 4.9921e-05 eta 0:43:35
[2025-11-20 10:30:19 diffposetalk_trainer.py line 101]=>INFO: iter [50100/100000] time 0.046 (0.046) data 0.000 (0.000) loss 0.0396 lr 4.9843e-05 eta 0:38:06
[2025-11-20 10:30:22 diffposetalk_trainer.py line 101]=>INFO: iter [50150/100000] time 0.030 (0.030) data 0.000 (0.000) loss 0.0396 lr 4.9764e-05 eta 0:24:43
[2025-11-20 10:30:24 diffposetalk_trainer.py line 101]=>INFO: iter [50200/100000] time 0.031 (0.031) data 0.000 (0.000) loss 0.0217 lr 4.9686e-05 eta 0:25:36
[2025-11-20 10:30:27 diffposetalk_trainer.py line 101]=>INFO: iter [50250/100000] time 0.044 (0.044) data 0.000 (0.000) loss 0.0233 lr 4.9607e-05 eta 0:36:49
[2025-11-20 10:30:30 diffposetalk_trainer.py line 101]=>INFO: iter [50300/100000] time 0.041 (0.041) data 0.000 (0.000) loss 0.0267 lr 4.9529e-05 eta 0:34:15
[2025-11-20 10:30:33 diffposetalk_trainer.py line 101]=>INFO: iter [50350/100000] time 0.047 (0.047) data 0.000 (0.000) loss 0.0435 lr 4.9450e-05 eta 0:38:50
[2025-11-20 10:30:35 diffposetalk_trainer.py line 101]=>INFO: iter [50400/100000] time 0.047 (0.047) data 0.000 (0.000) loss 0.0044 lr 4.9372e-05 eta 0:39:01
[2025-11-20 10:30:38 diffposetalk_trainer.py line 101]=>INFO: iter [50450/100000] time 0.033 (0.033) data 0.000 (0.000) loss 0.0405 lr 4.9293e-05 eta 0:27:38
[2025-11-20 10:30:40 diffposetalk_trainer.py line 101]=>INFO: iter [50500/100000] time 0.041 (0.041) data 0.000 (0.000) loss 0.0193 lr 4.9215e-05 eta 0:33:27
[2025-11-20 10:30:43 diffposetalk_trainer.py line 101]=>INFO: iter [50550/100000] time 0.047 (0.047) data 0.000 (0.000) loss 0.0222 lr 4.9136e-05 eta 0:38:45
[2025-11-20 10:30:46 diffposetalk_trainer.py line 101]=>INFO: iter [50600/100000] time 0.040 (0.040) data 0.000 (0.000) loss 0.0255 lr 4.9058e-05 eta 0:33:00
[2025-11-20 10:30:49 diffposetalk_trainer.py line 101]=>INFO: iter [50650/100000] time 0.045 (0.045) data 0.000 (0.000) loss 0.0294 lr 4.8979e-05 eta 0:36:38
[2025-11-20 10:30:51 diffposetalk_trainer.py line 101]=>INFO: iter [50700/100000] time 0.025 (0.025) data 0.000 (0.000) loss 0.0901 lr 4.8901e-05 eta 0:20:19
[2025-11-20 10:30:53 diffposetalk_trainer.py line 101]=>INFO: iter [50750/100000] time 0.023 (0.023) data 0.000 (0.000) loss 0.0623 lr 4.8822e-05 eta 0:19:02
[2025-11-20 10:30:56 diffposetalk_trainer.py line 101]=>INFO: iter [50800/100000] time 0.042 (0.042) data 0.000 (0.000) loss 0.0252 lr 4.8743e-05 eta 0:34:42
[2025-11-20 10:30:57 diffposetalk_trainer.py line 101]=>INFO: iter [50850/100000] time 0.024 (0.024) data 0.005 (0.005) loss 0.0241 lr 4.8665e-05 eta 0:19:22
[2025-11-20 10:30:59 diffposetalk_trainer.py line 101]=>INFO: iter [50900/100000] time 0.026 (0.026) data 0.000 (0.000) loss 0.0202 lr 4.8586e-05 eta 0:21:24
[2025-11-20 10:31:02 diffposetalk_trainer.py line 101]=>INFO: iter [50950/100000] time 0.036 (0.036) data 0.001 (0.001) loss 0.0203 lr 4.8508e-05 eta 0:29:33
[2025-11-20 10:31:04 diffposetalk_trainer.py line 101]=>INFO: iter [51000/100000] time 0.044 (0.044) data 0.001 (0.001) loss 0.0254 lr 4.8429e-05 eta 0:35:47
[2025-11-20 10:31:07 diffposetalk_trainer.py line 101]=>INFO: iter [51050/100000] time 0.026 (0.026) data 0.000 (0.000) loss 0.1018 lr 4.8351e-05 eta 0:20:51
[2025-11-20 10:31:08 diffposetalk_trainer.py line 101]=>INFO: iter [51100/100000] time 0.020 (0.020) data 0.000 (0.000) loss 0.0085 lr 4.8272e-05 eta 0:16:23
[2025-11-20 10:31:10 diffposetalk_trainer.py line 101]=>INFO: iter [51150/100000] time 0.022 (0.022) data 0.000 (0.000) loss 0.0162 lr 4.8194e-05 eta 0:17:33
[2025-11-20 10:31:13 diffposetalk_trainer.py line 101]=>INFO: iter [51200/100000] time 0.048 (0.048) data 0.000 (0.000) loss 0.0911 lr 4.8115e-05 eta 0:39:01
[2025-11-20 10:31:16 diffposetalk_trainer.py line 101]=>INFO: iter [51250/100000] time 0.031 (0.031) data 0.000 (0.000) loss 0.0508 lr 4.8037e-05 eta 0:25:22
[2025-11-20 10:31:19 diffposetalk_trainer.py line 101]=>INFO: iter [51300/100000] time 0.048 (0.048) data 0.000 (0.000) loss 0.0365 lr 4.7959e-05 eta 0:38:46
[2025-11-20 10:31:21 diffposetalk_trainer.py line 101]=>INFO: iter [51350/100000] time 0.025 (0.025) data 0.000 (0.000) loss 0.0253 lr 4.7880e-05 eta 0:20:09
[2025-11-20 10:31:23 diffposetalk_trainer.py line 101]=>INFO: iter [51400/100000] time 0.022 (0.022) data 0.000 (0.000) loss 0.0752 lr 4.7802e-05 eta 0:17:26
[2025-11-20 10:31:25 diffposetalk_trainer.py line 101]=>INFO: iter [51450/100000] time 0.042 (0.042) data 0.000 (0.000) loss 0.0571 lr 4.7723e-05 eta 0:33:37
[2025-11-20 10:31:28 diffposetalk_trainer.py line 101]=>INFO: iter [51500/100000] time 0.030 (0.030) data 0.000 (0.000) loss 0.0199 lr 4.7645e-05 eta 0:24:02
[2025-11-20 10:31:31 diffposetalk_trainer.py line 101]=>INFO: iter [51550/100000] time 0.038 (0.038) data 0.000 (0.000) loss 0.0205 lr 4.7566e-05 eta 0:30:25
[2025-11-20 10:31:33 diffposetalk_trainer.py line 101]=>INFO: iter [51600/100000] time 0.018 (0.018) data 0.000 (0.000) loss 0.0221 lr 4.7488e-05 eta 0:14:44
[2025-11-20 10:31:35 diffposetalk_trainer.py line 101]=>INFO: iter [51650/100000] time 0.053 (0.053) data 0.001 (0.001) loss 0.1024 lr 4.7409e-05 eta 0:43:02
[2025-11-20 10:31:38 diffposetalk_trainer.py line 101]=>INFO: iter [51700/100000] time 0.035 (0.035) data 0.000 (0.000) loss 0.1070 lr 4.7331e-05 eta 0:28:31
[2025-11-20 10:31:40 diffposetalk_trainer.py line 101]=>INFO: iter [51750/100000] time 0.025 (0.025) data 0.000 (0.000) loss 0.0241 lr 4.7252e-05 eta 0:19:59
[2025-11-20 10:31:41 diffposetalk_trainer.py line 101]=>INFO: iter [51800/100000] time 0.022 (0.022) data 0.000 (0.000) loss 0.0113 lr 4.7174e-05 eta 0:17:56
[2025-11-20 10:31:44 diffposetalk_trainer.py line 101]=>INFO: iter [51850/100000] time 0.030 (0.030) data 0.000 (0.000) loss 0.0303 lr 4.7096e-05 eta 0:23:57
[2025-11-20 10:31:47 diffposetalk_trainer.py line 101]=>INFO: iter [51900/100000] time 0.021 (0.021) data 0.000 (0.000) loss 0.0245 lr 4.7017e-05 eta 0:16:26
[2025-11-20 10:31:49 diffposetalk_trainer.py line 101]=>INFO: iter [51950/100000] time 0.021 (0.021) data 0.000 (0.000) loss 0.0383 lr 4.6939e-05 eta 0:16:47
[2025-11-20 10:31:50 diffposetalk_trainer.py line 101]=>INFO: iter [52000/100000] time 0.023 (0.023) data 0.000 (0.000) loss 0.0228 lr 4.6860e-05 eta 0:18:37
[2025-11-20 10:31:50 diffposetalk_trainer.py line 144]=>INFO: Evaluate on the *val* set
[2025-11-20 10:31:58 diffposetalk_trainer.py line 157]=>INFO: iter: 50 loss_val: 0.540597305893898 
[2025-11-20 10:32:05 diffposetalk_trainer.py line 157]=>INFO: iter: 100 loss_val: 0.5440684416890145 
[2025-11-20 10:32:12 diffposetalk_trainer.py line 157]=>INFO: iter: 150 loss_val: 0.5466543539365133 
[2025-11-20 10:32:19 diffposetalk_trainer.py line 157]=>INFO: iter: 200 loss_val: 0.5436036516726017 
[2025-11-20 10:32:25 diffposetalk_trainer.py line 157]=>INFO: iter: 250 loss_val: 0.546384554028511 
[2025-11-20 10:32:32 diffposetalk_trainer.py line 157]=>INFO: iter: 300 loss_val: 0.5461326644817988 
[2025-11-20 10:32:38 diffposetalk_trainer.py line 157]=>INFO: iter: 350 loss_val: 0.5458307336057936 
[2025-11-20 10:32:46 diffposetalk_trainer.py line 157]=>INFO: iter: 400 loss_val: 0.5461015819013119 
[2025-11-20 10:32:46 base_trainer.py line 675]=>INFO: Checkpoint saved to output/HDTF_TFHP/StyleEncoderTrainer/Train/model/model.pth.tar-iter-52000
[2025-11-20 10:32:49 diffposetalk_trainer.py line 101]=>INFO: iter [52050/100000] time 0.054 (0.054) data 0.000 (0.000) loss 0.0648 lr 4.6782e-05 eta 0:43:19
[2025-11-20 10:32:51 diffposetalk_trainer.py line 101]=>INFO: iter [52100/100000] time 0.054 (0.054) data 0.001 (0.001) loss 0.0228 lr 4.6704e-05 eta 0:43:19
[2025-11-20 10:32:54 diffposetalk_trainer.py line 101]=>INFO: iter [52150/100000] time 0.031 (0.031) data 0.000 (0.000) loss 0.0199 lr 4.6625e-05 eta 0:24:29
[2025-11-20 10:32:56 diffposetalk_trainer.py line 101]=>INFO: iter [52200/100000] time 0.036 (0.036) data 0.000 (0.000) loss 0.0601 lr 4.6547e-05 eta 0:28:48
[2025-11-20 10:32:59 diffposetalk_trainer.py line 101]=>INFO: iter [52250/100000] time 0.057 (0.057) data 0.001 (0.001) loss 0.0264 lr 4.6469e-05 eta 0:45:09
[2025-11-20 10:33:02 diffposetalk_trainer.py line 101]=>INFO: iter [52300/100000] time 0.040 (0.040) data 0.000 (0.000) loss 0.0217 lr 4.6390e-05 eta 0:32:00
[2025-11-20 10:33:05 diffposetalk_trainer.py line 101]=>INFO: iter [52350/100000] time 0.031 (0.031) data 0.000 (0.000) loss 0.0717 lr 4.6312e-05 eta 0:24:31
[2025-11-20 10:33:06 diffposetalk_trainer.py line 101]=>INFO: iter [52400/100000] time 0.019 (0.019) data 0.000 (0.000) loss 0.0236 lr 4.6234e-05 eta 0:14:49
[2025-11-20 10:33:08 diffposetalk_trainer.py line 101]=>INFO: iter [52450/100000] time 0.027 (0.027) data 0.000 (0.000) loss 0.0326 lr 4.6155e-05 eta 0:21:27
[2025-11-20 10:33:10 diffposetalk_trainer.py line 101]=>INFO: iter [52500/100000] time 0.017 (0.017) data 0.000 (0.000) loss 0.0062 lr 4.6077e-05 eta 0:13:50
[2025-11-20 10:33:11 diffposetalk_trainer.py line 101]=>INFO: iter [52550/100000] time 0.035 (0.035) data 0.000 (0.000) loss 0.0507 lr 4.5999e-05 eta 0:27:19
[2025-11-20 10:33:14 diffposetalk_trainer.py line 101]=>INFO: iter [52600/100000] time 0.024 (0.024) data 0.000 (0.000) loss 0.0200 lr 4.5920e-05 eta 0:18:52
[2025-11-20 10:33:17 diffposetalk_trainer.py line 101]=>INFO: iter [52650/100000] time 0.053 (0.053) data 0.000 (0.000) loss 0.1310 lr 4.5842e-05 eta 0:41:44
[2025-11-20 10:33:21 diffposetalk_trainer.py line 101]=>INFO: iter [52700/100000] time 0.042 (0.042) data 0.000 (0.000) loss 0.0339 lr 4.5764e-05 eta 0:33:11
[2025-11-20 10:33:23 diffposetalk_trainer.py line 101]=>INFO: iter [52750/100000] time 0.044 (0.044) data 0.000 (0.000) loss 0.0301 lr 4.5686e-05 eta 0:34:39
[2025-11-20 10:33:26 diffposetalk_trainer.py line 101]=>INFO: iter [52800/100000] time 0.022 (0.022) data 0.000 (0.000) loss 0.1097 lr 4.5607e-05 eta 0:16:57
[2025-11-20 10:33:28 diffposetalk_trainer.py line 101]=>INFO: iter [52850/100000] time 0.049 (0.049) data 0.000 (0.000) loss 0.0212 lr 4.5529e-05 eta 0:38:38
[2025-11-20 10:33:31 diffposetalk_trainer.py line 101]=>INFO: iter [52900/100000] time 0.033 (0.033) data 0.000 (0.000) loss 0.0228 lr 4.5451e-05 eta 0:25:49
[2025-11-20 10:33:34 diffposetalk_trainer.py line 101]=>INFO: iter [52950/100000] time 0.043 (0.043) data 0.000 (0.000) loss 0.0368 lr 4.5373e-05 eta 0:33:20
[2025-11-20 10:33:36 diffposetalk_trainer.py line 101]=>INFO: iter [53000/100000] time 0.034 (0.034) data 0.000 (0.000) loss 0.0351 lr 4.5295e-05 eta 0:26:28
[2025-11-20 10:33:38 diffposetalk_trainer.py line 101]=>INFO: iter [53050/100000] time 0.028 (0.028) data 0.000 (0.000) loss 0.0213 lr 4.5216e-05 eta 0:21:57
[2025-11-20 10:33:41 diffposetalk_trainer.py line 101]=>INFO: iter [53100/100000] time 0.029 (0.029) data 0.000 (0.000) loss 0.0276 lr 4.5138e-05 eta 0:22:21
[2025-11-20 10:33:43 diffposetalk_trainer.py line 101]=>INFO: iter [53150/100000] time 0.050 (0.050) data 0.000 (0.000) loss 0.0261 lr 4.5060e-05 eta 0:38:50
[2025-11-20 10:33:46 diffposetalk_trainer.py line 101]=>INFO: iter [53200/100000] time 0.044 (0.044) data 0.000 (0.000) loss 0.0085 lr 4.4982e-05 eta 0:34:13
[2025-11-20 10:33:48 diffposetalk_trainer.py line 101]=>INFO: iter [53250/100000] time 0.043 (0.043) data 0.000 (0.000) loss 0.0818 lr 4.4904e-05 eta 0:33:09
[2025-11-20 10:33:51 diffposetalk_trainer.py line 101]=>INFO: iter [53300/100000] time 0.052 (0.052) data 0.000 (0.000) loss 0.0177 lr 4.4826e-05 eta 0:40:34
[2025-11-20 10:33:53 diffposetalk_trainer.py line 101]=>INFO: iter [53350/100000] time 0.052 (0.052) data 0.000 (0.000) loss 0.0215 lr 4.4748e-05 eta 0:40:13
[2025-11-20 10:33:55 diffposetalk_trainer.py line 101]=>INFO: iter [53400/100000] time 0.040 (0.040) data 0.000 (0.000) loss 0.0862 lr 4.4669e-05 eta 0:31:16
[2025-11-20 10:33:57 diffposetalk_trainer.py line 101]=>INFO: iter [53450/100000] time 0.024 (0.024) data 0.000 (0.000) loss 0.0320 lr 4.4591e-05 eta 0:18:50
[2025-11-20 10:33:59 diffposetalk_trainer.py line 101]=>INFO: iter [53500/100000] time 0.024 (0.024) data 0.000 (0.000) loss 0.0319 lr 4.4513e-05 eta 0:18:34
[2025-11-20 10:34:01 diffposetalk_trainer.py line 101]=>INFO: iter [53550/100000] time 0.018 (0.018) data 0.000 (0.000) loss 0.0503 lr 4.4435e-05 eta 0:14:04
[2025-11-20 10:34:03 diffposetalk_trainer.py line 101]=>INFO: iter [53600/100000] time 0.024 (0.024) data 0.000 (0.000) loss 0.0787 lr 4.4357e-05 eta 0:18:23
[2025-11-20 10:34:04 diffposetalk_trainer.py line 101]=>INFO: iter [53650/100000] time 0.018 (0.018) data 0.000 (0.000) loss 0.0273 lr 4.4279e-05 eta 0:14:12
[2025-11-20 10:34:06 diffposetalk_trainer.py line 101]=>INFO: iter [53700/100000] time 0.024 (0.024) data 0.000 (0.000) loss 0.0381 lr 4.4201e-05 eta 0:18:26
[2025-11-20 10:34:08 diffposetalk_trainer.py line 101]=>INFO: iter [53750/100000] time 0.033 (0.033) data 0.000 (0.000) loss 0.0380 lr 4.4123e-05 eta 0:25:25
[2025-11-20 10:34:10 diffposetalk_trainer.py line 101]=>INFO: iter [53800/100000] time 0.025 (0.025) data 0.000 (0.000) loss 0.0223 lr 4.4045e-05 eta 0:19:11
[2025-11-20 10:34:12 diffposetalk_trainer.py line 101]=>INFO: iter [53850/100000] time 0.020 (0.020) data 0.000 (0.000) loss 0.0302 lr 4.3967e-05 eta 0:15:39
[2025-11-20 10:34:14 diffposetalk_trainer.py line 101]=>INFO: iter [53900/100000] time 0.022 (0.022) data 0.000 (0.000) loss 0.0054 lr 4.3889e-05 eta 0:16:51
[2025-11-20 10:34:16 diffposetalk_trainer.py line 101]=>INFO: iter [53950/100000] time 0.031 (0.031) data 0.000 (0.000) loss 0.0290 lr 4.3811e-05 eta 0:24:02
[2025-11-20 10:34:18 diffposetalk_trainer.py line 101]=>INFO: iter [54000/100000] time 0.031 (0.031) data 0.000 (0.000) loss 0.0194 lr 4.3733e-05 eta 0:23:46
[2025-11-20 10:34:18 diffposetalk_trainer.py line 144]=>INFO: Evaluate on the *val* set
[2025-11-20 10:34:25 diffposetalk_trainer.py line 157]=>INFO: iter: 50 loss_val: 0.5413522756099701 
[2025-11-20 10:34:31 diffposetalk_trainer.py line 157]=>INFO: iter: 100 loss_val: 0.5408752143383027 
[2025-11-20 10:34:37 diffposetalk_trainer.py line 157]=>INFO: iter: 150 loss_val: 0.5423655561606089 
[2025-11-20 10:34:44 diffposetalk_trainer.py line 157]=>INFO: iter: 200 loss_val: 0.53920878008008 
[2025-11-20 10:34:50 diffposetalk_trainer.py line 157]=>INFO: iter: 250 loss_val: 0.5376161473989487 
[2025-11-20 10:34:57 diffposetalk_trainer.py line 157]=>INFO: iter: 300 loss_val: 0.5400336354970932 
[2025-11-20 10:35:02 diffposetalk_trainer.py line 157]=>INFO: iter: 350 loss_val: 0.5417503998109272 
[2025-11-20 10:35:08 diffposetalk_trainer.py line 157]=>INFO: iter: 400 loss_val: 0.54124795332551 
[2025-11-20 10:35:08 base_trainer.py line 675]=>INFO: Checkpoint saved to output/HDTF_TFHP/StyleEncoderTrainer/Train/model/model.pth.tar-iter-54000
[2025-11-20 10:35:10 diffposetalk_trainer.py line 101]=>INFO: iter [54050/100000] time 0.026 (0.026) data 0.000 (0.000) loss 0.0551 lr 4.3655e-05 eta 0:20:08
[2025-11-20 10:35:13 diffposetalk_trainer.py line 101]=>INFO: iter [54100/100000] time 0.027 (0.027) data 0.000 (0.000) loss 0.0240 lr 4.3578e-05 eta 0:20:33
[2025-11-20 10:35:14 diffposetalk_trainer.py line 101]=>INFO: iter [54150/100000] time 0.018 (0.018) data 0.000 (0.000) loss 0.0714 lr 4.3500e-05 eta 0:13:55
[2025-11-20 10:35:16 diffposetalk_trainer.py line 101]=>INFO: iter [54200/100000] time 0.020 (0.020) data 0.001 (0.001) loss 0.0800 lr 4.3422e-05 eta 0:15:25
[2025-11-20 10:35:18 diffposetalk_trainer.py line 101]=>INFO: iter [54250/100000] time 0.021 (0.021) data 0.000 (0.000) loss 0.0191 lr 4.3344e-05 eta 0:15:45
[2025-11-20 10:35:20 diffposetalk_trainer.py line 101]=>INFO: iter [54300/100000] time 0.039 (0.039) data 0.000 (0.000) loss 0.0233 lr 4.3266e-05 eta 0:29:37
[2025-11-20 10:35:22 diffposetalk_trainer.py line 101]=>INFO: iter [54350/100000] time 0.023 (0.023) data 0.000 (0.000) loss 0.0227 lr 4.3188e-05 eta 0:17:50
[2025-11-20 10:35:23 diffposetalk_trainer.py line 101]=>INFO: iter [54400/100000] time 0.020 (0.020) data 0.000 (0.000) loss 0.0288 lr 4.3110e-05 eta 0:15:03
[2025-11-20 10:35:25 diffposetalk_trainer.py line 101]=>INFO: iter [54450/100000] time 0.029 (0.029) data 0.000 (0.000) loss 0.0871 lr 4.3033e-05 eta 0:21:51
[2025-11-20 10:35:27 diffposetalk_trainer.py line 101]=>INFO: iter [54500/100000] time 0.025 (0.025) data 0.000 (0.000) loss 0.1580 lr 4.2955e-05 eta 0:18:50
[2025-11-20 10:35:29 diffposetalk_trainer.py line 101]=>INFO: iter [54550/100000] time 0.018 (0.018) data 0.000 (0.000) loss 0.0190 lr 4.2877e-05 eta 0:13:47
[2025-11-20 10:35:30 diffposetalk_trainer.py line 101]=>INFO: iter [54600/100000] time 0.021 (0.021) data 0.000 (0.000) loss 0.0062 lr 4.2799e-05 eta 0:15:45
[2025-11-20 10:35:32 diffposetalk_trainer.py line 101]=>INFO: iter [54650/100000] time 0.028 (0.028) data 0.000 (0.000) loss 0.0266 lr 4.2722e-05 eta 0:21:13
[2025-11-20 10:35:34 diffposetalk_trainer.py line 101]=>INFO: iter [54700/100000] time 0.024 (0.024) data 0.000 (0.000) loss 0.0495 lr 4.2644e-05 eta 0:17:52
[2025-11-20 10:35:36 diffposetalk_trainer.py line 101]=>INFO: iter [54750/100000] time 0.026 (0.026) data 0.000 (0.000) loss 0.0406 lr 4.2566e-05 eta 0:19:29
[2025-11-20 10:35:38 diffposetalk_trainer.py line 101]=>INFO: iter [54800/100000] time 0.045 (0.045) data 0.000 (0.000) loss 0.0455 lr 4.2489e-05 eta 0:34:12
[2025-11-20 10:35:40 diffposetalk_trainer.py line 101]=>INFO: iter [54850/100000] time 0.027 (0.027) data 0.000 (0.000) loss 0.0237 lr 4.2411e-05 eta 0:20:20
[2025-11-20 10:35:42 diffposetalk_trainer.py line 101]=>INFO: iter [54900/100000] time 0.031 (0.031) data 0.000 (0.000) loss 0.0475 lr 4.2333e-05 eta 0:23:11
[2025-11-20 10:35:44 diffposetalk_trainer.py line 101]=>INFO: iter [54950/100000] time 0.032 (0.032) data 0.000 (0.000) loss 0.0250 lr 4.2256e-05 eta 0:23:53
[2025-11-20 10:35:46 diffposetalk_trainer.py line 101]=>INFO: iter [55000/100000] time 0.033 (0.033) data 0.000 (0.000) loss 0.0847 lr 4.2178e-05 eta 0:25:01
[2025-11-20 10:35:48 diffposetalk_trainer.py line 101]=>INFO: iter [55050/100000] time 0.035 (0.035) data 0.000 (0.000) loss 0.0750 lr 4.2101e-05 eta 0:26:00
[2025-11-20 10:35:49 diffposetalk_trainer.py line 101]=>INFO: iter [55100/100000] time 0.020 (0.020) data 0.000 (0.000) loss 0.0194 lr 4.2023e-05 eta 0:14:40
[2025-11-20 10:35:51 diffposetalk_trainer.py line 101]=>INFO: iter [55150/100000] time 0.020 (0.020) data 0.000 (0.000) loss 0.0423 lr 4.1946e-05 eta 0:14:49
[2025-11-20 10:35:52 diffposetalk_trainer.py line 101]=>INFO: iter [55200/100000] time 0.019 (0.019) data 0.000 (0.000) loss 0.0219 lr 4.1868e-05 eta 0:14:14
[2025-11-20 10:35:55 diffposetalk_trainer.py line 101]=>INFO: iter [55250/100000] time 0.037 (0.037) data 0.000 (0.000) loss 0.0251 lr 4.1791e-05 eta 0:27:25
[2025-11-20 10:35:56 diffposetalk_trainer.py line 101]=>INFO: iter [55300/100000] time 0.025 (0.025) data 0.000 (0.000) loss 0.0110 lr 4.1713e-05 eta 0:18:32
[2025-11-20 10:35:58 diffposetalk_trainer.py line 101]=>INFO: iter [55350/100000] time 0.029 (0.029) data 0.000 (0.000) loss 0.0214 lr 4.1636e-05 eta 0:21:40
[2025-11-20 10:36:01 diffposetalk_trainer.py line 101]=>INFO: iter [55400/100000] time 0.037 (0.037) data 0.000 (0.000) loss 0.0283 lr 4.1558e-05 eta 0:27:31
[2025-11-20 10:36:02 diffposetalk_trainer.py line 101]=>INFO: iter [55450/100000] time 0.015 (0.015) data 0.000 (0.000) loss 0.0246 lr 4.1481e-05 eta 0:11:04
[2025-11-20 10:36:04 diffposetalk_trainer.py line 101]=>INFO: iter [55500/100000] time 0.019 (0.019) data 0.000 (0.000) loss 0.0207 lr 4.1404e-05 eta 0:14:03
[2025-11-20 10:36:06 diffposetalk_trainer.py line 101]=>INFO: iter [55550/100000] time 0.022 (0.022) data 0.000 (0.000) loss 0.0243 lr 4.1326e-05 eta 0:16:38
[2025-11-20 10:36:08 diffposetalk_trainer.py line 101]=>INFO: iter [55600/100000] time 0.022 (0.022) data 0.000 (0.000) loss 0.0189 lr 4.1249e-05 eta 0:15:55
[2025-11-20 10:36:10 diffposetalk_trainer.py line 101]=>INFO: iter [55650/100000] time 0.023 (0.023) data 0.000 (0.000) loss 0.0221 lr 4.1172e-05 eta 0:17:15
[2025-11-20 10:36:11 diffposetalk_trainer.py line 101]=>INFO: iter [55700/100000] time 0.025 (0.025) data 0.000 (0.000) loss 0.0203 lr 4.1094e-05 eta 0:18:42
[2025-11-20 10:36:13 diffposetalk_trainer.py line 101]=>INFO: iter [55750/100000] time 0.033 (0.033) data 0.000 (0.000) loss 0.0262 lr 4.1017e-05 eta 0:24:20
[2025-11-20 10:36:15 diffposetalk_trainer.py line 101]=>INFO: iter [55800/100000] time 0.035 (0.035) data 0.000 (0.000) loss 0.0460 lr 4.0940e-05 eta 0:25:41
[2025-11-20 10:36:17 diffposetalk_trainer.py line 101]=>INFO: iter [55850/100000] time 0.036 (0.036) data 0.000 (0.000) loss 0.0318 lr 4.0862e-05 eta 0:26:41
[2025-11-20 10:36:19 diffposetalk_trainer.py line 101]=>INFO: iter [55900/100000] time 0.029 (0.029) data 0.000 (0.000) loss 0.0229 lr 4.0785e-05 eta 0:21:12
[2025-11-20 10:36:20 diffposetalk_trainer.py line 101]=>INFO: iter [55950/100000] time 0.033 (0.033) data 0.000 (0.000) loss 0.0180 lr 4.0708e-05 eta 0:23:55
[2025-11-20 10:36:22 diffposetalk_trainer.py line 101]=>INFO: iter [56000/100000] time 0.020 (0.020) data 0.000 (0.000) loss 0.0077 lr 4.0631e-05 eta 0:14:35
[2025-11-20 10:36:22 diffposetalk_trainer.py line 144]=>INFO: Evaluate on the *val* set
[2025-11-20 10:36:27 diffposetalk_trainer.py line 157]=>INFO: iter: 50 loss_val: 0.5647141706943511 
[2025-11-20 10:36:33 diffposetalk_trainer.py line 157]=>INFO: iter: 100 loss_val: 0.5659255489706994 
[2025-11-20 10:36:38 diffposetalk_trainer.py line 157]=>INFO: iter: 150 loss_val: 0.5588437259197235 
[2025-11-20 10:36:44 diffposetalk_trainer.py line 157]=>INFO: iter: 200 loss_val: 0.5577739143371582 
[2025-11-20 10:36:49 diffposetalk_trainer.py line 157]=>INFO: iter: 250 loss_val: 0.5562972251176834 
[2025-11-20 10:36:55 diffposetalk_trainer.py line 157]=>INFO: iter: 300 loss_val: 0.5575542269150416 
[2025-11-20 10:37:00 diffposetalk_trainer.py line 157]=>INFO: iter: 350 loss_val: 0.5569210968698775 
[2025-11-20 10:37:05 diffposetalk_trainer.py line 157]=>INFO: iter: 400 loss_val: 0.555800002515316 
[2025-11-20 10:37:06 base_trainer.py line 675]=>INFO: Checkpoint saved to output/HDTF_TFHP/StyleEncoderTrainer/Train/model/model.pth.tar-iter-56000
[2025-11-20 10:37:08 diffposetalk_trainer.py line 101]=>INFO: iter [56050/100000] time 0.027 (0.027) data 0.000 (0.000) loss 0.0634 lr 4.0554e-05 eta 0:19:38
[2025-11-20 10:37:10 diffposetalk_trainer.py line 101]=>INFO: iter [56100/100000] time 0.027 (0.027) data 0.000 (0.000) loss 0.0259 lr 4.0477e-05 eta 0:19:41
[2025-11-20 10:37:11 diffposetalk_trainer.py line 101]=>INFO: iter [56150/100000] time 0.025 (0.025) data 0.000 (0.000) loss 0.0319 lr 4.0400e-05 eta 0:18:14
[2025-11-20 10:37:13 diffposetalk_trainer.py line 101]=>INFO: iter [56200/100000] time 0.039 (0.039) data 0.001 (0.001) loss 0.0314 lr 4.0323e-05 eta 0:28:14
[2025-11-20 10:37:15 diffposetalk_trainer.py line 101]=>INFO: iter [56250/100000] time 0.023 (0.023) data 0.000 (0.000) loss 0.1003 lr 4.0245e-05 eta 0:16:35
[2025-11-20 10:37:17 diffposetalk_trainer.py line 101]=>INFO: iter [56300/100000] time 0.026 (0.026) data 0.001 (0.001) loss 0.0358 lr 4.0168e-05 eta 0:18:59
[2025-11-20 10:37:19 diffposetalk_trainer.py line 101]=>INFO: iter [56350/100000] time 0.020 (0.020) data 0.000 (0.000) loss 0.0305 lr 4.0091e-05 eta 0:14:22
[2025-11-20 10:37:20 diffposetalk_trainer.py line 101]=>INFO: iter [56400/100000] time 0.026 (0.026) data 0.000 (0.000) loss 0.1281 lr 4.0015e-05 eta 0:18:46
[2025-11-20 10:37:22 diffposetalk_trainer.py line 101]=>INFO: iter [56450/100000] time 0.025 (0.025) data 0.002 (0.002) loss 0.0200 lr 3.9938e-05 eta 0:18:17
[2025-11-20 10:37:23 diffposetalk_trainer.py line 101]=>INFO: iter [56500/100000] time 0.019 (0.019) data 0.000 (0.000) loss 0.0569 lr 3.9861e-05 eta 0:13:48
[2025-11-20 10:37:25 diffposetalk_trainer.py line 101]=>INFO: iter [56550/100000] time 0.036 (0.036) data 0.000 (0.000) loss 0.0184 lr 3.9784e-05 eta 0:25:55
[2025-11-20 10:37:27 diffposetalk_trainer.py line 101]=>INFO: iter [56600/100000] time 0.022 (0.022) data 0.000 (0.000) loss 0.0715 lr 3.9707e-05 eta 0:16:10
[2025-11-20 10:37:29 diffposetalk_trainer.py line 101]=>INFO: iter [56650/100000] time 0.019 (0.019) data 0.000 (0.000) loss 0.0728 lr 3.9630e-05 eta 0:13:32
[2025-11-20 10:37:30 diffposetalk_trainer.py line 101]=>INFO: iter [56700/100000] time 0.019 (0.019) data 0.000 (0.000) loss 0.0049 lr 3.9553e-05 eta 0:13:24
[2025-11-20 10:37:32 diffposetalk_trainer.py line 101]=>INFO: iter [56750/100000] time 0.017 (0.017) data 0.000 (0.000) loss 0.0251 lr 3.9476e-05 eta 0:12:28
[2025-11-20 10:37:33 diffposetalk_trainer.py line 101]=>INFO: iter [56800/100000] time 0.032 (0.032) data 0.000 (0.000) loss 0.0825 lr 3.9400e-05 eta 0:23:00
[2025-11-20 10:37:35 diffposetalk_trainer.py line 101]=>INFO: iter [56850/100000] time 0.025 (0.025) data 0.000 (0.000) loss 0.0261 lr 3.9323e-05 eta 0:17:59
[2025-11-20 10:37:37 diffposetalk_trainer.py line 101]=>INFO: iter [56900/100000] time 0.024 (0.024) data 0.000 (0.000) loss 0.0184 lr 3.9246e-05 eta 0:17:10
[2025-11-20 10:37:38 diffposetalk_trainer.py line 101]=>INFO: iter [56950/100000] time 0.020 (0.020) data 0.000 (0.000) loss 0.0567 lr 3.9169e-05 eta 0:14:03
[2025-11-20 10:37:40 diffposetalk_trainer.py line 101]=>INFO: iter [57000/100000] time 0.021 (0.021) data 0.000 (0.000) loss 0.0210 lr 3.9093e-05 eta 0:15:10
[2025-11-20 10:37:42 diffposetalk_trainer.py line 101]=>INFO: iter [57050/100000] time 0.032 (0.032) data 0.000 (0.000) loss 0.0404 lr 3.9016e-05 eta 0:23:00
[2025-11-20 10:37:44 diffposetalk_trainer.py line 101]=>INFO: iter [57100/100000] time 0.026 (0.026) data 0.000 (0.000) loss 0.0218 lr 3.8940e-05 eta 0:18:35
[2025-11-20 10:37:46 diffposetalk_trainer.py line 101]=>INFO: iter [57150/100000] time 0.036 (0.036) data 0.000 (0.000) loss 0.0171 lr 3.8863e-05 eta 0:26:00
[2025-11-20 10:37:47 diffposetalk_trainer.py line 101]=>INFO: iter [57200/100000] time 0.020 (0.020) data 0.000 (0.000) loss 0.1202 lr 3.8786e-05 eta 0:14:00
[2025-11-20 10:37:49 diffposetalk_trainer.py line 101]=>INFO: iter [57250/100000] time 0.038 (0.038) data 0.000 (0.000) loss 0.0234 lr 3.8710e-05 eta 0:27:00
[2025-11-20 10:37:51 diffposetalk_trainer.py line 101]=>INFO: iter [57300/100000] time 0.021 (0.021) data 0.000 (0.000) loss 0.0242 lr 3.8633e-05 eta 0:14:47
[2025-11-20 10:37:52 diffposetalk_trainer.py line 101]=>INFO: iter [57350/100000] time 0.027 (0.027) data 0.000 (0.000) loss 0.0214 lr 3.8557e-05 eta 0:18:59
[2025-11-20 10:37:53 diffposetalk_trainer.py line 101]=>INFO: iter [57400/100000] time 0.026 (0.026) data 0.000 (0.000) loss 0.0047 lr 3.8481e-05 eta 0:18:14
[2025-11-20 10:37:55 diffposetalk_trainer.py line 101]=>INFO: iter [57450/100000] time 0.018 (0.018) data 0.000 (0.000) loss 0.0231 lr 3.8404e-05 eta 0:12:41
[2025-11-20 10:37:57 diffposetalk_trainer.py line 101]=>INFO: iter [57500/100000] time 0.020 (0.020) data 0.000 (0.000) loss 0.0211 lr 3.8328e-05 eta 0:14:21
[2025-11-20 10:37:59 diffposetalk_trainer.py line 101]=>INFO: iter [57550/100000] time 0.017 (0.017) data 0.000 (0.000) loss 0.0769 lr 3.8251e-05 eta 0:12:02
[2025-11-20 10:38:01 diffposetalk_trainer.py line 101]=>INFO: iter [57600/100000] time 0.038 (0.038) data 0.000 (0.000) loss 0.0243 lr 3.8175e-05 eta 0:26:35
[2025-11-20 10:38:02 diffposetalk_trainer.py line 101]=>INFO: iter [57650/100000] time 0.026 (0.026) data 0.000 (0.000) loss 0.0183 lr 3.8099e-05 eta 0:18:38
[2025-11-20 10:38:04 diffposetalk_trainer.py line 101]=>INFO: iter [57700/100000] time 0.016 (0.016) data 0.000 (0.000) loss 0.0812 lr 3.8022e-05 eta 0:11:24
[2025-11-20 10:38:05 diffposetalk_trainer.py line 101]=>INFO: iter [57750/100000] time 0.017 (0.017) data 0.000 (0.000) loss 0.0243 lr 3.7946e-05 eta 0:11:47
[2025-11-20 10:38:07 diffposetalk_trainer.py line 101]=>INFO: iter [57800/100000] time 0.040 (0.040) data 0.000 (0.000) loss 0.0272 lr 3.7870e-05 eta 0:28:03
[2025-11-20 10:38:08 diffposetalk_trainer.py line 101]=>INFO: iter [57850/100000] time 0.020 (0.020) data 0.000 (0.000) loss 0.0200 lr 3.7794e-05 eta 0:14:18
[2025-11-20 10:38:10 diffposetalk_trainer.py line 101]=>INFO: iter [57900/100000] time 0.018 (0.018) data 0.000 (0.000) loss 0.0979 lr 3.7718e-05 eta 0:12:35
[2025-11-20 10:38:11 diffposetalk_trainer.py line 101]=>INFO: iter [57950/100000] time 0.020 (0.020) data 0.000 (0.000) loss 0.0225 lr 3.7642e-05 eta 0:14:07
[2025-11-20 10:38:13 diffposetalk_trainer.py line 101]=>INFO: iter [58000/100000] time 0.018 (0.018) data 0.000 (0.000) loss 0.0216 lr 3.7566e-05 eta 0:12:38
[2025-11-20 10:38:13 diffposetalk_trainer.py line 144]=>INFO: Evaluate on the *val* set
[2025-11-20 10:38:19 diffposetalk_trainer.py line 157]=>INFO: iter: 50 loss_val: 0.5493356275558472 
[2025-11-20 10:38:24 diffposetalk_trainer.py line 157]=>INFO: iter: 100 loss_val: 0.5459022352099419 
[2025-11-20 10:38:29 diffposetalk_trainer.py line 157]=>INFO: iter: 150 loss_val: 0.5433421123027802 
[2025-11-20 10:38:33 diffposetalk_trainer.py line 157]=>INFO: iter: 200 loss_val: 0.5457901360094547 
[2025-11-20 10:38:39 diffposetalk_trainer.py line 157]=>INFO: iter: 250 loss_val: 0.5474842637777328 
[2025-11-20 10:38:44 diffposetalk_trainer.py line 157]=>INFO: iter: 300 loss_val: 0.5456725377837817 
[2025-11-20 10:38:49 diffposetalk_trainer.py line 157]=>INFO: iter: 350 loss_val: 0.5438426958663123 
[2025-11-20 10:38:55 diffposetalk_trainer.py line 157]=>INFO: iter: 400 loss_val: 0.5437069154530764 
[2025-11-20 10:38:55 base_trainer.py line 675]=>INFO: Checkpoint saved to output/HDTF_TFHP/StyleEncoderTrainer/Train/model/model.pth.tar-iter-58000
[2025-11-20 10:38:57 diffposetalk_trainer.py line 101]=>INFO: iter [58050/100000] time 0.018 (0.018) data 0.000 (0.000) loss 0.0245 lr 3.7489e-05 eta 0:12:23
[2025-11-20 10:38:58 diffposetalk_trainer.py line 101]=>INFO: iter [58100/100000] time 0.023 (0.023) data 0.000 (0.000) loss 0.0054 lr 3.7413e-05 eta 0:16:18
[2025-11-20 10:39:00 diffposetalk_trainer.py line 101]=>INFO: iter [58150/100000] time 0.023 (0.023) data 0.000 (0.000) loss 0.0234 lr 3.7337e-05 eta 0:16:17
[2025-11-20 10:39:01 diffposetalk_trainer.py line 101]=>INFO: iter [58200/100000] time 0.017 (0.017) data 0.000 (0.000) loss 0.0258 lr 3.7261e-05 eta 0:12:01
[2025-11-20 10:39:03 diffposetalk_trainer.py line 101]=>INFO: iter [58250/100000] time 0.029 (0.029) data 0.000 (0.000) loss 0.0364 lr 3.7186e-05 eta 0:20:09
[2025-11-20 10:39:05 diffposetalk_trainer.py line 101]=>INFO: iter [58300/100000] time 0.027 (0.027) data 0.000 (0.000) loss 0.0265 lr 3.7110e-05 eta 0:18:32
[2025-11-20 10:39:07 diffposetalk_trainer.py line 101]=>INFO: iter [58350/100000] time 0.032 (0.032) data 0.000 (0.000) loss 0.0242 lr 3.7034e-05 eta 0:21:58
[2025-11-20 10:39:09 diffposetalk_trainer.py line 101]=>INFO: iter [58400/100000] time 0.022 (0.022) data 0.000 (0.000) loss 0.0354 lr 3.6958e-05 eta 0:14:55
[2025-11-20 10:39:10 diffposetalk_trainer.py line 101]=>INFO: iter [58450/100000] time 0.024 (0.024) data 0.000 (0.000) loss 0.0189 lr 3.6882e-05 eta 0:16:42
[2025-11-20 10:39:12 diffposetalk_trainer.py line 101]=>INFO: iter [58500/100000] time 0.020 (0.020) data 0.000 (0.000) loss 0.0240 lr 3.6806e-05 eta 0:13:31
[2025-11-20 10:39:14 diffposetalk_trainer.py line 101]=>INFO: iter [58550/100000] time 0.028 (0.028) data 0.000 (0.000) loss 0.0238 lr 3.6731e-05 eta 0:19:34
[2025-11-20 10:39:16 diffposetalk_trainer.py line 101]=>INFO: iter [58600/100000] time 0.020 (0.020) data 0.000 (0.000) loss 0.0424 lr 3.6655e-05 eta 0:13:36
[2025-11-20 10:39:17 diffposetalk_trainer.py line 101]=>INFO: iter [58650/100000] time 0.030 (0.030) data 0.000 (0.000) loss 0.0231 lr 3.6579e-05 eta 0:20:40
[2025-11-20 10:39:19 diffposetalk_trainer.py line 101]=>INFO: iter [58700/100000] time 0.020 (0.020) data 0.000 (0.000) loss 0.0231 lr 3.6504e-05 eta 0:13:29
[2025-11-20 10:39:21 diffposetalk_trainer.py line 101]=>INFO: iter [58750/100000] time 0.028 (0.028) data 0.000 (0.000) loss 0.0209 lr 3.6428e-05 eta 0:19:01
[2025-11-20 10:39:22 diffposetalk_trainer.py line 101]=>INFO: iter [58800/100000] time 0.019 (0.019) data 0.000 (0.000) loss 0.0112 lr 3.6352e-05 eta 0:13:22
[2025-11-20 10:39:23 diffposetalk_trainer.py line 101]=>INFO: iter [58850/100000] time 0.018 (0.018) data 0.000 (0.000) loss 0.0528 lr 3.6277e-05 eta 0:12:08
[2025-11-20 10:39:25 diffposetalk_trainer.py line 101]=>INFO: iter [58900/100000] time 0.036 (0.036) data 0.000 (0.000) loss 0.0223 lr 3.6201e-05 eta 0:24:56
[2025-11-20 10:39:27 diffposetalk_trainer.py line 101]=>INFO: iter [58950/100000] time 0.019 (0.019) data 0.000 (0.000) loss 0.0752 lr 3.6126e-05 eta 0:12:50
[2025-11-20 10:39:29 diffposetalk_trainer.py line 101]=>INFO: iter [59000/100000] time 0.017 (0.017) data 0.000 (0.000) loss 0.0237 lr 3.6050e-05 eta 0:11:52
[2025-11-20 10:39:30 diffposetalk_trainer.py line 101]=>INFO: iter [59050/100000] time 0.029 (0.029) data 0.000 (0.000) loss 0.0363 lr 3.5975e-05 eta 0:19:44
[2025-11-20 10:39:32 diffposetalk_trainer.py line 101]=>INFO: iter [59100/100000] time 0.021 (0.021) data 0.000 (0.000) loss 0.0247 lr 3.5900e-05 eta 0:14:23
[2025-11-20 10:39:34 diffposetalk_trainer.py line 101]=>INFO: iter [59150/100000] time 0.026 (0.026) data 0.000 (0.000) loss 0.0226 lr 3.5824e-05 eta 0:17:46
[2025-11-20 10:39:36 diffposetalk_trainer.py line 101]=>INFO: iter [59200/100000] time 0.025 (0.025) data 0.001 (0.001) loss 0.0372 lr 3.5749e-05 eta 0:17:18
[2025-11-20 10:39:38 diffposetalk_trainer.py line 101]=>INFO: iter [59250/100000] time 0.022 (0.022) data 0.000 (0.000) loss 0.0317 lr 3.5674e-05 eta 0:14:56
[2025-11-20 10:39:40 diffposetalk_trainer.py line 101]=>INFO: iter [59300/100000] time 0.034 (0.034) data 0.000 (0.000) loss 0.0719 lr 3.5599e-05 eta 0:23:01
[2025-11-20 10:39:41 diffposetalk_trainer.py line 101]=>INFO: iter [59350/100000] time 0.018 (0.018) data 0.000 (0.000) loss 0.0184 lr 3.5523e-05 eta 0:12:26
[2025-11-20 10:39:43 diffposetalk_trainer.py line 101]=>INFO: iter [59400/100000] time 0.020 (0.020) data 0.000 (0.000) loss 0.0362 lr 3.5448e-05 eta 0:13:31
[2025-11-20 10:39:45 diffposetalk_trainer.py line 101]=>INFO: iter [59450/100000] time 0.021 (0.021) data 0.000 (0.000) loss 0.0270 lr 3.5373e-05 eta 0:14:01
[2025-11-20 10:39:47 diffposetalk_trainer.py line 101]=>INFO: iter [59500/100000] time 0.030 (0.030) data 0.000 (0.000) loss 0.0042 lr 3.5298e-05 eta 0:20:18
[2025-11-20 10:39:49 diffposetalk_trainer.py line 101]=>INFO: iter [59550/100000] time 0.029 (0.029) data 0.000 (0.000) loss 0.0356 lr 3.5223e-05 eta 0:19:33
[2025-11-20 10:39:50 diffposetalk_trainer.py line 101]=>INFO: iter [59600/100000] time 0.023 (0.023) data 0.000 (0.000) loss 0.0728 lr 3.5148e-05 eta 0:15:29
[2025-11-20 10:39:52 diffposetalk_trainer.py line 101]=>INFO: iter [59650/100000] time 0.033 (0.033) data 0.001 (0.001) loss 0.0525 lr 3.5073e-05 eta 0:22:29
[2025-11-20 10:39:54 diffposetalk_trainer.py line 101]=>INFO: iter [59700/100000] time 0.044 (0.044) data 0.000 (0.000) loss 0.0280 lr 3.4998e-05 eta 0:29:44
[2025-11-20 10:39:57 diffposetalk_trainer.py line 101]=>INFO: iter [59750/100000] time 0.036 (0.036) data 0.000 (0.000) loss 0.0855 lr 3.4923e-05 eta 0:24:13
[2025-11-20 10:39:59 diffposetalk_trainer.py line 101]=>INFO: iter [59800/100000] time 0.020 (0.020) data 0.000 (0.000) loss 0.0188 lr 3.4848e-05 eta 0:13:33
[2025-11-20 10:40:01 diffposetalk_trainer.py line 101]=>INFO: iter [59850/100000] time 0.018 (0.018) data 0.000 (0.000) loss 0.0479 lr 3.4773e-05 eta 0:12:15
[2025-11-20 10:40:02 diffposetalk_trainer.py line 101]=>INFO: iter [59900/100000] time 0.027 (0.027) data 0.000 (0.000) loss 0.0272 lr 3.4699e-05 eta 0:17:43
[2025-11-20 10:40:03 diffposetalk_trainer.py line 101]=>INFO: iter [59950/100000] time 0.034 (0.034) data 0.010 (0.010) loss 0.0211 lr 3.4624e-05 eta 0:22:51
[2025-11-20 10:40:05 diffposetalk_trainer.py line 101]=>INFO: iter [60000/100000] time 0.017 (0.017) data 0.000 (0.000) loss 0.0220 lr 3.4549e-05 eta 0:11:19
[2025-11-20 10:40:05 diffposetalk_trainer.py line 144]=>INFO: Evaluate on the *val* set
[2025-11-20 10:40:10 diffposetalk_trainer.py line 157]=>INFO: iter: 50 loss_val: 0.5436036932468414 
[2025-11-20 10:40:15 diffposetalk_trainer.py line 157]=>INFO: iter: 100 loss_val: 0.5491185495257378 
[2025-11-20 10:40:20 diffposetalk_trainer.py line 157]=>INFO: iter: 150 loss_val: 0.5513252472877502 
[2025-11-20 10:40:26 diffposetalk_trainer.py line 157]=>INFO: iter: 200 loss_val: 0.5535098676383495 
[2025-11-20 10:40:31 diffposetalk_trainer.py line 157]=>INFO: iter: 250 loss_val: 0.5529279955625535 
[2025-11-20 10:40:37 diffposetalk_trainer.py line 157]=>INFO: iter: 300 loss_val: 0.5509099655350049 
[2025-11-20 10:40:42 diffposetalk_trainer.py line 157]=>INFO: iter: 350 loss_val: 0.5496047965117863 
[2025-11-20 10:40:48 diffposetalk_trainer.py line 157]=>INFO: iter: 400 loss_val: 0.5501658843830228 
[2025-11-20 10:40:48 base_trainer.py line 675]=>INFO: Checkpoint saved to output/HDTF_TFHP/StyleEncoderTrainer/Train/model/model.pth.tar-iter-60000
[2025-11-20 10:40:51 diffposetalk_trainer.py line 101]=>INFO: iter [60050/100000] time 0.026 (0.026) data 0.000 (0.000) loss 0.0292 lr 3.4474e-05 eta 0:17:26
[2025-11-20 10:40:53 diffposetalk_trainer.py line 101]=>INFO: iter [60100/100000] time 0.015 (0.015) data 0.000 (0.000) loss 0.0230 lr 3.4400e-05 eta 0:09:57
[2025-11-20 10:40:54 diffposetalk_trainer.py line 101]=>INFO: iter [60150/100000] time 0.015 (0.015) data 0.000 (0.000) loss 0.0181 lr 3.4325e-05 eta 0:10:16
[2025-11-20 10:40:56 diffposetalk_trainer.py line 101]=>INFO: iter [60200/100000] time 0.031 (0.031) data 0.000 (0.000) loss 0.0085 lr 3.4251e-05 eta 0:20:33
[2025-11-20 10:40:58 diffposetalk_trainer.py line 101]=>INFO: iter [60250/100000] time 0.023 (0.023) data 0.000 (0.000) loss 0.1550 lr 3.4176e-05 eta 0:15:30
[2025-11-20 10:41:00 diffposetalk_trainer.py line 101]=>INFO: iter [60300/100000] time 0.028 (0.028) data 0.000 (0.000) loss 0.0356 lr 3.4102e-05 eta 0:18:33
[2025-11-20 10:41:01 diffposetalk_trainer.py line 101]=>INFO: iter [60350/100000] time 0.020 (0.020) data 0.000 (0.000) loss 0.0192 lr 3.4027e-05 eta 0:13:11
[2025-11-20 10:41:04 diffposetalk_trainer.py line 101]=>INFO: iter [60400/100000] time 0.021 (0.021) data 0.000 (0.000) loss 0.0448 lr 3.3953e-05 eta 0:13:45
[2025-11-20 10:41:05 diffposetalk_trainer.py line 101]=>INFO: iter [60450/100000] time 0.038 (0.038) data 0.000 (0.000) loss 0.0235 lr 3.3878e-05 eta 0:25:05
[2025-11-20 10:41:08 diffposetalk_trainer.py line 101]=>INFO: iter [60500/100000] time 0.035 (0.035) data 0.001 (0.001) loss 0.0196 lr 3.3804e-05 eta 0:22:52
[2025-11-20 10:41:10 diffposetalk_trainer.py line 101]=>INFO: iter [60550/100000] time 0.026 (0.026) data 0.000 (0.000) loss 0.0278 lr 3.3730e-05 eta 0:17:08
[2025-11-20 10:41:11 diffposetalk_trainer.py line 101]=>INFO: iter [60600/100000] time 0.022 (0.022) data 0.000 (0.000) loss 0.0283 lr 3.3656e-05 eta 0:14:21
[2025-11-20 10:41:13 diffposetalk_trainer.py line 101]=>INFO: iter [60650/100000] time 0.034 (0.034) data 0.000 (0.000) loss 0.0993 lr 3.3581e-05 eta 0:22:34
[2025-11-20 10:41:14 diffposetalk_trainer.py line 101]=>INFO: iter [60700/100000] time 0.018 (0.018) data 0.000 (0.000) loss 0.0195 lr 3.3507e-05 eta 0:11:42
[2025-11-20 10:41:16 diffposetalk_trainer.py line 101]=>INFO: iter [60750/100000] time 0.021 (0.021) data 0.000 (0.000) loss 0.0323 lr 3.3433e-05 eta 0:13:38
[2025-11-20 10:41:18 diffposetalk_trainer.py line 101]=>INFO: iter [60800/100000] time 0.044 (0.044) data 0.000 (0.000) loss 0.0221 lr 3.3359e-05 eta 0:28:38
[2025-11-20 10:41:20 diffposetalk_trainer.py line 101]=>INFO: iter [60850/100000] time 0.035 (0.035) data 0.000 (0.000) loss 0.0812 lr 3.3285e-05 eta 0:22:47
[2025-11-20 10:41:22 diffposetalk_trainer.py line 101]=>INFO: iter [60900/100000] time 0.023 (0.023) data 0.000 (0.000) loss 0.0042 lr 3.3211e-05 eta 0:15:16
[2025-11-20 10:41:24 diffposetalk_trainer.py line 101]=>INFO: iter [60950/100000] time 0.016 (0.016) data 0.000 (0.000) loss 0.0266 lr 3.3137e-05 eta 0:10:30
[2025-11-20 10:41:26 diffposetalk_trainer.py line 101]=>INFO: iter [61000/100000] time 0.028 (0.028) data 0.000 (0.000) loss 0.0541 lr 3.3063e-05 eta 0:18:07
[2025-11-20 10:41:28 diffposetalk_trainer.py line 101]=>INFO: iter [61050/100000] time 0.020 (0.020) data 0.000 (0.000) loss 0.0234 lr 3.2989e-05 eta 0:12:54
[2025-11-20 10:41:30 diffposetalk_trainer.py line 101]=>INFO: iter [61100/100000] time 0.037 (0.037) data 0.000 (0.000) loss 0.1017 lr 3.2915e-05 eta 0:24:01
[2025-11-20 10:41:32 diffposetalk_trainer.py line 101]=>INFO: iter [61150/100000] time 0.026 (0.026) data 0.000 (0.000) loss 0.0259 lr 3.2842e-05 eta 0:17:01
[2025-11-20 10:41:33 diffposetalk_trainer.py line 101]=>INFO: iter [61200/100000] time 0.024 (0.024) data 0.000 (0.000) loss 0.0259 lr 3.2768e-05 eta 0:15:13
[2025-11-20 10:41:35 diffposetalk_trainer.py line 101]=>INFO: iter [61250/100000] time 0.018 (0.018) data 0.000 (0.000) loss 0.0214 lr 3.2694e-05 eta 0:11:26
[2025-11-20 10:41:36 diffposetalk_trainer.py line 101]=>INFO: iter [61300/100000] time 0.016 (0.016) data 0.000 (0.000) loss 0.0293 lr 3.2620e-05 eta 0:10:08
[2025-11-20 10:41:37 diffposetalk_trainer.py line 101]=>INFO: iter [61350/100000] time 0.031 (0.031) data 0.010 (0.010) loss 0.0297 lr 3.2547e-05 eta 0:19:43
[2025-11-20 10:41:39 diffposetalk_trainer.py line 101]=>INFO: iter [61400/100000] time 0.022 (0.022) data 0.000 (0.000) loss 0.0199 lr 3.2473e-05 eta 0:14:18
[2025-11-20 10:41:40 diffposetalk_trainer.py line 101]=>INFO: iter [61450/100000] time 0.015 (0.015) data 0.000 (0.000) loss 0.0247 lr 3.2400e-05 eta 0:09:46
[2025-11-20 10:41:41 diffposetalk_trainer.py line 101]=>INFO: iter [61500/100000] time 0.018 (0.018) data 0.000 (0.000) loss 0.0217 lr 3.2326e-05 eta 0:11:49
[2025-11-20 10:41:42 diffposetalk_trainer.py line 101]=>INFO: iter [61550/100000] time 0.028 (0.028) data 0.000 (0.000) loss 0.0247 lr 3.2253e-05 eta 0:18:10
[2025-11-20 10:41:44 diffposetalk_trainer.py line 101]=>INFO: iter [61600/100000] time 0.015 (0.015) data 0.000 (0.000) loss 0.0070 lr 3.2179e-05 eta 0:09:36
[2025-11-20 10:41:45 diffposetalk_trainer.py line 101]=>INFO: iter [61650/100000] time 0.022 (0.022) data 0.000 (0.000) loss 0.0250 lr 3.2106e-05 eta 0:13:48
[2025-11-20 10:41:47 diffposetalk_trainer.py line 101]=>INFO: iter [61700/100000] time 0.017 (0.017) data 0.000 (0.000) loss 0.0485 lr 3.2033e-05 eta 0:10:41
[2025-11-20 10:41:49 diffposetalk_trainer.py line 101]=>INFO: iter [61750/100000] time 0.021 (0.021) data 0.000 (0.000) loss 0.0309 lr 3.1959e-05 eta 0:13:21
[2025-11-20 10:41:50 diffposetalk_trainer.py line 101]=>INFO: iter [61800/100000] time 0.015 (0.015) data 0.000 (0.000) loss 0.0345 lr 3.1886e-05 eta 0:09:18
[2025-11-20 10:41:51 diffposetalk_trainer.py line 101]=>INFO: iter [61850/100000] time 0.015 (0.015) data 0.000 (0.000) loss 0.0628 lr 3.1813e-05 eta 0:09:35
[2025-11-20 10:41:53 diffposetalk_trainer.py line 101]=>INFO: iter [61900/100000] time 0.018 (0.018) data 0.000 (0.000) loss 0.0469 lr 3.1740e-05 eta 0:11:36
[2025-11-20 10:41:54 diffposetalk_trainer.py line 101]=>INFO: iter [61950/100000] time 0.015 (0.015) data 0.000 (0.000) loss 0.0324 lr 3.1667e-05 eta 0:09:22
[2025-11-20 10:41:55 diffposetalk_trainer.py line 101]=>INFO: iter [62000/100000] time 0.015 (0.015) data 0.000 (0.000) loss 0.0433 lr 3.1594e-05 eta 0:09:44
[2025-11-20 10:41:55 diffposetalk_trainer.py line 144]=>INFO: Evaluate on the *val* set
[2025-11-20 10:42:00 diffposetalk_trainer.py line 157]=>INFO: iter: 50 loss_val: 0.5370979243516922 
[2025-11-20 10:42:04 diffposetalk_trainer.py line 157]=>INFO: iter: 100 loss_val: 0.5419219982624054 
[2025-11-20 10:42:09 diffposetalk_trainer.py line 157]=>INFO: iter: 150 loss_val: 0.543661450544993 
[2025-11-20 10:42:14 diffposetalk_trainer.py line 157]=>INFO: iter: 200 loss_val: 0.5436141760647297 
[2025-11-20 10:42:18 diffposetalk_trainer.py line 157]=>INFO: iter: 250 loss_val: 0.5428465313911438 
[2025-11-20 10:42:23 diffposetalk_trainer.py line 157]=>INFO: iter: 300 loss_val: 0.5414453246196111 
[2025-11-20 10:42:28 diffposetalk_trainer.py line 157]=>INFO: iter: 350 loss_val: 0.5437805250712804 
[2025-11-20 10:42:32 diffposetalk_trainer.py line 157]=>INFO: iter: 400 loss_val: 0.543604785874486 
[2025-11-20 10:42:32 base_trainer.py line 675]=>INFO: Checkpoint saved to output/HDTF_TFHP/StyleEncoderTrainer/Train/model/model.pth.tar-iter-62000
[2025-11-20 10:42:34 diffposetalk_trainer.py line 101]=>INFO: iter [62050/100000] time 0.015 (0.015) data 0.000 (0.000) loss 0.0205 lr 3.1521e-05 eta 0:09:37
[2025-11-20 10:42:35 diffposetalk_trainer.py line 101]=>INFO: iter [62100/100000] time 0.014 (0.014) data 0.000 (0.000) loss 0.0174 lr 3.1448e-05 eta 0:08:56
[2025-11-20 10:42:36 diffposetalk_trainer.py line 101]=>INFO: iter [62150/100000] time 0.015 (0.015) data 0.000 (0.000) loss 0.0359 lr 3.1375e-05 eta 0:09:19
[2025-11-20 10:42:37 diffposetalk_trainer.py line 101]=>INFO: iter [62200/100000] time 0.017 (0.017) data 0.000 (0.000) loss 0.0518 lr 3.1302e-05 eta 0:10:53
[2025-11-20 10:42:38 diffposetalk_trainer.py line 101]=>INFO: iter [62250/100000] time 0.016 (0.016) data 0.000 (0.000) loss 0.0254 lr 3.1229e-05 eta 0:10:09
[2025-11-20 10:42:39 diffposetalk_trainer.py line 101]=>INFO: iter [62300/100000] time 0.014 (0.014) data 0.000 (0.000) loss 0.0100 lr 3.1156e-05 eta 0:08:52
[2025-11-20 10:42:40 diffposetalk_trainer.py line 101]=>INFO: iter [62350/100000] time 0.014 (0.014) data 0.000 (0.000) loss 0.0239 lr 3.1084e-05 eta 0:08:52
[2025-11-20 10:42:41 diffposetalk_trainer.py line 101]=>INFO: iter [62400/100000] time 0.019 (0.019) data 0.002 (0.002) loss 0.0228 lr 3.1011e-05 eta 0:12:07
[2025-11-20 10:42:43 diffposetalk_trainer.py line 101]=>INFO: iter [62450/100000] time 0.015 (0.015) data 0.000 (0.000) loss 0.0289 lr 3.0938e-05 eta 0:09:14
[2025-11-20 10:42:44 diffposetalk_trainer.py line 101]=>INFO: iter [62500/100000] time 0.017 (0.017) data 0.000 (0.000) loss 0.0236 lr 3.0866e-05 eta 0:10:32
[2025-11-20 10:42:45 diffposetalk_trainer.py line 101]=>INFO: iter [62550/100000] time 0.017 (0.017) data 0.000 (0.000) loss 0.0277 lr 3.0793e-05 eta 0:10:40
[2025-11-20 10:42:46 diffposetalk_trainer.py line 101]=>INFO: iter [62600/100000] time 0.015 (0.015) data 0.000 (0.000) loss 0.0202 lr 3.0721e-05 eta 0:09:23
[2025-11-20 10:42:47 diffposetalk_trainer.py line 101]=>INFO: iter [62650/100000] time 0.017 (0.017) data 0.000 (0.000) loss 0.0364 lr 3.0648e-05 eta 0:10:28
[2025-11-20 10:42:48 diffposetalk_trainer.py line 101]=>INFO: iter [62700/100000] time 0.015 (0.015) data 0.000 (0.000) loss 0.0581 lr 3.0576e-05 eta 0:09:05
[2025-11-20 10:42:49 diffposetalk_trainer.py line 101]=>INFO: iter [62750/100000] time 0.021 (0.021) data 0.003 (0.003) loss 0.0208 lr 3.0504e-05 eta 0:12:53
[2025-11-20 10:42:50 diffposetalk_trainer.py line 101]=>INFO: iter [62800/100000] time 0.014 (0.014) data 0.000 (0.000) loss 0.0489 lr 3.0431e-05 eta 0:08:46
[2025-11-20 10:42:52 diffposetalk_trainer.py line 101]=>INFO: iter [62850/100000] time 0.019 (0.019) data 0.000 (0.000) loss 0.0197 lr 3.0359e-05 eta 0:11:36
[2025-11-20 10:42:53 diffposetalk_trainer.py line 101]=>INFO: iter [62900/100000] time 0.017 (0.017) data 0.000 (0.000) loss 0.0303 lr 3.0287e-05 eta 0:10:28
[2025-11-20 10:42:54 diffposetalk_trainer.py line 101]=>INFO: iter [62950/100000] time 0.016 (0.016) data 0.000 (0.000) loss 0.0366 lr 3.0215e-05 eta 0:09:37
[2025-11-20 10:42:55 diffposetalk_trainer.py line 101]=>INFO: iter [63000/100000] time 0.015 (0.015) data 0.000 (0.000) loss 0.0049 lr 3.0143e-05 eta 0:09:33
[2025-11-20 10:42:56 diffposetalk_trainer.py line 101]=>INFO: iter [63050/100000] time 0.016 (0.016) data 0.000 (0.000) loss 0.0278 lr 3.0071e-05 eta 0:09:45
[2025-11-20 10:42:57 diffposetalk_trainer.py line 101]=>INFO: iter [63100/100000] time 0.016 (0.016) data 0.000 (0.000) loss 0.0191 lr 2.9999e-05 eta 0:10:01
[2025-11-20 10:42:58 diffposetalk_trainer.py line 101]=>INFO: iter [63150/100000] time 0.018 (0.018) data 0.000 (0.000) loss 0.0333 lr 2.9927e-05 eta 0:11:11
[2025-11-20 10:43:00 diffposetalk_trainer.py line 101]=>INFO: iter [63200/100000] time 0.015 (0.015) data 0.000 (0.000) loss 0.0240 lr 2.9855e-05 eta 0:09:01
[2025-11-20 10:43:01 diffposetalk_trainer.py line 101]=>INFO: iter [63250/100000] time 0.014 (0.014) data 0.000 (0.000) loss 0.0228 lr 2.9783e-05 eta 0:08:41
[2025-11-20 10:43:02 diffposetalk_trainer.py line 101]=>INFO: iter [63300/100000] time 0.015 (0.015) data 0.000 (0.000) loss 0.0288 lr 2.9711e-05 eta 0:09:00
[2025-11-20 10:43:03 diffposetalk_trainer.py line 101]=>INFO: iter [63350/100000] time 0.015 (0.015) data 0.000 (0.000) loss 0.0537 lr 2.9639e-05 eta 0:09:05
[2025-11-20 10:43:04 diffposetalk_trainer.py line 101]=>INFO: iter [63400/100000] time 0.017 (0.017) data 0.000 (0.000) loss 0.0157 lr 2.9568e-05 eta 0:10:09
[2025-11-20 10:43:05 diffposetalk_trainer.py line 101]=>INFO: iter [63450/100000] time 0.018 (0.018) data 0.000 (0.000) loss 0.0249 lr 2.9496e-05 eta 0:11:13
[2025-11-20 10:43:06 diffposetalk_trainer.py line 101]=>INFO: iter [63500/100000] time 0.020 (0.020) data 0.000 (0.000) loss 0.0223 lr 2.9424e-05 eta 0:11:55
[2025-11-20 10:43:08 diffposetalk_trainer.py line 101]=>INFO: iter [63550/100000] time 0.018 (0.018) data 0.000 (0.000) loss 0.0340 lr 2.9353e-05 eta 0:11:11
[2025-11-20 10:43:09 diffposetalk_trainer.py line 101]=>INFO: iter [63600/100000] time 0.017 (0.017) data 0.000 (0.000) loss 0.1414 lr 2.9281e-05 eta 0:10:32
[2025-11-20 10:43:10 diffposetalk_trainer.py line 101]=>INFO: iter [63650/100000] time 0.015 (0.015) data 0.000 (0.000) loss 0.0263 lr 2.9210e-05 eta 0:08:53
[2025-11-20 10:43:11 diffposetalk_trainer.py line 101]=>INFO: iter [63700/100000] time 0.014 (0.014) data 0.000 (0.000) loss 0.0033 lr 2.9138e-05 eta 0:08:32
[2025-11-20 10:43:12 diffposetalk_trainer.py line 101]=>INFO: iter [63750/100000] time 0.016 (0.016) data 0.000 (0.000) loss 0.0213 lr 2.9067e-05 eta 0:09:49
[2025-11-20 10:43:13 diffposetalk_trainer.py line 101]=>INFO: iter [63800/100000] time 0.015 (0.015) data 0.000 (0.000) loss 0.0233 lr 2.8996e-05 eta 0:09:13
[2025-11-20 10:43:14 diffposetalk_trainer.py line 101]=>INFO: iter [63850/100000] time 0.015 (0.015) data 0.000 (0.000) loss 0.0901 lr 2.8924e-05 eta 0:08:57
[2025-11-20 10:43:16 diffposetalk_trainer.py line 101]=>INFO: iter [63900/100000] time 0.016 (0.016) data 0.000 (0.000) loss 0.0239 lr 2.8853e-05 eta 0:09:22
[2025-11-20 10:43:17 diffposetalk_trainer.py line 101]=>INFO: iter [63950/100000] time 0.017 (0.017) data 0.000 (0.000) loss 0.0342 lr 2.8782e-05 eta 0:10:06
[2025-11-20 10:43:18 diffposetalk_trainer.py line 101]=>INFO: iter [64000/100000] time 0.020 (0.020) data 0.000 (0.000) loss 0.0269 lr 2.8711e-05 eta 0:11:42
[2025-11-20 10:43:18 diffposetalk_trainer.py line 144]=>INFO: Evaluate on the *val* set
[2025-11-20 10:43:22 diffposetalk_trainer.py line 157]=>INFO: iter: 50 loss_val: 0.5348961085081101 
[2025-11-20 10:43:26 diffposetalk_trainer.py line 157]=>INFO: iter: 100 loss_val: 0.5422048053145408 
[2025-11-20 10:43:31 diffposetalk_trainer.py line 157]=>INFO: iter: 150 loss_val: 0.5438583483298619 
[2025-11-20 10:43:35 diffposetalk_trainer.py line 157]=>INFO: iter: 200 loss_val: 0.5411036948859692 
[2025-11-20 10:43:39 diffposetalk_trainer.py line 157]=>INFO: iter: 250 loss_val: 0.5425032058954239 
[2025-11-20 10:43:44 diffposetalk_trainer.py line 157]=>INFO: iter: 300 loss_val: 0.5429670703411102 
[2025-11-20 10:43:48 diffposetalk_trainer.py line 157]=>INFO: iter: 350 loss_val: 0.5445861277409962 
[2025-11-20 10:43:52 diffposetalk_trainer.py line 157]=>INFO: iter: 400 loss_val: 0.5447442129254341 
[2025-11-20 10:43:53 base_trainer.py line 675]=>INFO: Checkpoint saved to output/HDTF_TFHP/StyleEncoderTrainer/Train/model/model.pth.tar-iter-64000
[2025-11-20 10:43:54 diffposetalk_trainer.py line 101]=>INFO: iter [64050/100000] time 0.017 (0.017) data 0.000 (0.000) loss 0.0214 lr 2.8640e-05 eta 0:10:19
[2025-11-20 10:43:55 diffposetalk_trainer.py line 101]=>INFO: iter [64100/100000] time 0.015 (0.015) data 0.000 (0.000) loss 0.0360 lr 2.8569e-05 eta 0:08:46
[2025-11-20 10:43:56 diffposetalk_trainer.py line 101]=>INFO: iter [64150/100000] time 0.016 (0.016) data 0.000 (0.000) loss 0.0406 lr 2.8498e-05 eta 0:09:50
[2025-11-20 10:43:57 diffposetalk_trainer.py line 101]=>INFO: iter [64200/100000] time 0.014 (0.014) data 0.000 (0.000) loss 0.0829 lr 2.8427e-05 eta 0:08:38
[2025-11-20 10:43:58 diffposetalk_trainer.py line 101]=>INFO: iter [64250/100000] time 0.015 (0.015) data 0.000 (0.000) loss 0.0395 lr 2.8356e-05 eta 0:09:09
[2025-11-20 10:44:00 diffposetalk_trainer.py line 101]=>INFO: iter [64300/100000] time 0.015 (0.015) data 0.000 (0.000) loss 0.0849 lr 2.8286e-05 eta 0:09:07
[2025-11-20 10:44:01 diffposetalk_trainer.py line 101]=>INFO: iter [64350/100000] time 0.017 (0.017) data 0.000 (0.000) loss 0.0202 lr 2.8215e-05 eta 0:10:00
[2025-11-20 10:44:02 diffposetalk_trainer.py line 101]=>INFO: iter [64400/100000] time 0.015 (0.015) data 0.000 (0.000) loss 0.0051 lr 2.8144e-05 eta 0:09:10
[2025-11-20 10:44:03 diffposetalk_trainer.py line 101]=>INFO: iter [64450/100000] time 0.015 (0.015) data 0.000 (0.000) loss 0.0184 lr 2.8074e-05 eta 0:09:08
[2025-11-20 10:44:05 diffposetalk_trainer.py line 101]=>INFO: iter [64500/100000] time 0.020 (0.020) data 0.000 (0.000) loss 0.0239 lr 2.8003e-05 eta 0:11:33
[2025-11-20 10:44:06 diffposetalk_trainer.py line 101]=>INFO: iter [64550/100000] time 0.015 (0.015) data 0.000 (0.000) loss 0.0499 lr 2.7933e-05 eta 0:08:44
[2025-11-20 10:44:07 diffposetalk_trainer.py line 101]=>INFO: iter [64600/100000] time 0.019 (0.019) data 0.000 (0.000) loss 0.0332 lr 2.7862e-05 eta 0:10:59
[2025-11-20 10:44:08 diffposetalk_trainer.py line 101]=>INFO: iter [64650/100000] time 0.017 (0.017) data 0.000 (0.000) loss 0.0539 lr 2.7792e-05 eta 0:10:11
[2025-11-20 10:44:09 diffposetalk_trainer.py line 101]=>INFO: iter [64700/100000] time 0.024 (0.024) data 0.000 (0.000) loss 0.0173 lr 2.7721e-05 eta 0:14:06
[2025-11-20 10:44:11 diffposetalk_trainer.py line 101]=>INFO: iter [64750/100000] time 0.023 (0.023) data 0.000 (0.000) loss 0.0629 lr 2.7651e-05 eta 0:13:47
[2025-11-20 10:44:12 diffposetalk_trainer.py line 101]=>INFO: iter [64800/100000] time 0.020 (0.020) data 0.000 (0.000) loss 0.0231 lr 2.7581e-05 eta 0:11:33
[2025-11-20 10:44:13 diffposetalk_trainer.py line 101]=>INFO: iter [64850/100000] time 0.016 (0.016) data 0.000 (0.000) loss 0.1504 lr 2.7511e-05 eta 0:09:25
[2025-11-20 10:44:14 diffposetalk_trainer.py line 101]=>INFO: iter [64900/100000] time 0.016 (0.016) data 0.000 (0.000) loss 0.0222 lr 2.7441e-05 eta 0:09:06
[2025-11-20 10:44:15 diffposetalk_trainer.py line 101]=>INFO: iter [64950/100000] time 0.015 (0.015) data 0.000 (0.000) loss 0.0222 lr 2.7370e-05 eta 0:08:45
[2025-11-20 10:44:16 diffposetalk_trainer.py line 101]=>INFO: iter [65000/100000] time 0.017 (0.017) data 0.000 (0.000) loss 0.0337 lr 2.7300e-05 eta 0:10:03
[2025-11-20 10:44:17 diffposetalk_trainer.py line 101]=>INFO: iter [65050/100000] time 0.015 (0.015) data 0.000 (0.000) loss 0.0206 lr 2.7231e-05 eta 0:08:38
[2025-11-20 10:44:18 diffposetalk_trainer.py line 101]=>INFO: iter [65100/100000] time 0.014 (0.014) data 0.000 (0.000) loss 0.0067 lr 2.7161e-05 eta 0:08:16
[2025-11-20 10:44:20 diffposetalk_trainer.py line 101]=>INFO: iter [65150/100000] time 0.019 (0.019) data 0.000 (0.000) loss 0.0564 lr 2.7091e-05 eta 0:10:51
[2025-11-20 10:44:21 diffposetalk_trainer.py line 101]=>INFO: iter [65200/100000] time 0.015 (0.015) data 0.000 (0.000) loss 0.0203 lr 2.7021e-05 eta 0:08:24
[2025-11-20 10:44:22 diffposetalk_trainer.py line 101]=>INFO: iter [65250/100000] time 0.015 (0.015) data 0.000 (0.000) loss 0.0317 lr 2.6951e-05 eta 0:08:41
[2025-11-20 10:44:23 diffposetalk_trainer.py line 101]=>INFO: iter [65300/100000] time 0.016 (0.016) data 0.000 (0.000) loss 0.0233 lr 2.6882e-05 eta 0:09:29
[2025-11-20 10:44:24 diffposetalk_trainer.py line 101]=>INFO: iter [65350/100000] time 0.015 (0.015) data 0.000 (0.000) loss 0.0222 lr 2.6812e-05 eta 0:08:33
[2025-11-20 10:44:25 diffposetalk_trainer.py line 101]=>INFO: iter [65400/100000] time 0.018 (0.018) data 0.000 (0.000) loss 0.0254 lr 2.6742e-05 eta 0:10:20
[2025-11-20 10:44:27 diffposetalk_trainer.py line 101]=>INFO: iter [65450/100000] time 0.015 (0.015) data 0.000 (0.000) loss 0.0242 lr 2.6673e-05 eta 0:08:25
[2025-11-20 10:44:28 diffposetalk_trainer.py line 101]=>INFO: iter [65500/100000] time 0.015 (0.015) data 0.000 (0.000) loss 0.0259 lr 2.6604e-05 eta 0:08:38
[2025-11-20 10:44:29 diffposetalk_trainer.py line 101]=>INFO: iter [65550/100000] time 0.019 (0.019) data 0.002 (0.002) loss 0.0312 lr 2.6534e-05 eta 0:10:57
[2025-11-20 10:44:30 diffposetalk_trainer.py line 101]=>INFO: iter [65600/100000] time 0.015 (0.015) data 0.000 (0.000) loss 0.0235 lr 2.6465e-05 eta 0:08:28
[2025-11-20 10:44:31 diffposetalk_trainer.py line 101]=>INFO: iter [65650/100000] time 0.017 (0.017) data 0.000 (0.000) loss 0.0183 lr 2.6396e-05 eta 0:09:29
[2025-11-20 10:44:32 diffposetalk_trainer.py line 101]=>INFO: iter [65700/100000] time 0.015 (0.015) data 0.000 (0.000) loss 0.0894 lr 2.6326e-05 eta 0:08:23
[2025-11-20 10:44:33 diffposetalk_trainer.py line 101]=>INFO: iter [65750/100000] time 0.015 (0.015) data 0.000 (0.000) loss 0.1019 lr 2.6257e-05 eta 0:08:18
[2025-11-20 10:44:34 diffposetalk_trainer.py line 101]=>INFO: iter [65800/100000] time 0.014 (0.014) data 0.000 (0.000) loss 0.0054 lr 2.6188e-05 eta 0:08:03
[2025-11-20 10:44:36 diffposetalk_trainer.py line 101]=>INFO: iter [65850/100000] time 0.017 (0.017) data 0.000 (0.000) loss 0.0485 lr 2.6119e-05 eta 0:09:27
[2025-11-20 10:44:37 diffposetalk_trainer.py line 101]=>INFO: iter [65900/100000] time 0.017 (0.017) data 0.000 (0.000) loss 0.0779 lr 2.6050e-05 eta 0:09:28
[2025-11-20 10:44:38 diffposetalk_trainer.py line 101]=>INFO: iter [65950/100000] time 0.019 (0.019) data 0.000 (0.000) loss 0.0480 lr 2.5981e-05 eta 0:10:33
[2025-11-20 10:44:39 diffposetalk_trainer.py line 101]=>INFO: iter [66000/100000] time 0.015 (0.015) data 0.000 (0.000) loss 0.0215 lr 2.5912e-05 eta 0:08:21
[2025-11-20 10:44:39 diffposetalk_trainer.py line 144]=>INFO: Evaluate on the *val* set
[2025-11-20 10:44:43 diffposetalk_trainer.py line 157]=>INFO: iter: 50 loss_val: 0.5372244966030121 
[2025-11-20 10:44:47 diffposetalk_trainer.py line 157]=>INFO: iter: 100 loss_val: 0.5405484572052955 
[2025-11-20 10:44:51 diffposetalk_trainer.py line 157]=>INFO: iter: 150 loss_val: 0.5372391897439956 
[2025-11-20 10:44:56 diffposetalk_trainer.py line 157]=>INFO: iter: 200 loss_val: 0.5393613204360008 
[2025-11-20 10:45:00 diffposetalk_trainer.py line 157]=>INFO: iter: 250 loss_val: 0.5383527150154114 
[2025-11-20 10:45:05 diffposetalk_trainer.py line 157]=>INFO: iter: 300 loss_val: 0.5384434918562572 
[2025-11-20 10:45:09 diffposetalk_trainer.py line 157]=>INFO: iter: 350 loss_val: 0.5376509592362813 
[2025-11-20 10:45:14 diffposetalk_trainer.py line 157]=>INFO: iter: 400 loss_val: 0.536899730861187 
[2025-11-20 10:45:14 base_trainer.py line 675]=>INFO: Checkpoint saved to output/HDTF_TFHP/StyleEncoderTrainer/Train/model/model.pth.tar-iter-66000
[2025-11-20 10:45:16 diffposetalk_trainer.py line 101]=>INFO: iter [66050/100000] time 0.033 (0.033) data 0.000 (0.000) loss 0.0320 lr 2.5844e-05 eta 0:18:53
[2025-11-20 10:45:17 diffposetalk_trainer.py line 101]=>INFO: iter [66100/100000] time 0.028 (0.028) data 0.000 (0.000) loss 0.0233 lr 2.5775e-05 eta 0:15:52
[2025-11-20 10:45:19 diffposetalk_trainer.py line 101]=>INFO: iter [66150/100000] time 0.018 (0.018) data 0.000 (0.000) loss 0.0230 lr 2.5706e-05 eta 0:10:20
[2025-11-20 10:45:20 diffposetalk_trainer.py line 101]=>INFO: iter [66200/100000] time 0.025 (0.025) data 0.000 (0.000) loss 0.0669 lr 2.5637e-05 eta 0:14:12
[2025-11-20 10:45:22 diffposetalk_trainer.py line 101]=>INFO: iter [66250/100000] time 0.039 (0.039) data 0.000 (0.000) loss 0.0833 lr 2.5569e-05 eta 0:21:51
[2025-11-20 10:45:24 diffposetalk_trainer.py line 101]=>INFO: iter [66300/100000] time 0.020 (0.020) data 0.000 (0.000) loss 0.0848 lr 2.5500e-05 eta 0:11:21
[2025-11-20 10:45:26 diffposetalk_trainer.py line 101]=>INFO: iter [66350/100000] time 0.033 (0.033) data 0.000 (0.000) loss 0.0197 lr 2.5432e-05 eta 0:18:37
[2025-11-20 10:45:27 diffposetalk_trainer.py line 101]=>INFO: iter [66400/100000] time 0.018 (0.018) data 0.000 (0.000) loss 0.0224 lr 2.5364e-05 eta 0:09:57
[2025-11-20 10:45:29 diffposetalk_trainer.py line 101]=>INFO: iter [66450/100000] time 0.015 (0.015) data 0.000 (0.000) loss 0.0390 lr 2.5295e-05 eta 0:08:37
[2025-11-20 10:45:30 diffposetalk_trainer.py line 101]=>INFO: iter [66500/100000] time 0.015 (0.015) data 0.000 (0.000) loss 0.0055 lr 2.5227e-05 eta 0:08:09
[2025-11-20 10:45:31 diffposetalk_trainer.py line 101]=>INFO: iter [66550/100000] time 0.020 (0.020) data 0.000 (0.000) loss 0.0207 lr 2.5159e-05 eta 0:10:53
[2025-11-20 10:45:33 diffposetalk_trainer.py line 101]=>INFO: iter [66600/100000] time 0.018 (0.018) data 0.000 (0.000) loss 0.0217 lr 2.5091e-05 eta 0:09:45
[2025-11-20 10:45:34 diffposetalk_trainer.py line 101]=>INFO: iter [66650/100000] time 0.026 (0.026) data 0.000 (0.000) loss 0.0528 lr 2.5023e-05 eta 0:14:20
[2025-11-20 10:45:36 diffposetalk_trainer.py line 101]=>INFO: iter [66700/100000] time 0.027 (0.027) data 0.000 (0.000) loss 0.0422 lr 2.4955e-05 eta 0:14:54
[2025-11-20 10:45:38 diffposetalk_trainer.py line 101]=>INFO: iter [66750/100000] time 0.022 (0.022) data 0.000 (0.000) loss 0.0200 lr 2.4887e-05 eta 0:12:18
[2025-11-20 10:45:39 diffposetalk_trainer.py line 101]=>INFO: iter [66800/100000] time 0.030 (0.030) data 0.001 (0.001) loss 0.0375 lr 2.4819e-05 eta 0:16:40
[2025-11-20 10:45:41 diffposetalk_trainer.py line 101]=>INFO: iter [66850/100000] time 0.021 (0.021) data 0.000 (0.000) loss 0.0243 lr 2.4751e-05 eta 0:11:34
[2025-11-20 10:45:42 diffposetalk_trainer.py line 101]=>INFO: iter [66900/100000] time 0.036 (0.036) data 0.000 (0.000) loss 0.0178 lr 2.4683e-05 eta 0:19:44
[2025-11-20 10:45:44 diffposetalk_trainer.py line 101]=>INFO: iter [66950/100000] time 0.030 (0.030) data 0.000 (0.000) loss 0.0247 lr 2.4616e-05 eta 0:16:33
[2025-11-20 10:45:46 diffposetalk_trainer.py line 101]=>INFO: iter [67000/100000] time 0.020 (0.020) data 0.000 (0.000) loss 0.0315 lr 2.4548e-05 eta 0:10:44
[2025-11-20 10:45:47 diffposetalk_trainer.py line 101]=>INFO: iter [67050/100000] time 0.017 (0.017) data 0.000 (0.000) loss 0.0228 lr 2.4480e-05 eta 0:09:33
[2025-11-20 10:45:49 diffposetalk_trainer.py line 101]=>INFO: iter [67100/100000] time 0.030 (0.030) data 0.000 (0.000) loss 0.0192 lr 2.4413e-05 eta 0:16:17
[2025-11-20 10:45:51 diffposetalk_trainer.py line 101]=>INFO: iter [67150/100000] time 0.029 (0.029) data 0.000 (0.000) loss 0.0390 lr 2.4345e-05 eta 0:16:04
[2025-11-20 10:45:52 diffposetalk_trainer.py line 101]=>INFO: iter [67200/100000] time 0.017 (0.017) data 0.000 (0.000) loss 0.0056 lr 2.4278e-05 eta 0:09:23
[2025-11-20 10:45:53 diffposetalk_trainer.py line 101]=>INFO: iter [67250/100000] time 0.022 (0.022) data 0.000 (0.000) loss 0.0351 lr 2.4211e-05 eta 0:11:48
[2025-11-20 10:45:55 diffposetalk_trainer.py line 101]=>INFO: iter [67300/100000] time 0.028 (0.028) data 0.000 (0.000) loss 0.0207 lr 2.4143e-05 eta 0:15:18
[2025-11-20 10:45:57 diffposetalk_trainer.py line 101]=>INFO: iter [67350/100000] time 0.032 (0.032) data 0.000 (0.000) loss 0.0237 lr 2.4076e-05 eta 0:17:35
[2025-11-20 10:45:59 diffposetalk_trainer.py line 101]=>INFO: iter [67400/100000] time 0.018 (0.018) data 0.000 (0.000) loss 0.0258 lr 2.4009e-05 eta 0:09:59
[2025-11-20 10:46:00 diffposetalk_trainer.py line 101]=>INFO: iter [67450/100000] time 0.021 (0.021) data 0.000 (0.000) loss 0.0499 lr 2.3942e-05 eta 0:11:19
[2025-11-20 10:46:02 diffposetalk_trainer.py line 101]=>INFO: iter [67500/100000] time 0.021 (0.021) data 0.000 (0.000) loss 0.0210 lr 2.3875e-05 eta 0:11:06
[2025-11-20 10:46:03 diffposetalk_trainer.py line 101]=>INFO: iter [67550/100000] time 0.023 (0.023) data 0.000 (0.000) loss 0.0226 lr 2.3808e-05 eta 0:12:35
[2025-11-20 10:46:06 diffposetalk_trainer.py line 101]=>INFO: iter [67600/100000] time 0.028 (0.028) data 0.000 (0.000) loss 0.0335 lr 2.3741e-05 eta 0:15:21
[2025-11-20 10:46:07 diffposetalk_trainer.py line 101]=>INFO: iter [67650/100000] time 0.027 (0.027) data 0.000 (0.000) loss 0.0194 lr 2.3674e-05 eta 0:14:24
[2025-11-20 10:46:09 diffposetalk_trainer.py line 101]=>INFO: iter [67700/100000] time 0.019 (0.019) data 0.000 (0.000) loss 0.0461 lr 2.3608e-05 eta 0:10:29
[2025-11-20 10:46:10 diffposetalk_trainer.py line 101]=>INFO: iter [67750/100000] time 0.023 (0.023) data 0.000 (0.000) loss 0.0854 lr 2.3541e-05 eta 0:12:26
[2025-11-20 10:46:12 diffposetalk_trainer.py line 101]=>INFO: iter [67800/100000] time 0.021 (0.021) data 0.000 (0.000) loss 0.0917 lr 2.3474e-05 eta 0:11:16
[2025-11-20 10:46:13 diffposetalk_trainer.py line 101]=>INFO: iter [67850/100000] time 0.022 (0.022) data 0.000 (0.000) loss 0.0180 lr 2.3408e-05 eta 0:11:44
[2025-11-20 10:46:15 diffposetalk_trainer.py line 101]=>INFO: iter [67900/100000] time 0.049 (0.049) data 0.000 (0.000) loss 0.0039 lr 2.3341e-05 eta 0:25:57
[2025-11-20 10:46:17 diffposetalk_trainer.py line 101]=>INFO: iter [67950/100000] time 0.020 (0.020) data 0.000 (0.000) loss 0.1294 lr 2.3275e-05 eta 0:10:39
[2025-11-20 10:46:18 diffposetalk_trainer.py line 101]=>INFO: iter [68000/100000] time 0.020 (0.020) data 0.000 (0.000) loss 0.0356 lr 2.3209e-05 eta 0:10:41
[2025-11-20 10:46:18 diffposetalk_trainer.py line 144]=>INFO: Evaluate on the *val* set
[2025-11-20 10:46:23 diffposetalk_trainer.py line 157]=>INFO: iter: 50 loss_val: 0.525933678150177 
[2025-11-20 10:46:28 diffposetalk_trainer.py line 157]=>INFO: iter: 100 loss_val: 0.5368350404500961 
[2025-11-20 10:46:33 diffposetalk_trainer.py line 157]=>INFO: iter: 150 loss_val: 0.5383628958463669 
[2025-11-20 10:46:38 diffposetalk_trainer.py line 157]=>INFO: iter: 200 loss_val: 0.5352073347568512 
[2025-11-20 10:46:43 diffposetalk_trainer.py line 157]=>INFO: iter: 250 loss_val: 0.5345538507699966 
[2025-11-20 10:46:48 diffposetalk_trainer.py line 157]=>INFO: iter: 300 loss_val: 0.5352016821503639 
[2025-11-20 10:46:52 diffposetalk_trainer.py line 157]=>INFO: iter: 350 loss_val: 0.5340114877905164 
[2025-11-20 10:46:58 diffposetalk_trainer.py line 157]=>INFO: iter: 400 loss_val: 0.5352694297581911 
[2025-11-20 10:46:58 base_trainer.py line 675]=>INFO: Checkpoint saved to output/HDTF_TFHP/StyleEncoderTrainer/Train/model/model.pth.tar-iter-68000
[2025-11-20 10:47:00 diffposetalk_trainer.py line 101]=>INFO: iter [68050/100000] time 0.042 (0.042) data 0.000 (0.000) loss 0.0393 lr 2.3142e-05 eta 0:22:18
[2025-11-20 10:47:02 diffposetalk_trainer.py line 101]=>INFO: iter [68100/100000] time 0.018 (0.018) data 0.000 (0.000) loss 0.0212 lr 2.3076e-05 eta 0:09:39
[2025-11-20 10:47:03 diffposetalk_trainer.py line 101]=>INFO: iter [68150/100000] time 0.020 (0.020) data 0.000 (0.000) loss 0.0325 lr 2.3010e-05 eta 0:10:50
[2025-11-20 10:47:06 diffposetalk_trainer.py line 101]=>INFO: iter [68200/100000] time 0.028 (0.028) data 0.000 (0.000) loss 0.0227 lr 2.2944e-05 eta 0:14:44
[2025-11-20 10:47:07 diffposetalk_trainer.py line 101]=>INFO: iter [68250/100000] time 0.021 (0.021) data 0.000 (0.000) loss 0.1117 lr 2.2878e-05 eta 0:11:12
[2025-11-20 10:47:09 diffposetalk_trainer.py line 101]=>INFO: iter [68300/100000] time 0.018 (0.018) data 0.000 (0.000) loss 0.0340 lr 2.2812e-05 eta 0:09:24
[2025-11-20 10:47:11 diffposetalk_trainer.py line 101]=>INFO: iter [68350/100000] time 0.027 (0.027) data 0.000 (0.000) loss 0.0241 lr 2.2746e-05 eta 0:14:03
[2025-11-20 10:47:12 diffposetalk_trainer.py line 101]=>INFO: iter [68400/100000] time 0.025 (0.025) data 0.000 (0.000) loss 0.0645 lr 2.2680e-05 eta 0:13:16
[2025-11-20 10:47:14 diffposetalk_trainer.py line 101]=>INFO: iter [68450/100000] time 0.018 (0.018) data 0.000 (0.000) loss 0.0271 lr 2.2615e-05 eta 0:09:40
[2025-11-20 10:47:16 diffposetalk_trainer.py line 101]=>INFO: iter [68500/100000] time 0.023 (0.023) data 0.000 (0.000) loss 0.0643 lr 2.2549e-05 eta 0:12:05
[2025-11-20 10:47:17 diffposetalk_trainer.py line 101]=>INFO: iter [68550/100000] time 0.019 (0.019) data 0.000 (0.000) loss 0.0371 lr 2.2483e-05 eta 0:09:54
[2025-11-20 10:47:18 diffposetalk_trainer.py line 101]=>INFO: iter [68600/100000] time 0.029 (0.029) data 0.000 (0.000) loss 0.0095 lr 2.2418e-05 eta 0:15:22
[2025-11-20 10:47:20 diffposetalk_trainer.py line 101]=>INFO: iter [68650/100000] time 0.014 (0.014) data 0.000 (0.000) loss 0.0224 lr 2.2352e-05 eta 0:07:22
[2025-11-20 10:47:21 diffposetalk_trainer.py line 101]=>INFO: iter [68700/100000] time 0.015 (0.015) data 0.000 (0.000) loss 0.0258 lr 2.2287e-05 eta 0:07:47
[2025-11-20 10:47:22 diffposetalk_trainer.py line 101]=>INFO: iter [68750/100000] time 0.024 (0.024) data 0.000 (0.000) loss 0.0362 lr 2.2221e-05 eta 0:12:36
[2025-11-20 10:47:24 diffposetalk_trainer.py line 101]=>INFO: iter [68800/100000] time 0.033 (0.033) data 0.000 (0.000) loss 0.0207 lr 2.2156e-05 eta 0:16:59
[2025-11-20 10:47:25 diffposetalk_trainer.py line 101]=>INFO: iter [68850/100000] time 0.023 (0.023) data 0.000 (0.000) loss 0.0391 lr 2.2091e-05 eta 0:11:45
[2025-11-20 10:47:27 diffposetalk_trainer.py line 101]=>INFO: iter [68900/100000] time 0.021 (0.021) data 0.000 (0.000) loss 0.0222 lr 2.2026e-05 eta 0:11:08
[2025-11-20 10:47:28 diffposetalk_trainer.py line 101]=>INFO: iter [68950/100000] time 0.031 (0.031) data 0.000 (0.000) loss 0.0183 lr 2.1961e-05 eta 0:16:15
[2025-11-20 10:47:30 diffposetalk_trainer.py line 101]=>INFO: iter [69000/100000] time 0.020 (0.020) data 0.000 (0.000) loss 0.0310 lr 2.1896e-05 eta 0:10:17
[2025-11-20 10:47:31 diffposetalk_trainer.py line 101]=>INFO: iter [69050/100000] time 0.027 (0.027) data 0.005 (0.005) loss 0.0196 lr 2.1831e-05 eta 0:14:08
[2025-11-20 10:47:33 diffposetalk_trainer.py line 101]=>INFO: iter [69100/100000] time 0.033 (0.033) data 0.000 (0.000) loss 0.0843 lr 2.1766e-05 eta 0:17:00
[2025-11-20 10:47:34 diffposetalk_trainer.py line 101]=>INFO: iter [69150/100000] time 0.024 (0.024) data 0.000 (0.000) loss 0.0611 lr 2.1701e-05 eta 0:12:31
[2025-11-20 10:47:36 diffposetalk_trainer.py line 101]=>INFO: iter [69200/100000] time 0.022 (0.022) data 0.000 (0.000) loss 0.0325 lr 2.1637e-05 eta 0:11:22
[2025-11-20 10:47:38 diffposetalk_trainer.py line 101]=>INFO: iter [69250/100000] time 0.024 (0.024) data 0.000 (0.000) loss 0.0985 lr 2.1572e-05 eta 0:12:18
[2025-11-20 10:47:39 diffposetalk_trainer.py line 101]=>INFO: iter [69300/100000] time 0.017 (0.017) data 0.000 (0.000) loss 0.0080 lr 2.1507e-05 eta 0:08:44
[2025-11-20 10:47:41 diffposetalk_trainer.py line 101]=>INFO: iter [69350/100000] time 0.024 (0.024) data 0.000 (0.000) loss 0.0187 lr 2.1443e-05 eta 0:12:13
[2025-11-20 10:47:42 diffposetalk_trainer.py line 101]=>INFO: iter [69400/100000] time 0.021 (0.021) data 0.000 (0.000) loss 0.0198 lr 2.1378e-05 eta 0:10:36
[2025-11-20 10:47:44 diffposetalk_trainer.py line 101]=>INFO: iter [69450/100000] time 0.019 (0.019) data 0.000 (0.000) loss 0.0224 lr 2.1314e-05 eta 0:09:55
[2025-11-20 10:47:46 diffposetalk_trainer.py line 101]=>INFO: iter [69500/100000] time 0.027 (0.027) data 0.000 (0.000) loss 0.0689 lr 2.1250e-05 eta 0:13:34
[2025-11-20 10:47:47 diffposetalk_trainer.py line 101]=>INFO: iter [69550/100000] time 0.018 (0.018) data 0.000 (0.000) loss 0.0240 lr 2.1186e-05 eta 0:09:16
[2025-11-20 10:47:48 diffposetalk_trainer.py line 101]=>INFO: iter [69600/100000] time 0.018 (0.018) data 0.000 (0.000) loss 0.0275 lr 2.1121e-05 eta 0:09:04
[2025-11-20 10:47:50 diffposetalk_trainer.py line 101]=>INFO: iter [69650/100000] time 0.020 (0.020) data 0.000 (0.000) loss 0.0566 lr 2.1057e-05 eta 0:10:11
[2025-11-20 10:47:51 diffposetalk_trainer.py line 101]=>INFO: iter [69700/100000] time 0.017 (0.017) data 0.000 (0.000) loss 0.0205 lr 2.0993e-05 eta 0:08:48
[2025-11-20 10:47:52 diffposetalk_trainer.py line 101]=>INFO: iter [69750/100000] time 0.024 (0.024) data 0.005 (0.005) loss 0.0255 lr 2.0929e-05 eta 0:12:04
[2025-11-20 10:47:53 diffposetalk_trainer.py line 101]=>INFO: iter [69800/100000] time 0.017 (0.017) data 0.000 (0.000) loss 0.0369 lr 2.0865e-05 eta 0:08:47
[2025-11-20 10:47:55 diffposetalk_trainer.py line 101]=>INFO: iter [69850/100000] time 0.032 (0.032) data 0.000 (0.000) loss 0.0921 lr 2.0802e-05 eta 0:16:02
[2025-11-20 10:47:57 diffposetalk_trainer.py line 101]=>INFO: iter [69900/100000] time 0.024 (0.024) data 0.000 (0.000) loss 0.0249 lr 2.0738e-05 eta 0:11:54
[2025-11-20 10:47:59 diffposetalk_trainer.py line 101]=>INFO: iter [69950/100000] time 0.028 (0.028) data 0.000 (0.000) loss 0.0371 lr 2.0674e-05 eta 0:13:52
[2025-11-20 10:48:01 diffposetalk_trainer.py line 101]=>INFO: iter [70000/100000] time 0.022 (0.022) data 0.000 (0.000) loss 0.0059 lr 2.0611e-05 eta 0:10:59
[2025-11-20 10:48:01 diffposetalk_trainer.py line 144]=>INFO: Evaluate on the *val* set
[2025-11-20 10:48:05 diffposetalk_trainer.py line 157]=>INFO: iter: 50 loss_val: 0.5468701857328415 
[2025-11-20 10:48:10 diffposetalk_trainer.py line 157]=>INFO: iter: 100 loss_val: 0.5460937336087227 
[2025-11-20 10:48:15 diffposetalk_trainer.py line 157]=>INFO: iter: 150 loss_val: 0.5417854855457942 
[2025-11-20 10:48:20 diffposetalk_trainer.py line 157]=>INFO: iter: 200 loss_val: 0.5410740950703621 
[2025-11-20 10:48:25 diffposetalk_trainer.py line 157]=>INFO: iter: 250 loss_val: 0.5381874780654907 
[2025-11-20 10:48:30 diffposetalk_trainer.py line 157]=>INFO: iter: 300 loss_val: 0.5393117982149124 
[2025-11-20 10:48:34 diffposetalk_trainer.py line 157]=>INFO: iter: 350 loss_val: 0.538544072679111 
[2025-11-20 10:48:40 diffposetalk_trainer.py line 157]=>INFO: iter: 400 loss_val: 0.5360846846550703 
[2025-11-20 10:48:40 base_trainer.py line 675]=>INFO: Checkpoint saved to output/HDTF_TFHP/StyleEncoderTrainer/Train/model/model.pth.tar-iter-70000
[2025-11-20 10:48:42 diffposetalk_trainer.py line 101]=>INFO: iter [70050/100000] time 0.024 (0.024) data 0.000 (0.000) loss 0.0225 lr 2.0547e-05 eta 0:11:48
[2025-11-20 10:48:43 diffposetalk_trainer.py line 101]=>INFO: iter [70100/100000] time 0.024 (0.024) data 0.000 (0.000) loss 0.0214 lr 2.0484e-05 eta 0:11:54
[2025-11-20 10:48:45 diffposetalk_trainer.py line 101]=>INFO: iter [70150/100000] time 0.020 (0.020) data 0.000 (0.000) loss 0.0258 lr 2.0420e-05 eta 0:09:43
[2025-11-20 10:48:47 diffposetalk_trainer.py line 101]=>INFO: iter [70200/100000] time 0.029 (0.029) data 0.000 (0.000) loss 0.0237 lr 2.0357e-05 eta 0:14:37
[2025-11-20 10:48:48 diffposetalk_trainer.py line 101]=>INFO: iter [70250/100000] time 0.021 (0.021) data 0.000 (0.000) loss 0.0877 lr 2.0294e-05 eta 0:10:38
[2025-11-20 10:48:50 diffposetalk_trainer.py line 101]=>INFO: iter [70300/100000] time 0.021 (0.021) data 0.000 (0.000) loss 0.0180 lr 2.0231e-05 eta 0:10:28
[2025-11-20 10:48:51 diffposetalk_trainer.py line 101]=>INFO: iter [70350/100000] time 0.017 (0.017) data 0.000 (0.000) loss 0.0265 lr 2.0168e-05 eta 0:08:21
[2025-11-20 10:48:53 diffposetalk_trainer.py line 101]=>INFO: iter [70400/100000] time 0.029 (0.029) data 0.000 (0.000) loss 0.0211 lr 2.0105e-05 eta 0:14:13
[2025-11-20 10:48:55 diffposetalk_trainer.py line 101]=>INFO: iter [70450/100000] time 0.040 (0.040) data 0.000 (0.000) loss 0.0632 lr 2.0042e-05 eta 0:19:28
[2025-11-20 10:48:57 diffposetalk_trainer.py line 101]=>INFO: iter [70500/100000] time 0.031 (0.031) data 0.000 (0.000) loss 0.0380 lr 1.9979e-05 eta 0:14:59
[2025-11-20 10:48:59 diffposetalk_trainer.py line 101]=>INFO: iter [70550/100000] time 0.030 (0.030) data 0.000 (0.000) loss 0.0742 lr 1.9916e-05 eta 0:14:37
[2025-11-20 10:49:01 diffposetalk_trainer.py line 101]=>INFO: iter [70600/100000] time 0.025 (0.025) data 0.000 (0.000) loss 0.0360 lr 1.9854e-05 eta 0:12:08
[2025-11-20 10:49:02 diffposetalk_trainer.py line 101]=>INFO: iter [70650/100000] time 0.032 (0.032) data 0.000 (0.000) loss 0.0196 lr 1.9791e-05 eta 0:15:45
[2025-11-20 10:49:04 diffposetalk_trainer.py line 101]=>INFO: iter [70700/100000] time 0.024 (0.024) data 0.000 (0.000) loss 0.0047 lr 1.9728e-05 eta 0:11:54
[2025-11-20 10:49:06 diffposetalk_trainer.py line 101]=>INFO: iter [70750/100000] time 0.022 (0.022) data 0.000 (0.000) loss 0.0228 lr 1.9666e-05 eta 0:10:44
[2025-11-20 10:49:07 diffposetalk_trainer.py line 101]=>INFO: iter [70800/100000] time 0.024 (0.024) data 0.000 (0.000) loss 0.0365 lr 1.9603e-05 eta 0:11:42
[2025-11-20 10:49:09 diffposetalk_trainer.py line 101]=>INFO: iter [70850/100000] time 0.018 (0.018) data 0.000 (0.000) loss 0.0328 lr 1.9541e-05 eta 0:08:49
[2025-11-20 10:49:10 diffposetalk_trainer.py line 101]=>INFO: iter [70900/100000] time 0.018 (0.018) data 0.000 (0.000) loss 0.0267 lr 1.9479e-05 eta 0:08:42
[2025-11-20 10:49:12 diffposetalk_trainer.py line 101]=>INFO: iter [70950/100000] time 0.017 (0.017) data 0.000 (0.000) loss 0.0220 lr 1.9417e-05 eta 0:08:13
[2025-11-20 10:49:13 diffposetalk_trainer.py line 101]=>INFO: iter [71000/100000] time 0.022 (0.022) data 0.000 (0.000) loss 0.0249 lr 1.9355e-05 eta 0:10:25
[2025-11-20 10:49:15 diffposetalk_trainer.py line 101]=>INFO: iter [71050/100000] time 0.037 (0.037) data 0.000 (0.000) loss 0.0167 lr 1.9293e-05 eta 0:17:41
[2025-11-20 10:49:17 diffposetalk_trainer.py line 101]=>INFO: iter [71100/100000] time 0.042 (0.042) data 0.000 (0.000) loss 0.0757 lr 1.9231e-05 eta 0:20:11
[2025-11-20 10:49:19 diffposetalk_trainer.py line 101]=>INFO: iter [71150/100000] time 0.023 (0.023) data 0.000 (0.000) loss 0.0236 lr 1.9169e-05 eta 0:10:51
[2025-11-20 10:49:21 diffposetalk_trainer.py line 101]=>INFO: iter [71200/100000] time 0.024 (0.024) data 0.000 (0.000) loss 0.0226 lr 1.9107e-05 eta 0:11:39
[2025-11-20 10:49:23 diffposetalk_trainer.py line 101]=>INFO: iter [71250/100000] time 0.024 (0.024) data 0.000 (0.000) loss 0.0645 lr 1.9045e-05 eta 0:11:20
[2025-11-20 10:49:24 diffposetalk_trainer.py line 101]=>INFO: iter [71300/100000] time 0.043 (0.043) data 0.000 (0.000) loss 0.0776 lr 1.8984e-05 eta 0:20:20
[2025-11-20 10:49:26 diffposetalk_trainer.py line 101]=>INFO: iter [71350/100000] time 0.021 (0.021) data 0.000 (0.000) loss 0.0727 lr 1.8922e-05 eta 0:09:54
[2025-11-20 10:49:27 diffposetalk_trainer.py line 101]=>INFO: iter [71400/100000] time 0.017 (0.017) data 0.000 (0.000) loss 0.0046 lr 1.8861e-05 eta 0:07:57
[2025-11-20 10:49:29 diffposetalk_trainer.py line 101]=>INFO: iter [71450/100000] time 0.019 (0.019) data 0.000 (0.000) loss 0.0215 lr 1.8799e-05 eta 0:09:07
[2025-11-20 10:49:30 diffposetalk_trainer.py line 101]=>INFO: iter [71500/100000] time 0.019 (0.019) data 0.000 (0.000) loss 0.0235 lr 1.8738e-05 eta 0:09:13
[2025-11-20 10:49:32 diffposetalk_trainer.py line 101]=>INFO: iter [71550/100000] time 0.021 (0.021) data 0.000 (0.000) loss 0.0221 lr 1.8677e-05 eta 0:09:44
[2025-11-20 10:49:33 diffposetalk_trainer.py line 101]=>INFO: iter [71600/100000] time 0.033 (0.033) data 0.000 (0.000) loss 0.0340 lr 1.8615e-05 eta 0:15:29
[2025-11-20 10:49:35 diffposetalk_trainer.py line 101]=>INFO: iter [71650/100000] time 0.017 (0.017) data 0.000 (0.000) loss 0.0236 lr 1.8554e-05 eta 0:08:15
[2025-11-20 10:49:36 diffposetalk_trainer.py line 101]=>INFO: iter [71700/100000] time 0.021 (0.021) data 0.000 (0.000) loss 0.0279 lr 1.8493e-05 eta 0:10:04
[2025-11-20 10:49:38 diffposetalk_trainer.py line 101]=>INFO: iter [71750/100000] time 0.019 (0.019) data 0.000 (0.000) loss 0.0851 lr 1.8432e-05 eta 0:09:08
[2025-11-20 10:49:39 diffposetalk_trainer.py line 101]=>INFO: iter [71800/100000] time 0.022 (0.022) data 0.000 (0.000) loss 0.0925 lr 1.8371e-05 eta 0:10:20
[2025-11-20 10:49:41 diffposetalk_trainer.py line 101]=>INFO: iter [71850/100000] time 0.021 (0.021) data 0.000 (0.000) loss 0.0236 lr 1.8311e-05 eta 0:09:49
[2025-11-20 10:49:42 diffposetalk_trainer.py line 101]=>INFO: iter [71900/100000] time 0.026 (0.026) data 0.000 (0.000) loss 0.0485 lr 1.8250e-05 eta 0:12:02
[2025-11-20 10:49:44 diffposetalk_trainer.py line 101]=>INFO: iter [71950/100000] time 0.023 (0.023) data 0.000 (0.000) loss 0.0192 lr 1.8189e-05 eta 0:10:35
[2025-11-20 10:49:45 diffposetalk_trainer.py line 101]=>INFO: iter [72000/100000] time 0.026 (0.026) data 0.000 (0.000) loss 0.0242 lr 1.8129e-05 eta 0:12:04
[2025-11-20 10:49:45 diffposetalk_trainer.py line 144]=>INFO: Evaluate on the *val* set
[2025-11-20 10:49:51 diffposetalk_trainer.py line 157]=>INFO: iter: 50 loss_val: 0.543517981171608 
[2025-11-20 10:49:56 diffposetalk_trainer.py line 157]=>INFO: iter: 100 loss_val: 0.5460564523935318 
[2025-11-20 10:50:00 diffposetalk_trainer.py line 157]=>INFO: iter: 150 loss_val: 0.5415511725346247 
[2025-11-20 10:50:05 diffposetalk_trainer.py line 157]=>INFO: iter: 200 loss_val: 0.5408943937718869 
[2025-11-20 10:50:10 diffposetalk_trainer.py line 157]=>INFO: iter: 250 loss_val: 0.5428095136880875 
[2025-11-20 10:50:15 diffposetalk_trainer.py line 157]=>INFO: iter: 300 loss_val: 0.5417560818791389 
[2025-11-20 10:50:20 diffposetalk_trainer.py line 157]=>INFO: iter: 350 loss_val: 0.5415125351292747 
[2025-11-20 10:50:25 diffposetalk_trainer.py line 157]=>INFO: iter: 400 loss_val: 0.5405015588551759 
[2025-11-20 10:50:25 base_trainer.py line 675]=>INFO: Checkpoint saved to output/HDTF_TFHP/StyleEncoderTrainer/Train/model/model.pth.tar-iter-72000
[2025-11-20 10:50:27 diffposetalk_trainer.py line 101]=>INFO: iter [72050/100000] time 0.041 (0.041) data 0.000 (0.000) loss 0.0340 lr 1.8068e-05 eta 0:19:09
[2025-11-20 10:50:28 diffposetalk_trainer.py line 101]=>INFO: iter [72100/100000] time 0.020 (0.020) data 0.000 (0.000) loss 0.0056 lr 1.8008e-05 eta 0:09:08
[2025-11-20 10:50:30 diffposetalk_trainer.py line 101]=>INFO: iter [72150/100000] time 0.022 (0.022) data 0.000 (0.000) loss 0.0228 lr 1.7948e-05 eta 0:10:21
[2025-11-20 10:50:32 diffposetalk_trainer.py line 101]=>INFO: iter [72200/100000] time 0.022 (0.022) data 0.000 (0.000) loss 0.0286 lr 1.7887e-05 eta 0:10:21
[2025-11-20 10:50:33 diffposetalk_trainer.py line 101]=>INFO: iter [72250/100000] time 0.022 (0.022) data 0.000 (0.000) loss 0.0303 lr 1.7827e-05 eta 0:10:18
[2025-11-20 10:50:35 diffposetalk_trainer.py line 101]=>INFO: iter [72300/100000] time 0.020 (0.020) data 0.000 (0.000) loss 0.0795 lr 1.7767e-05 eta 0:09:22
[2025-11-20 10:50:36 diffposetalk_trainer.py line 101]=>INFO: iter [72350/100000] time 0.019 (0.019) data 0.000 (0.000) loss 0.0245 lr 1.7707e-05 eta 0:08:45
[2025-11-20 10:50:38 diffposetalk_trainer.py line 101]=>INFO: iter [72400/100000] time 0.024 (0.024) data 0.000 (0.000) loss 0.0281 lr 1.7647e-05 eta 0:10:49
[2025-11-20 10:50:40 diffposetalk_trainer.py line 101]=>INFO: iter [72450/100000] time 0.020 (0.020) data 0.000 (0.000) loss 0.0645 lr 1.7587e-05 eta 0:08:59
[2025-11-20 10:50:41 diffposetalk_trainer.py line 101]=>INFO: iter [72500/100000] time 0.021 (0.021) data 0.000 (0.000) loss 0.0196 lr 1.7528e-05 eta 0:09:34
[2025-11-20 10:50:42 diffposetalk_trainer.py line 101]=>INFO: iter [72550/100000] time 0.025 (0.025) data 0.000 (0.000) loss 0.0178 lr 1.7468e-05 eta 0:11:27
[2025-11-20 10:50:44 diffposetalk_trainer.py line 101]=>INFO: iter [72600/100000] time 0.017 (0.017) data 0.000 (0.000) loss 0.0320 lr 1.7408e-05 eta 0:07:41
[2025-11-20 10:50:46 diffposetalk_trainer.py line 101]=>INFO: iter [72650/100000] time 0.024 (0.024) data 0.000 (0.000) loss 0.0216 lr 1.7349e-05 eta 0:11:07
[2025-11-20 10:50:47 diffposetalk_trainer.py line 101]=>INFO: iter [72700/100000] time 0.020 (0.020) data 0.000 (0.000) loss 0.0541 lr 1.7289e-05 eta 0:08:55
[2025-11-20 10:50:49 diffposetalk_trainer.py line 101]=>INFO: iter [72750/100000] time 0.032 (0.032) data 0.000 (0.000) loss 0.1375 lr 1.7230e-05 eta 0:14:24
[2025-11-20 10:50:50 diffposetalk_trainer.py line 101]=>INFO: iter [72800/100000] time 0.020 (0.020) data 0.000 (0.000) loss 0.0056 lr 1.7171e-05 eta 0:09:07
[2025-11-20 10:50:52 diffposetalk_trainer.py line 101]=>INFO: iter [72850/100000] time 0.017 (0.017) data 0.000 (0.000) loss 0.0520 lr 1.7112e-05 eta 0:07:39
[2025-11-20 10:50:53 diffposetalk_trainer.py line 101]=>INFO: iter [72900/100000] time 0.016 (0.016) data 0.000 (0.000) loss 0.0192 lr 1.7052e-05 eta 0:07:18
[2025-11-20 10:50:55 diffposetalk_trainer.py line 101]=>INFO: iter [72950/100000] time 0.032 (0.032) data 0.000 (0.000) loss 0.0851 lr 1.6993e-05 eta 0:14:37
[2025-11-20 10:50:57 diffposetalk_trainer.py line 101]=>INFO: iter [73000/100000] time 0.034 (0.034) data 0.000 (0.000) loss 0.0749 lr 1.6934e-05 eta 0:15:27
[2025-11-20 10:50:58 diffposetalk_trainer.py line 101]=>INFO: iter [73050/100000] time 0.016 (0.016) data 0.000 (0.000) loss 0.1158 lr 1.6876e-05 eta 0:07:21
[2025-11-20 10:50:59 diffposetalk_trainer.py line 101]=>INFO: iter [73100/100000] time 0.018 (0.018) data 0.000 (0.000) loss 0.0388 lr 1.6817e-05 eta 0:07:56
[2025-11-20 10:51:01 diffposetalk_trainer.py line 101]=>INFO: iter [73150/100000] time 0.028 (0.028) data 0.000 (0.000) loss 0.0197 lr 1.6758e-05 eta 0:12:22
[2025-11-20 10:51:02 diffposetalk_trainer.py line 101]=>INFO: iter [73200/100000] time 0.020 (0.020) data 0.000 (0.000) loss 0.0293 lr 1.6699e-05 eta 0:08:52
[2025-11-20 10:51:04 diffposetalk_trainer.py line 101]=>INFO: iter [73250/100000] time 0.022 (0.022) data 0.000 (0.000) loss 0.0625 lr 1.6641e-05 eta 0:09:50
[2025-11-20 10:51:05 diffposetalk_trainer.py line 101]=>INFO: iter [73300/100000] time 0.020 (0.020) data 0.000 (0.000) loss 0.0254 lr 1.6582e-05 eta 0:08:48
[2025-11-20 10:51:07 diffposetalk_trainer.py line 101]=>INFO: iter [73350/100000] time 0.027 (0.027) data 0.000 (0.000) loss 0.0244 lr 1.6524e-05 eta 0:12:04
[2025-11-20 10:51:08 diffposetalk_trainer.py line 101]=>INFO: iter [73400/100000] time 0.020 (0.020) data 0.000 (0.000) loss 0.0217 lr 1.6466e-05 eta 0:08:52
[2025-11-20 10:51:10 diffposetalk_trainer.py line 101]=>INFO: iter [73450/100000] time 0.020 (0.020) data 0.000 (0.000) loss 0.0250 lr 1.6408e-05 eta 0:08:37
[2025-11-20 10:51:12 diffposetalk_trainer.py line 101]=>INFO: iter [73500/100000] time 0.031 (0.031) data 0.000 (0.000) loss 0.0045 lr 1.6349e-05 eta 0:13:53
[2025-11-20 10:51:13 diffposetalk_trainer.py line 101]=>INFO: iter [73550/100000] time 0.018 (0.018) data 0.000 (0.000) loss 0.0465 lr 1.6291e-05 eta 0:07:44
[2025-11-20 10:51:15 diffposetalk_trainer.py line 101]=>INFO: iter [73600/100000] time 0.023 (0.023) data 0.000 (0.000) loss 0.0186 lr 1.6233e-05 eta 0:10:11
[2025-11-20 10:51:17 diffposetalk_trainer.py line 101]=>INFO: iter [73650/100000] time 0.020 (0.020) data 0.000 (0.000) loss 0.0275 lr 1.6175e-05 eta 0:08:52
[2025-11-20 10:51:18 diffposetalk_trainer.py line 101]=>INFO: iter [73700/100000] time 0.036 (0.036) data 0.000 (0.000) loss 0.0719 lr 1.6118e-05 eta 0:15:47
[2025-11-20 10:51:20 diffposetalk_trainer.py line 101]=>INFO: iter [73750/100000] time 0.028 (0.028) data 0.000 (0.000) loss 0.0203 lr 1.6060e-05 eta 0:12:14
[2025-11-20 10:51:22 diffposetalk_trainer.py line 101]=>INFO: iter [73800/100000] time 0.024 (0.024) data 0.000 (0.000) loss 0.0230 lr 1.6002e-05 eta 0:10:24
[2025-11-20 10:51:24 diffposetalk_trainer.py line 101]=>INFO: iter [73850/100000] time 0.020 (0.020) data 0.000 (0.000) loss 0.0316 lr 1.5945e-05 eta 0:08:44
[2025-11-20 10:51:25 diffposetalk_trainer.py line 101]=>INFO: iter [73900/100000] time 0.027 (0.027) data 0.000 (0.000) loss 0.0538 lr 1.5887e-05 eta 0:11:33
[2025-11-20 10:51:27 diffposetalk_trainer.py line 101]=>INFO: iter [73950/100000] time 0.034 (0.034) data 0.000 (0.000) loss 0.0162 lr 1.5830e-05 eta 0:14:36
[2025-11-20 10:51:29 diffposetalk_trainer.py line 101]=>INFO: iter [74000/100000] time 0.020 (0.020) data 0.000 (0.000) loss 0.0258 lr 1.5773e-05 eta 0:08:46
[2025-11-20 10:51:29 diffposetalk_trainer.py line 144]=>INFO: Evaluate on the *val* set
[2025-11-20 10:51:34 diffposetalk_trainer.py line 157]=>INFO: iter: 50 loss_val: 0.5243974137306213 
[2025-11-20 10:51:39 diffposetalk_trainer.py line 157]=>INFO: iter: 100 loss_val: 0.5307995575666428 
[2025-11-20 10:51:44 diffposetalk_trainer.py line 157]=>INFO: iter: 150 loss_val: 0.5294676772753397 
[2025-11-20 10:51:49 diffposetalk_trainer.py line 157]=>INFO: iter: 200 loss_val: 0.5329859203100205 
[2025-11-20 10:51:54 diffposetalk_trainer.py line 157]=>INFO: iter: 250 loss_val: 0.5333667323589325 
[2025-11-20 10:51:58 diffposetalk_trainer.py line 157]=>INFO: iter: 300 loss_val: 0.534383041659991 
[2025-11-20 10:52:03 diffposetalk_trainer.py line 157]=>INFO: iter: 350 loss_val: 0.5345482608250209 
[2025-11-20 10:52:08 diffposetalk_trainer.py line 157]=>INFO: iter: 400 loss_val: 0.5351188131421805 
[2025-11-20 10:52:08 base_trainer.py line 675]=>INFO: Checkpoint saved to output/HDTF_TFHP/StyleEncoderTrainer/Train/model/model.pth.tar-iter-74000
[2025-11-20 10:52:10 diffposetalk_trainer.py line 101]=>INFO: iter [74050/100000] time 0.020 (0.020) data 0.000 (0.000) loss 0.0252 lr 1.5715e-05 eta 0:08:42
[2025-11-20 10:52:11 diffposetalk_trainer.py line 101]=>INFO: iter [74100/100000] time 0.019 (0.019) data 0.000 (0.000) loss 0.0183 lr 1.5658e-05 eta 0:08:08
[2025-11-20 10:52:13 diffposetalk_trainer.py line 101]=>INFO: iter [74150/100000] time 0.026 (0.026) data 0.000 (0.000) loss 0.1266 lr 1.5601e-05 eta 0:11:13
[2025-11-20 10:52:15 diffposetalk_trainer.py line 101]=>INFO: iter [74200/100000] time 0.044 (0.044) data 0.000 (0.000) loss 0.0931 lr 1.5544e-05 eta 0:18:44
[2025-11-20 10:52:17 diffposetalk_trainer.py line 101]=>INFO: iter [74250/100000] time 0.027 (0.027) data 0.000 (0.000) loss 0.0194 lr 1.5487e-05 eta 0:11:24
[2025-11-20 10:52:19 diffposetalk_trainer.py line 101]=>INFO: iter [74300/100000] time 0.042 (0.042) data 0.000 (0.000) loss 0.0208 lr 1.5431e-05 eta 0:18:00
[2025-11-20 10:52:21 diffposetalk_trainer.py line 101]=>INFO: iter [74350/100000] time 0.030 (0.030) data 0.000 (0.000) loss 0.0257 lr 1.5374e-05 eta 0:12:41
[2025-11-20 10:52:23 diffposetalk_trainer.py line 101]=>INFO: iter [74400/100000] time 0.038 (0.038) data 0.000 (0.000) loss 0.0694 lr 1.5317e-05 eta 0:16:07
[2025-11-20 10:52:24 diffposetalk_trainer.py line 101]=>INFO: iter [74450/100000] time 0.018 (0.018) data 0.000 (0.000) loss 0.0252 lr 1.5261e-05 eta 0:07:32
[2025-11-20 10:52:26 diffposetalk_trainer.py line 101]=>INFO: iter [74500/100000] time 0.025 (0.025) data 0.000 (0.000) loss 0.0197 lr 1.5204e-05 eta 0:10:44
[2025-11-20 10:52:28 diffposetalk_trainer.py line 101]=>INFO: iter [74550/100000] time 0.024 (0.024) data 0.000 (0.000) loss 0.0850 lr 1.5148e-05 eta 0:09:59
[2025-11-20 10:52:29 diffposetalk_trainer.py line 101]=>INFO: iter [74600/100000] time 0.026 (0.026) data 0.000 (0.000) loss 0.1007 lr 1.5092e-05 eta 0:11:04
[2025-11-20 10:52:31 diffposetalk_trainer.py line 101]=>INFO: iter [74650/100000] time 0.029 (0.029) data 0.000 (0.000) loss 0.0185 lr 1.5036e-05 eta 0:12:24
[2025-11-20 10:52:32 diffposetalk_trainer.py line 101]=>INFO: iter [74700/100000] time 0.020 (0.020) data 0.000 (0.000) loss 0.0302 lr 1.4979e-05 eta 0:08:15
[2025-11-20 10:52:34 diffposetalk_trainer.py line 101]=>INFO: iter [74750/100000] time 0.020 (0.020) data 0.000 (0.000) loss 0.0643 lr 1.4923e-05 eta 0:08:12
[2025-11-20 10:52:36 diffposetalk_trainer.py line 101]=>INFO: iter [74800/100000] time 0.024 (0.024) data 0.000 (0.000) loss 0.0177 lr 1.4868e-05 eta 0:09:59
[2025-11-20 10:52:37 diffposetalk_trainer.py line 101]=>INFO: iter [74850/100000] time 0.027 (0.027) data 0.000 (0.000) loss 0.0370 lr 1.4812e-05 eta 0:11:29
[2025-11-20 10:52:39 diffposetalk_trainer.py line 101]=>INFO: iter [74900/100000] time 0.020 (0.020) data 0.000 (0.000) loss 0.0073 lr 1.4756e-05 eta 0:08:10
[2025-11-20 10:52:41 diffposetalk_trainer.py line 101]=>INFO: iter [74950/100000] time 0.021 (0.021) data 0.000 (0.000) loss 0.0200 lr 1.4700e-05 eta 0:08:53
[2025-11-20 10:52:42 diffposetalk_trainer.py line 101]=>INFO: iter [75000/100000] time 0.020 (0.020) data 0.000 (0.000) loss 0.0220 lr 1.4645e-05 eta 0:08:29
[2025-11-20 10:52:44 diffposetalk_trainer.py line 101]=>INFO: iter [75050/100000] time 0.020 (0.020) data 0.000 (0.000) loss 0.0250 lr 1.4589e-05 eta 0:08:15
[2025-11-20 10:52:46 diffposetalk_trainer.py line 101]=>INFO: iter [75100/100000] time 0.046 (0.046) data 0.000 (0.000) loss 0.0191 lr 1.4534e-05 eta 0:18:59
[2025-11-20 10:52:48 diffposetalk_trainer.py line 101]=>INFO: iter [75150/100000] time 0.030 (0.030) data 0.000 (0.000) loss 0.0803 lr 1.4478e-05 eta 0:12:27
[2025-11-20 10:52:50 diffposetalk_trainer.py line 101]=>INFO: iter [75200/100000] time 0.026 (0.026) data 0.000 (0.000) loss 0.0338 lr 1.4423e-05 eta 0:10:55
[2025-11-20 10:52:51 diffposetalk_trainer.py line 101]=>INFO: iter [75250/100000] time 0.020 (0.020) data 0.000 (0.000) loss 0.0202 lr 1.4368e-05 eta 0:08:20
[2025-11-20 10:52:53 diffposetalk_trainer.py line 101]=>INFO: iter [75300/100000] time 0.023 (0.023) data 0.000 (0.000) loss 0.0347 lr 1.4313e-05 eta 0:09:36
[2025-11-20 10:52:55 diffposetalk_trainer.py line 101]=>INFO: iter [75350/100000] time 0.037 (0.037) data 0.000 (0.000) loss 0.1719 lr 1.4258e-05 eta 0:15:10
[2025-11-20 10:52:57 diffposetalk_trainer.py line 101]=>INFO: iter [75400/100000] time 0.021 (0.021) data 0.000 (0.000) loss 0.0232 lr 1.4203e-05 eta 0:08:37
[2025-11-20 10:52:59 diffposetalk_trainer.py line 101]=>INFO: iter [75450/100000] time 0.027 (0.027) data 0.000 (0.000) loss 0.0195 lr 1.4148e-05 eta 0:11:06
[2025-11-20 10:53:00 diffposetalk_trainer.py line 101]=>INFO: iter [75500/100000] time 0.024 (0.024) data 0.000 (0.000) loss 0.0162 lr 1.4094e-05 eta 0:09:43
[2025-11-20 10:53:02 diffposetalk_trainer.py line 101]=>INFO: iter [75550/100000] time 0.029 (0.029) data 0.000 (0.000) loss 0.0197 lr 1.4039e-05 eta 0:11:53
[2025-11-20 10:53:04 diffposetalk_trainer.py line 101]=>INFO: iter [75600/100000] time 0.021 (0.021) data 0.000 (0.000) loss 0.0048 lr 1.3985e-05 eta 0:08:40
[2025-11-20 10:53:06 diffposetalk_trainer.py line 101]=>INFO: iter [75650/100000] time 0.037 (0.037) data 0.000 (0.000) loss 0.0385 lr 1.3930e-05 eta 0:15:04
[2025-11-20 10:53:08 diffposetalk_trainer.py line 101]=>INFO: iter [75700/100000] time 0.027 (0.027) data 0.000 (0.000) loss 0.0275 lr 1.3876e-05 eta 0:10:55
[2025-11-20 10:53:09 diffposetalk_trainer.py line 101]=>INFO: iter [75750/100000] time 0.036 (0.036) data 0.000 (0.000) loss 0.0244 lr 1.3822e-05 eta 0:14:27
[2025-11-20 10:53:11 diffposetalk_trainer.py line 101]=>INFO: iter [75800/100000] time 0.027 (0.027) data 0.000 (0.000) loss 0.0234 lr 1.3767e-05 eta 0:11:03
[2025-11-20 10:53:12 diffposetalk_trainer.py line 101]=>INFO: iter [75850/100000] time 0.017 (0.017) data 0.000 (0.000) loss 0.0181 lr 1.3713e-05 eta 0:06:55
[2025-11-20 10:53:13 diffposetalk_trainer.py line 101]=>INFO: iter [75900/100000] time 0.026 (0.026) data 0.000 (0.000) loss 0.0416 lr 1.3659e-05 eta 0:10:28
[2025-11-20 10:53:15 diffposetalk_trainer.py line 101]=>INFO: iter [75950/100000] time 0.018 (0.018) data 0.000 (0.000) loss 0.0225 lr 1.3605e-05 eta 0:07:19
[2025-11-20 10:53:16 diffposetalk_trainer.py line 101]=>INFO: iter [76000/100000] time 0.020 (0.020) data 0.000 (0.000) loss 0.0188 lr 1.3552e-05 eta 0:07:58
[2025-11-20 10:53:16 diffposetalk_trainer.py line 144]=>INFO: Evaluate on the *val* set
[2025-11-20 10:53:21 diffposetalk_trainer.py line 157]=>INFO: iter: 50 loss_val: 0.5363553982973098 
[2025-11-20 10:53:26 diffposetalk_trainer.py line 157]=>INFO: iter: 100 loss_val: 0.5384983584284783 
[2025-11-20 10:53:31 diffposetalk_trainer.py line 157]=>INFO: iter: 150 loss_val: 0.5393292520443599 
[2025-11-20 10:53:36 diffposetalk_trainer.py line 157]=>INFO: iter: 200 loss_val: 0.5392089150846004 
[2025-11-20 10:53:41 diffposetalk_trainer.py line 157]=>INFO: iter: 250 loss_val: 0.5354208261966705 
[2025-11-20 10:53:47 diffposetalk_trainer.py line 157]=>INFO: iter: 300 loss_val: 0.5351210862398148 
[2025-11-20 10:53:51 diffposetalk_trainer.py line 157]=>INFO: iter: 350 loss_val: 0.5357079896756581 
[2025-11-20 10:53:56 diffposetalk_trainer.py line 157]=>INFO: iter: 400 loss_val: 0.5350475568324328 
[2025-11-20 10:53:57 base_trainer.py line 675]=>INFO: Checkpoint saved to output/HDTF_TFHP/StyleEncoderTrainer/Train/model/model.pth.tar-iter-76000
[2025-11-20 10:53:59 diffposetalk_trainer.py line 101]=>INFO: iter [76050/100000] time 0.024 (0.024) data 0.000 (0.000) loss 0.0238 lr 1.3498e-05 eta 0:09:45
[2025-11-20 10:54:00 diffposetalk_trainer.py line 101]=>INFO: iter [76100/100000] time 0.019 (0.019) data 0.000 (0.000) loss 0.0764 lr 1.3444e-05 eta 0:07:40
[2025-11-20 10:54:02 diffposetalk_trainer.py line 101]=>INFO: iter [76150/100000] time 0.026 (0.026) data 0.000 (0.000) loss 0.0252 lr 1.3391e-05 eta 0:10:09
[2025-11-20 10:54:03 diffposetalk_trainer.py line 101]=>INFO: iter [76200/100000] time 0.051 (0.051) data 0.000 (0.000) loss 0.0436 lr 1.3337e-05 eta 0:20:22
[2025-11-20 10:54:06 diffposetalk_trainer.py line 101]=>INFO: iter [76250/100000] time 0.039 (0.039) data 0.000 (0.000) loss 0.0270 lr 1.3284e-05 eta 0:15:17
[2025-11-20 10:54:07 diffposetalk_trainer.py line 101]=>INFO: iter [76300/100000] time 0.021 (0.021) data 0.000 (0.000) loss 0.0095 lr 1.3231e-05 eta 0:08:18
[2025-11-20 10:54:09 diffposetalk_trainer.py line 101]=>INFO: iter [76350/100000] time 0.023 (0.023) data 0.000 (0.000) loss 0.0209 lr 1.3177e-05 eta 0:09:14
[2025-11-20 10:54:10 diffposetalk_trainer.py line 101]=>INFO: iter [76400/100000] time 0.020 (0.020) data 0.000 (0.000) loss 0.0333 lr 1.3124e-05 eta 0:07:55
[2025-11-20 10:54:12 diffposetalk_trainer.py line 101]=>INFO: iter [76450/100000] time 0.025 (0.025) data 0.000 (0.000) loss 0.0332 lr 1.3071e-05 eta 0:09:43
[2025-11-20 10:54:14 diffposetalk_trainer.py line 101]=>INFO: iter [76500/100000] time 0.022 (0.022) data 0.000 (0.000) loss 0.0320 lr 1.3018e-05 eta 0:08:36
[2025-11-20 10:54:15 diffposetalk_trainer.py line 101]=>INFO: iter [76550/100000] time 0.026 (0.026) data 0.000 (0.000) loss 0.0201 lr 1.2966e-05 eta 0:10:06
[2025-11-20 10:54:17 diffposetalk_trainer.py line 101]=>INFO: iter [76600/100000] time 0.021 (0.021) data 0.000 (0.000) loss 0.0518 lr 1.2913e-05 eta 0:08:17
[2025-11-20 10:54:18 diffposetalk_trainer.py line 101]=>INFO: iter [76650/100000] time 0.033 (0.033) data 0.000 (0.000) loss 0.0429 lr 1.2860e-05 eta 0:12:54
[2025-11-20 10:54:20 diffposetalk_trainer.py line 101]=>INFO: iter [76700/100000] time 0.023 (0.023) data 0.000 (0.000) loss 0.0217 lr 1.2808e-05 eta 0:08:50
[2025-11-20 10:54:22 diffposetalk_trainer.py line 101]=>INFO: iter [76750/100000] time 0.026 (0.026) data 0.000 (0.000) loss 0.0221 lr 1.2755e-05 eta 0:10:05
[2025-11-20 10:54:23 diffposetalk_trainer.py line 101]=>INFO: iter [76800/100000] time 0.017 (0.017) data 0.000 (0.000) loss 0.0626 lr 1.2703e-05 eta 0:06:37
[2025-11-20 10:54:24 diffposetalk_trainer.py line 101]=>INFO: iter [76850/100000] time 0.039 (0.039) data 0.000 (0.000) loss 0.0257 lr 1.2651e-05 eta 0:14:57
[2025-11-20 10:54:26 diffposetalk_trainer.py line 101]=>INFO: iter [76900/100000] time 0.019 (0.019) data 0.000 (0.000) loss 0.0235 lr 1.2599e-05 eta 0:07:24
[2025-11-20 10:54:27 diffposetalk_trainer.py line 101]=>INFO: iter [76950/100000] time 0.020 (0.020) data 0.000 (0.000) loss 0.0235 lr 1.2546e-05 eta 0:07:44
[2025-11-20 10:54:29 diffposetalk_trainer.py line 101]=>INFO: iter [77000/100000] time 0.018 (0.018) data 0.000 (0.000) loss 0.0043 lr 1.2494e-05 eta 0:06:44
[2025-11-20 10:54:30 diffposetalk_trainer.py line 101]=>INFO: iter [77050/100000] time 0.019 (0.019) data 0.000 (0.000) loss 0.0253 lr 1.2443e-05 eta 0:07:24
[2025-11-20 10:54:32 diffposetalk_trainer.py line 101]=>INFO: iter [77100/100000] time 0.020 (0.020) data 0.000 (0.000) loss 0.0168 lr 1.2391e-05 eta 0:07:48
[2025-11-20 10:54:33 diffposetalk_trainer.py line 101]=>INFO: iter [77150/100000] time 0.019 (0.019) data 0.000 (0.000) loss 0.0352 lr 1.2339e-05 eta 0:07:25
[2025-11-20 10:54:35 diffposetalk_trainer.py line 101]=>INFO: iter [77200/100000] time 0.023 (0.023) data 0.000 (0.000) loss 0.0263 lr 1.2287e-05 eta 0:08:44
[2025-11-20 10:54:37 diffposetalk_trainer.py line 101]=>INFO: iter [77250/100000] time 0.044 (0.044) data 0.000 (0.000) loss 0.0263 lr 1.2236e-05 eta 0:16:37
[2025-11-20 10:54:38 diffposetalk_trainer.py line 101]=>INFO: iter [77300/100000] time 0.021 (0.021) data 0.000 (0.000) loss 0.0270 lr 1.2184e-05 eta 0:07:53
[2025-11-20 10:54:40 diffposetalk_trainer.py line 101]=>INFO: iter [77350/100000] time 0.023 (0.023) data 0.000 (0.000) loss 0.0330 lr 1.2133e-05 eta 0:08:34
[2025-11-20 10:54:42 diffposetalk_trainer.py line 101]=>INFO: iter [77400/100000] time 0.026 (0.026) data 0.000 (0.000) loss 0.0211 lr 1.2082e-05 eta 0:09:40
[2025-11-20 10:54:43 diffposetalk_trainer.py line 101]=>INFO: iter [77450/100000] time 0.030 (0.030) data 0.000 (0.000) loss 0.0240 lr 1.2031e-05 eta 0:11:22
[2025-11-20 10:54:45 diffposetalk_trainer.py line 101]=>INFO: iter [77500/100000] time 0.023 (0.023) data 0.000 (0.000) loss 0.0218 lr 1.1980e-05 eta 0:08:43
[2025-11-20 10:54:47 diffposetalk_trainer.py line 101]=>INFO: iter [77550/100000] time 0.030 (0.030) data 0.000 (0.000) loss 0.0238 lr 1.1929e-05 eta 0:11:19
[2025-11-20 10:54:48 diffposetalk_trainer.py line 101]=>INFO: iter [77600/100000] time 0.018 (0.018) data 0.000 (0.000) loss 0.0550 lr 1.1878e-05 eta 0:06:45
[2025-11-20 10:54:50 diffposetalk_trainer.py line 101]=>INFO: iter [77650/100000] time 0.019 (0.019) data 0.000 (0.000) loss 0.0850 lr 1.1827e-05 eta 0:07:10
[2025-11-20 10:54:51 diffposetalk_trainer.py line 101]=>INFO: iter [77700/100000] time 0.022 (0.022) data 0.000 (0.000) loss 0.0096 lr 1.1776e-05 eta 0:08:15
[2025-11-20 10:54:52 diffposetalk_trainer.py line 101]=>INFO: iter [77750/100000] time 0.019 (0.019) data 0.000 (0.000) loss 0.0201 lr 1.1726e-05 eta 0:07:04
[2025-11-20 10:54:54 diffposetalk_trainer.py line 101]=>INFO: iter [77800/100000] time 0.038 (0.038) data 0.000 (0.000) loss 0.0879 lr 1.1675e-05 eta 0:13:56
[2025-11-20 10:54:56 diffposetalk_trainer.py line 101]=>INFO: iter [77850/100000] time 0.023 (0.023) data 0.000 (0.000) loss 0.0208 lr 1.1625e-05 eta 0:08:19
[2025-11-20 10:54:58 diffposetalk_trainer.py line 101]=>INFO: iter [77900/100000] time 0.032 (0.032) data 0.000 (0.000) loss 0.0289 lr 1.1575e-05 eta 0:11:53
[2025-11-20 10:54:59 diffposetalk_trainer.py line 101]=>INFO: iter [77950/100000] time 0.026 (0.026) data 0.000 (0.000) loss 0.0225 lr 1.1524e-05 eta 0:09:40
[2025-11-20 10:55:00 diffposetalk_trainer.py line 101]=>INFO: iter [78000/100000] time 0.016 (0.016) data 0.000 (0.000) loss 0.0197 lr 1.1474e-05 eta 0:05:58
[2025-11-20 10:55:00 diffposetalk_trainer.py line 144]=>INFO: Evaluate on the *val* set
[2025-11-20 10:55:05 diffposetalk_trainer.py line 157]=>INFO: iter: 50 loss_val: 0.5334210181236267 
[2025-11-20 10:55:10 diffposetalk_trainer.py line 157]=>INFO: iter: 100 loss_val: 0.54535684466362 
[2025-11-20 10:55:15 diffposetalk_trainer.py line 157]=>INFO: iter: 150 loss_val: 0.5405324447154999 
[2025-11-20 10:55:20 diffposetalk_trainer.py line 157]=>INFO: iter: 200 loss_val: 0.5385070924460887 
[2025-11-20 10:55:24 diffposetalk_trainer.py line 157]=>INFO: iter: 250 loss_val: 0.5392612391710281 
[2025-11-20 10:55:30 diffposetalk_trainer.py line 157]=>INFO: iter: 300 loss_val: 0.5396745709578196 
[2025-11-20 10:55:35 diffposetalk_trainer.py line 157]=>INFO: iter: 350 loss_val: 0.5384913640362876 
[2025-11-20 10:55:40 diffposetalk_trainer.py line 157]=>INFO: iter: 400 loss_val: 0.5391907934844494 
[2025-11-20 10:55:40 base_trainer.py line 675]=>INFO: Checkpoint saved to output/HDTF_TFHP/StyleEncoderTrainer/Train/model/model.pth.tar-iter-78000
[2025-11-20 10:55:42 diffposetalk_trainer.py line 101]=>INFO: iter [78050/100000] time 0.021 (0.021) data 0.000 (0.000) loss 0.0184 lr 1.1424e-05 eta 0:07:46
[2025-11-20 10:55:44 diffposetalk_trainer.py line 101]=>INFO: iter [78100/100000] time 0.018 (0.018) data 0.000 (0.000) loss 0.0254 lr 1.1374e-05 eta 0:06:28
[2025-11-20 10:55:45 diffposetalk_trainer.py line 101]=>INFO: iter [78150/100000] time 0.034 (0.034) data 0.013 (0.013) loss 0.0525 lr 1.1325e-05 eta 0:12:23
[2025-11-20 10:55:46 diffposetalk_trainer.py line 101]=>INFO: iter [78200/100000] time 0.022 (0.022) data 0.000 (0.000) loss 0.0252 lr 1.1275e-05 eta 0:07:50
[2025-11-20 10:55:48 diffposetalk_trainer.py line 101]=>INFO: iter [78250/100000] time 0.019 (0.019) data 0.000 (0.000) loss 0.0269 lr 1.1225e-05 eta 0:06:58
[2025-11-20 10:55:50 diffposetalk_trainer.py line 101]=>INFO: iter [78300/100000] time 0.020 (0.020) data 0.000 (0.000) loss 0.0335 lr 1.1176e-05 eta 0:07:13
[2025-11-20 10:55:51 diffposetalk_trainer.py line 101]=>INFO: iter [78350/100000] time 0.024 (0.024) data 0.000 (0.000) loss 0.0212 lr 1.1126e-05 eta 0:08:43
[2025-11-20 10:55:52 diffposetalk_trainer.py line 101]=>INFO: iter [78400/100000] time 0.026 (0.026) data 0.000 (0.000) loss 0.0067 lr 1.1077e-05 eta 0:09:19
[2025-11-20 10:55:54 diffposetalk_trainer.py line 101]=>INFO: iter [78450/100000] time 0.023 (0.023) data 0.000 (0.000) loss 0.0287 lr 1.1028e-05 eta 0:08:05
[2025-11-20 10:55:56 diffposetalk_trainer.py line 101]=>INFO: iter [78500/100000] time 0.015 (0.015) data 0.000 (0.000) loss 0.0451 lr 1.0978e-05 eta 0:05:22
[2025-11-20 10:55:58 diffposetalk_trainer.py line 101]=>INFO: iter [78550/100000] time 0.023 (0.023) data 0.000 (0.000) loss 0.0420 lr 1.0929e-05 eta 0:08:10
[2025-11-20 10:55:59 diffposetalk_trainer.py line 101]=>INFO: iter [78600/100000] time 0.033 (0.033) data 0.000 (0.000) loss 0.0237 lr 1.0880e-05 eta 0:11:45
[2025-11-20 10:56:01 diffposetalk_trainer.py line 101]=>INFO: iter [78650/100000] time 0.023 (0.023) data 0.000 (0.000) loss 0.0251 lr 1.0832e-05 eta 0:08:07
[2025-11-20 10:56:03 diffposetalk_trainer.py line 101]=>INFO: iter [78700/100000] time 0.018 (0.018) data 0.000 (0.000) loss 0.0527 lr 1.0783e-05 eta 0:06:31
[2025-11-20 10:56:04 diffposetalk_trainer.py line 101]=>INFO: iter [78750/100000] time 0.019 (0.019) data 0.000 (0.000) loss 0.0424 lr 1.0734e-05 eta 0:06:36
[2025-11-20 10:56:06 diffposetalk_trainer.py line 101]=>INFO: iter [78800/100000] time 0.024 (0.024) data 0.000 (0.000) loss 0.0863 lr 1.0686e-05 eta 0:08:28
[2025-11-20 10:56:08 diffposetalk_trainer.py line 101]=>INFO: iter [78850/100000] time 0.027 (0.027) data 0.000 (0.000) loss 0.0380 lr 1.0637e-05 eta 0:09:28
[2025-11-20 10:56:09 diffposetalk_trainer.py line 101]=>INFO: iter [78900/100000] time 0.024 (0.024) data 0.000 (0.000) loss 0.0197 lr 1.0589e-05 eta 0:08:26
[2025-11-20 10:56:11 diffposetalk_trainer.py line 101]=>INFO: iter [78950/100000] time 0.018 (0.018) data 0.000 (0.000) loss 0.0266 lr 1.0540e-05 eta 0:06:28
[2025-11-20 10:56:12 diffposetalk_trainer.py line 101]=>INFO: iter [79000/100000] time 0.020 (0.020) data 0.000 (0.000) loss 0.0250 lr 1.0492e-05 eta 0:07:07
[2025-11-20 10:56:14 diffposetalk_trainer.py line 101]=>INFO: iter [79050/100000] time 0.018 (0.018) data 0.000 (0.000) loss 0.0205 lr 1.0444e-05 eta 0:06:08
[2025-11-20 10:56:15 diffposetalk_trainer.py line 101]=>INFO: iter [79100/100000] time 0.020 (0.020) data 0.000 (0.000) loss 0.0060 lr 1.0396e-05 eta 0:07:08
[2025-11-20 10:56:17 diffposetalk_trainer.py line 101]=>INFO: iter [79150/100000] time 0.027 (0.027) data 0.000 (0.000) loss 0.0460 lr 1.0348e-05 eta 0:09:15
[2025-11-20 10:56:19 diffposetalk_trainer.py line 101]=>INFO: iter [79200/100000] time 0.019 (0.019) data 0.000 (0.000) loss 0.0903 lr 1.0300e-05 eta 0:06:43
[2025-11-20 10:56:21 diffposetalk_trainer.py line 101]=>INFO: iter [79250/100000] time 0.031 (0.031) data 0.000 (0.000) loss 0.0250 lr 1.0253e-05 eta 0:10:44
[2025-11-20 10:56:22 diffposetalk_trainer.py line 101]=>INFO: iter [79300/100000] time 0.019 (0.019) data 0.000 (0.000) loss 0.0228 lr 1.0205e-05 eta 0:06:41
[2025-11-20 10:56:24 diffposetalk_trainer.py line 101]=>INFO: iter [79350/100000] time 0.018 (0.018) data 0.000 (0.000) loss 0.0415 lr 1.0158e-05 eta 0:06:13
[2025-11-20 10:56:25 diffposetalk_trainer.py line 101]=>INFO: iter [79400/100000] time 0.025 (0.025) data 0.000 (0.000) loss 0.0273 lr 1.0110e-05 eta 0:08:40
[2025-11-20 10:56:27 diffposetalk_trainer.py line 101]=>INFO: iter [79450/100000] time 0.020 (0.020) data 0.000 (0.000) loss 0.0232 lr 1.0063e-05 eta 0:06:56
[2025-11-20 10:56:29 diffposetalk_trainer.py line 101]=>INFO: iter [79500/100000] time 0.020 (0.020) data 0.000 (0.000) loss 0.0240 lr 1.0016e-05 eta 0:06:47
[2025-11-20 10:56:30 diffposetalk_trainer.py line 101]=>INFO: iter [79550/100000] time 0.023 (0.023) data 0.002 (0.002) loss 0.0176 lr 9.9687e-06 eta 0:07:45
[2025-11-20 10:56:32 diffposetalk_trainer.py line 101]=>INFO: iter [79600/100000] time 0.019 (0.019) data 0.000 (0.000) loss 0.0250 lr 9.9217e-06 eta 0:06:37
[2025-11-20 10:56:33 diffposetalk_trainer.py line 101]=>INFO: iter [79650/100000] time 0.019 (0.019) data 0.000 (0.000) loss 0.0274 lr 9.8747e-06 eta 0:06:23
[2025-11-20 10:56:35 diffposetalk_trainer.py line 101]=>INFO: iter [79700/100000] time 0.020 (0.020) data 0.000 (0.000) loss 0.0243 lr 9.8279e-06 eta 0:06:51
[2025-11-20 10:56:36 diffposetalk_trainer.py line 101]=>INFO: iter [79750/100000] time 0.023 (0.023) data 0.000 (0.000) loss 0.0242 lr 9.7812e-06 eta 0:07:35
[2025-11-20 10:56:38 diffposetalk_trainer.py line 101]=>INFO: iter [79800/100000] time 0.020 (0.020) data 0.000 (0.000) loss 0.0037 lr 9.7346e-06 eta 0:06:42
[2025-11-20 10:56:39 diffposetalk_trainer.py line 101]=>INFO: iter [79850/100000] time 0.019 (0.019) data 0.000 (0.000) loss 0.0314 lr 9.6881e-06 eta 0:06:32
[2025-11-20 10:56:41 diffposetalk_trainer.py line 101]=>INFO: iter [79900/100000] time 0.021 (0.021) data 0.000 (0.000) loss 0.0215 lr 9.6417e-06 eta 0:06:59
[2025-11-20 10:56:42 diffposetalk_trainer.py line 101]=>INFO: iter [79950/100000] time 0.024 (0.024) data 0.000 (0.000) loss 0.0887 lr 9.5954e-06 eta 0:08:01
[2025-11-20 10:56:44 diffposetalk_trainer.py line 101]=>INFO: iter [80000/100000] time 0.018 (0.018) data 0.000 (0.000) loss 0.0206 lr 9.5492e-06 eta 0:05:58
[2025-11-20 10:56:44 diffposetalk_trainer.py line 144]=>INFO: Evaluate on the *val* set
[2025-11-20 10:56:49 diffposetalk_trainer.py line 157]=>INFO: iter: 50 loss_val: 0.5363263493776321 
[2025-11-20 10:56:54 diffposetalk_trainer.py line 157]=>INFO: iter: 100 loss_val: 0.5341704896092415 
[2025-11-20 10:56:59 diffposetalk_trainer.py line 157]=>INFO: iter: 150 loss_val: 0.5332863914966584 
[2025-11-20 10:57:04 diffposetalk_trainer.py line 157]=>INFO: iter: 200 loss_val: 0.5347523410618306 
[2025-11-20 10:57:09 diffposetalk_trainer.py line 157]=>INFO: iter: 250 loss_val: 0.5322937753796577 
[2025-11-20 10:57:14 diffposetalk_trainer.py line 157]=>INFO: iter: 300 loss_val: 0.5334818444152674 
[2025-11-20 10:57:18 diffposetalk_trainer.py line 157]=>INFO: iter: 350 loss_val: 0.5341898407680647 
[2025-11-20 10:57:23 diffposetalk_trainer.py line 157]=>INFO: iter: 400 loss_val: 0.5328523552790284 
[2025-11-20 10:57:23 base_trainer.py line 675]=>INFO: Checkpoint saved to output/HDTF_TFHP/StyleEncoderTrainer/Train/model/model.pth.tar-iter-80000
[2025-11-20 10:57:25 diffposetalk_trainer.py line 101]=>INFO: iter [80050/100000] time 0.029 (0.029) data 0.000 (0.000) loss 0.0229 lr 9.5030e-06 eta 0:09:42
[2025-11-20 10:57:27 diffposetalk_trainer.py line 101]=>INFO: iter [80100/100000] time 0.033 (0.033) data 0.001 (0.001) loss 0.0194 lr 9.4570e-06 eta 0:11:04
[2025-11-20 10:57:29 diffposetalk_trainer.py line 101]=>INFO: iter [80150/100000] time 0.022 (0.022) data 0.000 (0.000) loss 0.0186 lr 9.4111e-06 eta 0:07:16
[2025-11-20 10:57:30 diffposetalk_trainer.py line 101]=>INFO: iter [80200/100000] time 0.039 (0.039) data 0.000 (0.000) loss 0.0210 lr 9.3653e-06 eta 0:12:50
[2025-11-20 10:57:32 diffposetalk_trainer.py line 101]=>INFO: iter [80250/100000] time 0.023 (0.023) data 0.000 (0.000) loss 0.0286 lr 9.3196e-06 eta 0:07:43
[2025-11-20 10:57:33 diffposetalk_trainer.py line 101]=>INFO: iter [80300/100000] time 0.019 (0.019) data 0.000 (0.000) loss 0.0192 lr 9.2740e-06 eta 0:06:06
[2025-11-20 10:57:35 diffposetalk_trainer.py line 101]=>INFO: iter [80350/100000] time 0.026 (0.026) data 0.000 (0.000) loss 0.0202 lr 9.2285e-06 eta 0:08:27
[2025-11-20 10:57:37 diffposetalk_trainer.py line 101]=>INFO: iter [80400/100000] time 0.041 (0.041) data 0.000 (0.000) loss 0.0311 lr 9.1830e-06 eta 0:13:14
[2025-11-20 10:57:39 diffposetalk_trainer.py line 101]=>INFO: iter [80450/100000] time 0.039 (0.039) data 0.000 (0.000) loss 0.0211 lr 9.1377e-06 eta 0:12:37
[2025-11-20 10:57:41 diffposetalk_trainer.py line 101]=>INFO: iter [80500/100000] time 0.021 (0.021) data 0.000 (0.000) loss 0.0065 lr 9.0925e-06 eta 0:06:53
[2025-11-20 10:57:42 diffposetalk_trainer.py line 101]=>INFO: iter [80550/100000] time 0.020 (0.020) data 0.000 (0.000) loss 0.0216 lr 9.0474e-06 eta 0:06:24
[2025-11-20 10:57:44 diffposetalk_trainer.py line 101]=>INFO: iter [80600/100000] time 0.021 (0.021) data 0.000 (0.000) loss 0.0194 lr 9.0024e-06 eta 0:06:43
[2025-11-20 10:57:46 diffposetalk_trainer.py line 101]=>INFO: iter [80650/100000] time 0.031 (0.031) data 0.000 (0.000) loss 0.0475 lr 8.9575e-06 eta 0:10:05
[2025-11-20 10:57:48 diffposetalk_trainer.py line 101]=>INFO: iter [80700/100000] time 0.022 (0.022) data 0.000 (0.000) loss 0.0176 lr 8.9127e-06 eta 0:07:07
[2025-11-20 10:57:49 diffposetalk_trainer.py line 101]=>INFO: iter [80750/100000] time 0.035 (0.035) data 0.000 (0.000) loss 0.0190 lr 8.8680e-06 eta 0:11:05
[2025-11-20 10:57:51 diffposetalk_trainer.py line 101]=>INFO: iter [80800/100000] time 0.027 (0.027) data 0.000 (0.000) loss 0.0234 lr 8.8234e-06 eta 0:08:47
[2025-11-20 10:57:53 diffposetalk_trainer.py line 101]=>INFO: iter [80850/100000] time 0.021 (0.021) data 0.000 (0.000) loss 0.0215 lr 8.7789e-06 eta 0:06:44
[2025-11-20 10:57:54 diffposetalk_trainer.py line 101]=>INFO: iter [80900/100000] time 0.027 (0.027) data 0.000 (0.000) loss 0.0660 lr 8.7345e-06 eta 0:08:37
[2025-11-20 10:57:57 diffposetalk_trainer.py line 101]=>INFO: iter [80950/100000] time 0.041 (0.041) data 0.000 (0.000) loss 0.0259 lr 8.6902e-06 eta 0:13:05
[2025-11-20 10:57:58 diffposetalk_trainer.py line 101]=>INFO: iter [81000/100000] time 0.020 (0.020) data 0.000 (0.000) loss 0.0434 lr 8.6460e-06 eta 0:06:12
[2025-11-20 10:58:00 diffposetalk_trainer.py line 101]=>INFO: iter [81050/100000] time 0.036 (0.036) data 0.000 (0.000) loss 0.0316 lr 8.6019e-06 eta 0:11:14
[2025-11-20 10:58:02 diffposetalk_trainer.py line 101]=>INFO: iter [81100/100000] time 0.024 (0.024) data 0.000 (0.000) loss 0.0208 lr 8.5579e-06 eta 0:07:41
[2025-11-20 10:58:03 diffposetalk_trainer.py line 101]=>INFO: iter [81150/100000] time 0.021 (0.021) data 0.000 (0.000) loss 0.0279 lr 8.5140e-06 eta 0:06:43
[2025-11-20 10:58:05 diffposetalk_trainer.py line 101]=>INFO: iter [81200/100000] time 0.023 (0.023) data 0.000 (0.000) loss 0.0047 lr 8.4702e-06 eta 0:07:18
[2025-11-20 10:58:07 diffposetalk_trainer.py line 101]=>INFO: iter [81250/100000] time 0.020 (0.020) data 0.000 (0.000) loss 0.0337 lr 8.4265e-06 eta 0:06:21
[2025-11-20 10:58:09 diffposetalk_trainer.py line 101]=>INFO: iter [81300/100000] time 0.018 (0.018) data 0.000 (0.000) loss 0.0344 lr 8.3829e-06 eta 0:05:38
[2025-11-20 10:58:10 diffposetalk_trainer.py line 101]=>INFO: iter [81350/100000] time 0.021 (0.021) data 0.000 (0.000) loss 0.0214 lr 8.3395e-06 eta 0:06:25
[2025-11-20 10:58:12 diffposetalk_trainer.py line 101]=>INFO: iter [81400/100000] time 0.020 (0.020) data 0.000 (0.000) loss 0.0186 lr 8.2961e-06 eta 0:06:04
[2025-11-20 10:58:13 diffposetalk_trainer.py line 101]=>INFO: iter [81450/100000] time 0.023 (0.023) data 0.000 (0.000) loss 0.0185 lr 8.2528e-06 eta 0:07:01
[2025-11-20 10:58:15 diffposetalk_trainer.py line 101]=>INFO: iter [81500/100000] time 0.022 (0.022) data 0.000 (0.000) loss 0.0278 lr 8.2096e-06 eta 0:06:38
[2025-11-20 10:58:16 diffposetalk_trainer.py line 101]=>INFO: iter [81550/100000] time 0.030 (0.030) data 0.000 (0.000) loss 0.0184 lr 8.1666e-06 eta 0:09:20
[2025-11-20 10:58:18 diffposetalk_trainer.py line 101]=>INFO: iter [81600/100000] time 0.026 (0.026) data 0.000 (0.000) loss 0.0183 lr 8.1236e-06 eta 0:07:53
[2025-11-20 10:58:20 diffposetalk_trainer.py line 101]=>INFO: iter [81650/100000] time 0.023 (0.023) data 0.000 (0.000) loss 0.0708 lr 8.0807e-06 eta 0:07:01
[2025-11-20 10:58:21 diffposetalk_trainer.py line 101]=>INFO: iter [81700/100000] time 0.015 (0.015) data 0.000 (0.000) loss 0.0848 lr 8.0380e-06 eta 0:04:41
[2025-11-20 10:58:23 diffposetalk_trainer.py line 101]=>INFO: iter [81750/100000] time 0.026 (0.026) data 0.000 (0.000) loss 0.0264 lr 7.9953e-06 eta 0:07:50
[2025-11-20 10:58:25 diffposetalk_trainer.py line 101]=>INFO: iter [81800/100000] time 0.040 (0.040) data 0.000 (0.000) loss 0.0173 lr 7.9528e-06 eta 0:12:11
[2025-11-20 10:58:27 diffposetalk_trainer.py line 101]=>INFO: iter [81850/100000] time 0.022 (0.022) data 0.000 (0.000) loss 0.0867 lr 7.9103e-06 eta 0:06:34
[2025-11-20 10:58:28 diffposetalk_trainer.py line 101]=>INFO: iter [81900/100000] time 0.019 (0.019) data 0.000 (0.000) loss 0.0356 lr 7.8680e-06 eta 0:05:49
[2025-11-20 10:58:30 diffposetalk_trainer.py line 101]=>INFO: iter [81950/100000] time 0.027 (0.027) data 0.000 (0.000) loss 0.0858 lr 7.8257e-06 eta 0:08:07
[2025-11-20 10:58:32 diffposetalk_trainer.py line 101]=>INFO: iter [82000/100000] time 0.034 (0.034) data 0.000 (0.000) loss 0.0204 lr 7.7836e-06 eta 0:10:11
[2025-11-20 10:58:32 diffposetalk_trainer.py line 144]=>INFO: Evaluate on the *val* set
[2025-11-20 10:58:37 diffposetalk_trainer.py line 157]=>INFO: iter: 50 loss_val: 0.5421201211214065 
[2025-11-20 10:58:42 diffposetalk_trainer.py line 157]=>INFO: iter: 100 loss_val: 0.5445213401317597 
[2025-11-20 10:58:48 diffposetalk_trainer.py line 157]=>INFO: iter: 150 loss_val: 0.5443497925996781 
[2025-11-20 10:58:53 diffposetalk_trainer.py line 157]=>INFO: iter: 200 loss_val: 0.5413514289259911 
[2025-11-20 10:58:58 diffposetalk_trainer.py line 157]=>INFO: iter: 250 loss_val: 0.5418514273166657 
[2025-11-20 10:59:02 diffposetalk_trainer.py line 157]=>INFO: iter: 300 loss_val: 0.5417640460530917 
[2025-11-20 10:59:07 diffposetalk_trainer.py line 157]=>INFO: iter: 350 loss_val: 0.541193848167147 
[2025-11-20 10:59:12 diffposetalk_trainer.py line 157]=>INFO: iter: 400 loss_val: 0.5407960075885058 
[2025-11-20 10:59:12 base_trainer.py line 675]=>INFO: Checkpoint saved to output/HDTF_TFHP/StyleEncoderTrainer/Train/model/model.pth.tar-iter-82000
[2025-11-20 10:59:14 diffposetalk_trainer.py line 101]=>INFO: iter [82050/100000] time 0.018 (0.018) data 0.000 (0.000) loss 0.0179 lr 7.7416e-06 eta 0:05:16
[2025-11-20 10:59:16 diffposetalk_trainer.py line 101]=>INFO: iter [82100/100000] time 0.033 (0.033) data 0.000 (0.000) loss 0.0274 lr 7.6996e-06 eta 0:09:58
[2025-11-20 10:59:17 diffposetalk_trainer.py line 101]=>INFO: iter [82150/100000] time 0.037 (0.037) data 0.000 (0.000) loss 0.0169 lr 7.6578e-06 eta 0:11:00
[2025-11-20 10:59:19 diffposetalk_trainer.py line 101]=>INFO: iter [82200/100000] time 0.019 (0.019) data 0.000 (0.000) loss 0.0230 lr 7.6161e-06 eta 0:05:39
[2025-11-20 10:59:20 diffposetalk_trainer.py line 101]=>INFO: iter [82250/100000] time 0.024 (0.024) data 0.000 (0.000) loss 0.0694 lr 7.5745e-06 eta 0:07:03
[2025-11-20 10:59:22 diffposetalk_trainer.py line 101]=>INFO: iter [82300/100000] time 0.027 (0.027) data 0.000 (0.000) loss 0.0234 lr 7.5330e-06 eta 0:07:54
[2025-11-20 10:59:24 diffposetalk_trainer.py line 101]=>INFO: iter [82350/100000] time 0.029 (0.029) data 0.000 (0.000) loss 0.0383 lr 7.4916e-06 eta 0:08:39
[2025-11-20 10:59:26 diffposetalk_trainer.py line 101]=>INFO: iter [82400/100000] time 0.021 (0.021) data 0.000 (0.000) loss 0.0219 lr 7.4503e-06 eta 0:06:03
[2025-11-20 10:59:27 diffposetalk_trainer.py line 101]=>INFO: iter [82450/100000] time 0.018 (0.018) data 0.000 (0.000) loss 0.0546 lr 7.4091e-06 eta 0:05:15
[2025-11-20 10:59:29 diffposetalk_trainer.py line 101]=>INFO: iter [82500/100000] time 0.037 (0.037) data 0.000 (0.000) loss 0.0619 lr 7.3680e-06 eta 0:10:49
[2025-11-20 10:59:31 diffposetalk_trainer.py line 101]=>INFO: iter [82550/100000] time 0.020 (0.020) data 0.000 (0.000) loss 0.0197 lr 7.3270e-06 eta 0:05:51
[2025-11-20 10:59:32 diffposetalk_trainer.py line 101]=>INFO: iter [82600/100000] time 0.025 (0.025) data 0.000 (0.000) loss 0.0939 lr 7.2861e-06 eta 0:07:20
[2025-11-20 10:59:33 diffposetalk_trainer.py line 101]=>INFO: iter [82650/100000] time 0.017 (0.017) data 0.000 (0.000) loss 0.0358 lr 7.2454e-06 eta 0:04:55
[2025-11-20 10:59:35 diffposetalk_trainer.py line 101]=>INFO: iter [82700/100000] time 0.015 (0.015) data 0.000 (0.000) loss 0.0400 lr 7.2047e-06 eta 0:04:20
[2025-11-20 10:59:36 diffposetalk_trainer.py line 101]=>INFO: iter [82750/100000] time 0.017 (0.017) data 0.000 (0.000) loss 0.0927 lr 7.1641e-06 eta 0:04:50
[2025-11-20 10:59:38 diffposetalk_trainer.py line 101]=>INFO: iter [82800/100000] time 0.021 (0.021) data 0.000 (0.000) loss 0.0219 lr 7.1237e-06 eta 0:06:03
[2025-11-20 10:59:39 diffposetalk_trainer.py line 101]=>INFO: iter [82850/100000] time 0.019 (0.019) data 0.000 (0.000) loss 0.0328 lr 7.0833e-06 eta 0:05:24
[2025-11-20 10:59:41 diffposetalk_trainer.py line 101]=>INFO: iter [82900/100000] time 0.020 (0.020) data 0.000 (0.000) loss 0.0215 lr 7.0431e-06 eta 0:05:46
[2025-11-20 10:59:42 diffposetalk_trainer.py line 101]=>INFO: iter [82950/100000] time 0.020 (0.020) data 0.000 (0.000) loss 0.0321 lr 7.0029e-06 eta 0:05:46
[2025-11-20 10:59:44 diffposetalk_trainer.py line 101]=>INFO: iter [83000/100000] time 0.020 (0.020) data 0.000 (0.000) loss 0.0198 lr 6.9629e-06 eta 0:05:34
[2025-11-20 10:59:45 diffposetalk_trainer.py line 101]=>INFO: iter [83050/100000] time 0.043 (0.043) data 0.000 (0.000) loss 0.0558 lr 6.9230e-06 eta 0:12:03
[2025-11-20 10:59:47 diffposetalk_trainer.py line 101]=>INFO: iter [83100/100000] time 0.025 (0.025) data 0.000 (0.000) loss 0.0573 lr 6.8832e-06 eta 0:06:57
[2025-11-20 10:59:49 diffposetalk_trainer.py line 101]=>INFO: iter [83150/100000] time 0.022 (0.022) data 0.000 (0.000) loss 0.0209 lr 6.8434e-06 eta 0:06:17
[2025-11-20 10:59:50 diffposetalk_trainer.py line 101]=>INFO: iter [83200/100000] time 0.020 (0.020) data 0.000 (0.000) loss 0.0389 lr 6.8038e-06 eta 0:05:38
[2025-11-20 10:59:52 diffposetalk_trainer.py line 101]=>INFO: iter [83250/100000] time 0.026 (0.026) data 0.000 (0.000) loss 0.0223 lr 6.7643e-06 eta 0:07:10
[2025-11-20 10:59:53 diffposetalk_trainer.py line 101]=>INFO: iter [83300/100000] time 0.026 (0.026) data 0.000 (0.000) loss 0.0673 lr 6.7249e-06 eta 0:07:21
[2025-11-20 10:59:55 diffposetalk_trainer.py line 101]=>INFO: iter [83350/100000] time 0.022 (0.022) data 0.000 (0.000) loss 0.0186 lr 6.6856e-06 eta 0:06:08
[2025-11-20 10:59:57 diffposetalk_trainer.py line 101]=>INFO: iter [83400/100000] time 0.020 (0.020) data 0.000 (0.000) loss 0.0207 lr 6.6465e-06 eta 0:05:37
[2025-11-20 10:59:59 diffposetalk_trainer.py line 101]=>INFO: iter [83450/100000] time 0.035 (0.035) data 0.000 (0.000) loss 0.0231 lr 6.6074e-06 eta 0:09:33
[2025-11-20 11:00:01 diffposetalk_trainer.py line 101]=>INFO: iter [83500/100000] time 0.027 (0.027) data 0.000 (0.000) loss 0.0160 lr 6.5684e-06 eta 0:07:24
[2025-11-20 11:00:02 diffposetalk_trainer.py line 101]=>INFO: iter [83550/100000] time 0.022 (0.022) data 0.000 (0.000) loss 0.0516 lr 6.5296e-06 eta 0:06:00
[2025-11-20 11:00:04 diffposetalk_trainer.py line 101]=>INFO: iter [83600/100000] time 0.021 (0.021) data 0.000 (0.000) loss 0.1084 lr 6.4908e-06 eta 0:05:41
[2025-11-20 11:00:06 diffposetalk_trainer.py line 101]=>INFO: iter [83650/100000] time 0.025 (0.025) data 0.000 (0.000) loss 0.0232 lr 6.4522e-06 eta 0:06:56
[2025-11-20 11:00:07 diffposetalk_trainer.py line 101]=>INFO: iter [83700/100000] time 0.024 (0.024) data 0.000 (0.000) loss 0.0209 lr 6.4136e-06 eta 0:06:28
[2025-11-20 11:00:09 diffposetalk_trainer.py line 101]=>INFO: iter [83750/100000] time 0.037 (0.037) data 0.000 (0.000) loss 0.0252 lr 6.3752e-06 eta 0:09:55
[2025-11-20 11:00:10 diffposetalk_trainer.py line 101]=>INFO: iter [83800/100000] time 0.018 (0.018) data 0.000 (0.000) loss 0.0274 lr 6.3369e-06 eta 0:04:59
[2025-11-20 11:00:12 diffposetalk_trainer.py line 101]=>INFO: iter [83850/100000] time 0.018 (0.018) data 0.000 (0.000) loss 0.0224 lr 6.2987e-06 eta 0:04:51
[2025-11-20 11:00:13 diffposetalk_trainer.py line 101]=>INFO: iter [83900/100000] time 0.026 (0.026) data 0.000 (0.000) loss 0.0642 lr 6.2606e-06 eta 0:06:56
[2025-11-20 11:00:15 diffposetalk_trainer.py line 101]=>INFO: iter [83950/100000] time 0.029 (0.029) data 0.000 (0.000) loss 0.0475 lr 6.2226e-06 eta 0:07:47
[2025-11-20 11:00:17 diffposetalk_trainer.py line 101]=>INFO: iter [84000/100000] time 0.021 (0.021) data 0.000 (0.000) loss 0.0063 lr 6.1847e-06 eta 0:05:39
[2025-11-20 11:00:17 diffposetalk_trainer.py line 144]=>INFO: Evaluate on the *val* set
[2025-11-20 11:00:22 diffposetalk_trainer.py line 157]=>INFO: iter: 50 loss_val: 0.5413452088832855 
[2025-11-20 11:00:27 diffposetalk_trainer.py line 157]=>INFO: iter: 100 loss_val: 0.5434935000538826 
[2025-11-20 11:00:32 diffposetalk_trainer.py line 157]=>INFO: iter: 150 loss_val: 0.540484776099523 
[2025-11-20 11:00:37 diffposetalk_trainer.py line 157]=>INFO: iter: 200 loss_val: 0.5438563966751099 
[2025-11-20 11:00:42 diffposetalk_trainer.py line 157]=>INFO: iter: 250 loss_val: 0.5431053681373597 
[2025-11-20 11:00:47 diffposetalk_trainer.py line 157]=>INFO: iter: 300 loss_val: 0.5416292150815328 
[2025-11-20 11:00:51 diffposetalk_trainer.py line 157]=>INFO: iter: 350 loss_val: 0.5419985583850315 
[2025-11-20 11:00:56 diffposetalk_trainer.py line 157]=>INFO: iter: 400 loss_val: 0.5417680918425322 
[2025-11-20 11:00:56 base_trainer.py line 675]=>INFO: Checkpoint saved to output/HDTF_TFHP/StyleEncoderTrainer/Train/model/model.pth.tar-iter-84000
[2025-11-20 11:00:59 diffposetalk_trainer.py line 101]=>INFO: iter [84050/100000] time 0.021 (0.021) data 0.000 (0.000) loss 0.0416 lr 6.1469e-06 eta 0:05:33
[2025-11-20 11:01:00 diffposetalk_trainer.py line 101]=>INFO: iter [84100/100000] time 0.023 (0.023) data 0.000 (0.000) loss 0.0773 lr 6.1092e-06 eta 0:06:00
[2025-11-20 11:01:02 diffposetalk_trainer.py line 101]=>INFO: iter [84150/100000] time 0.028 (0.028) data 0.000 (0.000) loss 0.0695 lr 6.0716e-06 eta 0:07:17
[2025-11-20 11:01:04 diffposetalk_trainer.py line 101]=>INFO: iter [84200/100000] time 0.018 (0.018) data 0.000 (0.000) loss 0.0253 lr 6.0342e-06 eta 0:04:42
[2025-11-20 11:01:05 diffposetalk_trainer.py line 101]=>INFO: iter [84250/100000] time 0.029 (0.029) data 0.000 (0.000) loss 0.0290 lr 5.9968e-06 eta 0:07:37
[2025-11-20 11:01:07 diffposetalk_trainer.py line 101]=>INFO: iter [84300/100000] time 0.025 (0.025) data 0.000 (0.000) loss 0.0242 lr 5.9596e-06 eta 0:06:34
[2025-11-20 11:01:09 diffposetalk_trainer.py line 101]=>INFO: iter [84350/100000] time 0.035 (0.035) data 0.000 (0.000) loss 0.0251 lr 5.9225e-06 eta 0:09:14
[2025-11-20 11:01:11 diffposetalk_trainer.py line 101]=>INFO: iter [84400/100000] time 0.021 (0.021) data 0.000 (0.000) loss 0.0204 lr 5.8854e-06 eta 0:05:29
[2025-11-20 11:01:12 diffposetalk_trainer.py line 101]=>INFO: iter [84450/100000] time 0.034 (0.034) data 0.000 (0.000) loss 0.0743 lr 5.8485e-06 eta 0:08:44
[2025-11-20 11:01:14 diffposetalk_trainer.py line 101]=>INFO: iter [84500/100000] time 0.020 (0.020) data 0.000 (0.000) loss 0.0253 lr 5.8117e-06 eta 0:05:02
[2025-11-20 11:01:16 diffposetalk_trainer.py line 101]=>INFO: iter [84550/100000] time 0.028 (0.028) data 0.000 (0.000) loss 0.0290 lr 5.7750e-06 eta 0:07:06
[2025-11-20 11:01:18 diffposetalk_trainer.py line 101]=>INFO: iter [84600/100000] time 0.023 (0.023) data 0.000 (0.000) loss 0.0255 lr 5.7384e-06 eta 0:05:47
[2025-11-20 11:01:19 diffposetalk_trainer.py line 101]=>INFO: iter [84650/100000] time 0.020 (0.020) data 0.000 (0.000) loss 0.0530 lr 5.7020e-06 eta 0:05:04
[2025-11-20 11:01:21 diffposetalk_trainer.py line 101]=>INFO: iter [84700/100000] time 0.019 (0.019) data 0.000 (0.000) loss 0.0052 lr 5.6656e-06 eta 0:04:57
[2025-11-20 11:01:22 diffposetalk_trainer.py line 101]=>INFO: iter [84750/100000] time 0.018 (0.018) data 0.000 (0.000) loss 0.0238 lr 5.6293e-06 eta 0:04:31
[2025-11-20 11:01:23 diffposetalk_trainer.py line 101]=>INFO: iter [84800/100000] time 0.018 (0.018) data 0.000 (0.000) loss 0.0186 lr 5.5932e-06 eta 0:04:40
[2025-11-20 11:01:25 diffposetalk_trainer.py line 101]=>INFO: iter [84850/100000] time 0.019 (0.019) data 0.000 (0.000) loss 0.0972 lr 5.5571e-06 eta 0:04:49
[2025-11-20 11:01:26 diffposetalk_trainer.py line 101]=>INFO: iter [84900/100000] time 0.033 (0.033) data 0.000 (0.000) loss 0.0296 lr 5.5212e-06 eta 0:08:19
[2025-11-20 11:01:28 diffposetalk_trainer.py line 101]=>INFO: iter [84950/100000] time 0.019 (0.019) data 0.000 (0.000) loss 0.0559 lr 5.4854e-06 eta 0:04:52
[2025-11-20 11:01:30 diffposetalk_trainer.py line 101]=>INFO: iter [85000/100000] time 0.021 (0.021) data 0.000 (0.000) loss 0.0702 lr 5.4497e-06 eta 0:05:22
[2025-11-20 11:01:31 diffposetalk_trainer.py line 101]=>INFO: iter [85050/100000] time 0.018 (0.018) data 0.000 (0.000) loss 0.0968 lr 5.4141e-06 eta 0:04:25
[2025-11-20 11:01:33 diffposetalk_trainer.py line 101]=>INFO: iter [85100/100000] time 0.017 (0.017) data 0.000 (0.000) loss 0.0630 lr 5.3786e-06 eta 0:04:15
[2025-11-20 11:01:34 diffposetalk_trainer.py line 101]=>INFO: iter [85150/100000] time 0.020 (0.020) data 0.000 (0.000) loss 0.0536 lr 5.3432e-06 eta 0:05:04
[2025-11-20 11:01:36 diffposetalk_trainer.py line 101]=>INFO: iter [85200/100000] time 0.019 (0.019) data 0.000 (0.000) loss 0.0964 lr 5.3079e-06 eta 0:04:42
[2025-11-20 11:01:37 diffposetalk_trainer.py line 101]=>INFO: iter [85250/100000] time 0.018 (0.018) data 0.000 (0.000) loss 0.0471 lr 5.2728e-06 eta 0:04:21
[2025-11-20 11:01:39 diffposetalk_trainer.py line 101]=>INFO: iter [85300/100000] time 0.030 (0.030) data 0.000 (0.000) loss 0.0263 lr 5.2377e-06 eta 0:07:14
[2025-11-20 11:01:40 diffposetalk_trainer.py line 101]=>INFO: iter [85350/100000] time 0.026 (0.026) data 0.000 (0.000) loss 0.0611 lr 5.2028e-06 eta 0:06:18
[2025-11-20 11:01:42 diffposetalk_trainer.py line 101]=>INFO: iter [85400/100000] time 0.019 (0.019) data 0.000 (0.000) loss 0.0047 lr 5.1679e-06 eta 0:04:31
[2025-11-20 11:01:43 diffposetalk_trainer.py line 101]=>INFO: iter [85450/100000] time 0.016 (0.016) data 0.000 (0.000) loss 0.0179 lr 5.1332e-06 eta 0:03:49
[2025-11-20 11:01:44 diffposetalk_trainer.py line 101]=>INFO: iter [85500/100000] time 0.015 (0.015) data 0.000 (0.000) loss 0.0569 lr 5.0986e-06 eta 0:03:33
[2025-11-20 11:01:46 diffposetalk_trainer.py line 101]=>INFO: iter [85550/100000] time 0.020 (0.020) data 0.000 (0.000) loss 0.0272 lr 5.0641e-06 eta 0:04:49
[2025-11-20 11:01:47 diffposetalk_trainer.py line 101]=>INFO: iter [85600/100000] time 0.033 (0.033) data 0.000 (0.000) loss 0.0846 lr 5.0297e-06 eta 0:07:54
[2025-11-20 11:01:49 diffposetalk_trainer.py line 101]=>INFO: iter [85650/100000] time 0.020 (0.020) data 0.000 (0.000) loss 0.0422 lr 4.9955e-06 eta 0:04:40
[2025-11-20 11:01:50 diffposetalk_trainer.py line 101]=>INFO: iter [85700/100000] time 0.023 (0.023) data 0.000 (0.000) loss 0.0232 lr 4.9613e-06 eta 0:05:22
[2025-11-20 11:01:52 diffposetalk_trainer.py line 101]=>INFO: iter [85750/100000] time 0.020 (0.020) data 0.000 (0.000) loss 0.0237 lr 4.9272e-06 eta 0:04:43
[2025-11-20 11:01:54 diffposetalk_trainer.py line 101]=>INFO: iter [85800/100000] time 0.037 (0.037) data 0.000 (0.000) loss 0.0270 lr 4.8933e-06 eta 0:08:47
[2025-11-20 11:01:56 diffposetalk_trainer.py line 101]=>INFO: iter [85850/100000] time 0.029 (0.029) data 0.000 (0.000) loss 0.0222 lr 4.8595e-06 eta 0:06:45
[2025-11-20 11:01:57 diffposetalk_trainer.py line 101]=>INFO: iter [85900/100000] time 0.024 (0.024) data 0.000 (0.000) loss 0.0766 lr 4.8258e-06 eta 0:05:36
[2025-11-20 11:01:59 diffposetalk_trainer.py line 101]=>INFO: iter [85950/100000] time 0.018 (0.018) data 0.000 (0.000) loss 0.0238 lr 4.7921e-06 eta 0:04:13
[2025-11-20 11:02:00 diffposetalk_trainer.py line 101]=>INFO: iter [86000/100000] time 0.021 (0.021) data 0.000 (0.000) loss 0.0247 lr 4.7586e-06 eta 0:04:58
[2025-11-20 11:02:00 diffposetalk_trainer.py line 144]=>INFO: Evaluate on the *val* set
[2025-11-20 11:02:05 diffposetalk_trainer.py line 157]=>INFO: iter: 50 loss_val: 0.5421114104986191 
[2025-11-20 11:02:10 diffposetalk_trainer.py line 157]=>INFO: iter: 100 loss_val: 0.5416181319952011 
[2025-11-20 11:02:15 diffposetalk_trainer.py line 157]=>INFO: iter: 150 loss_val: 0.5399320137500763 
[2025-11-20 11:02:20 diffposetalk_trainer.py line 157]=>INFO: iter: 200 loss_val: 0.5408971743285655 
[2025-11-20 11:02:25 diffposetalk_trainer.py line 157]=>INFO: iter: 250 loss_val: 0.5402276580333709 
[2025-11-20 11:02:30 diffposetalk_trainer.py line 157]=>INFO: iter: 300 loss_val: 0.5383780891696612 
[2025-11-20 11:02:34 diffposetalk_trainer.py line 157]=>INFO: iter: 350 loss_val: 0.5374627252135958 
[2025-11-20 11:02:39 diffposetalk_trainer.py line 157]=>INFO: iter: 400 loss_val: 0.5364309673011303 
[2025-11-20 11:02:39 base_trainer.py line 675]=>INFO: Checkpoint saved to output/HDTF_TFHP/StyleEncoderTrainer/Train/model/model.pth.tar-iter-86000
[2025-11-20 11:02:41 diffposetalk_trainer.py line 101]=>INFO: iter [86050/100000] time 0.022 (0.022) data 0.000 (0.000) loss 0.0498 lr 4.7253e-06 eta 0:05:03
[2025-11-20 11:02:42 diffposetalk_trainer.py line 101]=>INFO: iter [86100/100000] time 0.019 (0.019) data 0.000 (0.000) loss 0.0151 lr 4.6920e-06 eta 0:04:25
[2025-11-20 11:02:44 diffposetalk_trainer.py line 101]=>INFO: iter [86150/100000] time 0.019 (0.019) data 0.000 (0.000) loss 0.0162 lr 4.6588e-06 eta 0:04:28
[2025-11-20 11:02:45 diffposetalk_trainer.py line 101]=>INFO: iter [86200/100000] time 0.028 (0.028) data 0.000 (0.000) loss 0.0481 lr 4.6258e-06 eta 0:06:24
[2025-11-20 11:02:47 diffposetalk_trainer.py line 101]=>INFO: iter [86250/100000] time 0.020 (0.020) data 0.000 (0.000) loss 0.0212 lr 4.5928e-06 eta 0:04:32
[2025-11-20 11:02:49 diffposetalk_trainer.py line 101]=>INFO: iter [86300/100000] time 0.021 (0.021) data 0.000 (0.000) loss 0.0195 lr 4.5600e-06 eta 0:04:51
[2025-11-20 11:02:50 diffposetalk_trainer.py line 101]=>INFO: iter [86350/100000] time 0.021 (0.021) data 0.000 (0.000) loss 0.0462 lr 4.5273e-06 eta 0:04:46
[2025-11-20 11:02:52 diffposetalk_trainer.py line 101]=>INFO: iter [86400/100000] time 0.021 (0.021) data 0.000 (0.000) loss 0.0206 lr 4.4947e-06 eta 0:04:39
[2025-11-20 11:02:54 diffposetalk_trainer.py line 101]=>INFO: iter [86450/100000] time 0.020 (0.020) data 0.000 (0.000) loss 0.0339 lr 4.4622e-06 eta 0:04:29
[2025-11-20 11:02:56 diffposetalk_trainer.py line 101]=>INFO: iter [86500/100000] time 0.021 (0.021) data 0.000 (0.000) loss 0.0422 lr 4.4298e-06 eta 0:04:45
[2025-11-20 11:02:57 diffposetalk_trainer.py line 101]=>INFO: iter [86550/100000] time 0.026 (0.026) data 0.000 (0.000) loss 0.0372 lr 4.3976e-06 eta 0:05:49
[2025-11-20 11:02:59 diffposetalk_trainer.py line 101]=>INFO: iter [86600/100000] time 0.018 (0.018) data 0.000 (0.000) loss 0.0247 lr 4.3654e-06 eta 0:04:05
[2025-11-20 11:03:00 diffposetalk_trainer.py line 101]=>INFO: iter [86650/100000] time 0.022 (0.022) data 0.000 (0.000) loss 0.0663 lr 4.3334e-06 eta 0:04:50
[2025-11-20 11:03:02 diffposetalk_trainer.py line 101]=>INFO: iter [86700/100000] time 0.032 (0.032) data 0.000 (0.000) loss 0.0687 lr 4.3015e-06 eta 0:07:05
[2025-11-20 11:03:04 diffposetalk_trainer.py line 101]=>INFO: iter [86750/100000] time 0.028 (0.028) data 0.000 (0.000) loss 0.0201 lr 4.2696e-06 eta 0:06:15
[2025-11-20 11:03:06 diffposetalk_trainer.py line 101]=>INFO: iter [86800/100000] time 0.020 (0.020) data 0.000 (0.000) loss 0.0075 lr 4.2379e-06 eta 0:04:19
[2025-11-20 11:03:07 diffposetalk_trainer.py line 101]=>INFO: iter [86850/100000] time 0.019 (0.019) data 0.000 (0.000) loss 0.0228 lr 4.2064e-06 eta 0:04:11
[2025-11-20 11:03:09 diffposetalk_trainer.py line 101]=>INFO: iter [86900/100000] time 0.019 (0.019) data 0.000 (0.000) loss 0.0529 lr 4.1749e-06 eta 0:04:11
[2025-11-20 11:03:10 diffposetalk_trainer.py line 101]=>INFO: iter [86950/100000] time 0.021 (0.021) data 0.000 (0.000) loss 0.0223 lr 4.1435e-06 eta 0:04:40
[2025-11-20 11:03:12 diffposetalk_trainer.py line 101]=>INFO: iter [87000/100000] time 0.022 (0.022) data 0.000 (0.000) loss 0.0248 lr 4.1123e-06 eta 0:04:50
[2025-11-20 11:03:13 diffposetalk_trainer.py line 101]=>INFO: iter [87050/100000] time 0.020 (0.020) data 0.000 (0.000) loss 0.0236 lr 4.0811e-06 eta 0:04:14
[2025-11-20 11:03:15 diffposetalk_trainer.py line 101]=>INFO: iter [87100/100000] time 0.021 (0.021) data 0.000 (0.000) loss 0.0204 lr 4.0501e-06 eta 0:04:28
[2025-11-20 11:03:16 diffposetalk_trainer.py line 101]=>INFO: iter [87150/100000] time 0.021 (0.021) data 0.000 (0.000) loss 0.0300 lr 4.0192e-06 eta 0:04:29
[2025-11-20 11:03:18 diffposetalk_trainer.py line 101]=>INFO: iter [87200/100000] time 0.021 (0.021) data 0.000 (0.000) loss 0.0220 lr 3.9884e-06 eta 0:04:32
[2025-11-20 11:03:19 diffposetalk_trainer.py line 101]=>INFO: iter [87250/100000] time 0.039 (0.039) data 0.018 (0.018) loss 0.0479 lr 3.9577e-06 eta 0:08:14
[2025-11-20 11:03:21 diffposetalk_trainer.py line 101]=>INFO: iter [87300/100000] time 0.020 (0.020) data 0.000 (0.000) loss 0.0194 lr 3.9272e-06 eta 0:04:12
[2025-11-20 11:03:23 diffposetalk_trainer.py line 101]=>INFO: iter [87350/100000] time 0.020 (0.020) data 0.000 (0.000) loss 0.1001 lr 3.8967e-06 eta 0:04:07
[2025-11-20 11:03:24 diffposetalk_trainer.py line 101]=>INFO: iter [87400/100000] time 0.027 (0.027) data 0.000 (0.000) loss 0.0811 lr 3.8664e-06 eta 0:05:43
[2025-11-20 11:03:26 diffposetalk_trainer.py line 101]=>INFO: iter [87450/100000] time 0.031 (0.031) data 0.000 (0.000) loss 0.0250 lr 3.8361e-06 eta 0:06:28
[2025-11-20 11:03:27 diffposetalk_trainer.py line 101]=>INFO: iter [87500/100000] time 0.020 (0.020) data 0.000 (0.000) loss 0.0060 lr 3.8060e-06 eta 0:04:05
[2025-11-20 11:03:29 diffposetalk_trainer.py line 101]=>INFO: iter [87550/100000] time 0.031 (0.031) data 0.000 (0.000) loss 0.0244 lr 3.7760e-06 eta 0:06:27
[2025-11-20 11:03:30 diffposetalk_trainer.py line 101]=>INFO: iter [87600/100000] time 0.018 (0.018) data 0.000 (0.000) loss 0.0235 lr 3.7461e-06 eta 0:03:37
[2025-11-20 11:03:32 diffposetalk_trainer.py line 101]=>INFO: iter [87650/100000] time 0.019 (0.019) data 0.000 (0.000) loss 0.0729 lr 3.7164e-06 eta 0:03:50
[2025-11-20 11:03:33 diffposetalk_trainer.py line 101]=>INFO: iter [87700/100000] time 0.023 (0.023) data 0.000 (0.000) loss 0.0292 lr 3.6867e-06 eta 0:04:44
[2025-11-20 11:03:35 diffposetalk_trainer.py line 101]=>INFO: iter [87750/100000] time 0.040 (0.040) data 0.000 (0.000) loss 0.0209 lr 3.6572e-06 eta 0:08:10
[2025-11-20 11:03:37 diffposetalk_trainer.py line 101]=>INFO: iter [87800/100000] time 0.036 (0.036) data 0.000 (0.000) loss 0.0522 lr 3.6277e-06 eta 0:07:23
[2025-11-20 11:03:39 diffposetalk_trainer.py line 101]=>INFO: iter [87850/100000] time 0.020 (0.020) data 0.000 (0.000) loss 0.0172 lr 3.5984e-06 eta 0:03:58
[2025-11-20 11:03:40 diffposetalk_trainer.py line 101]=>INFO: iter [87900/100000] time 0.020 (0.020) data 0.000 (0.000) loss 0.0294 lr 3.5692e-06 eta 0:04:08
[2025-11-20 11:03:42 diffposetalk_trainer.py line 101]=>INFO: iter [87950/100000] time 0.021 (0.021) data 0.000 (0.000) loss 0.0647 lr 3.5401e-06 eta 0:04:07
[2025-11-20 11:03:43 diffposetalk_trainer.py line 101]=>INFO: iter [88000/100000] time 0.024 (0.024) data 0.000 (0.000) loss 0.0208 lr 3.5112e-06 eta 0:04:48
[2025-11-20 11:03:43 diffposetalk_trainer.py line 144]=>INFO: Evaluate on the *val* set
[2025-11-20 11:03:48 diffposetalk_trainer.py line 157]=>INFO: iter: 50 loss_val: 0.5306176126003266 
[2025-11-20 11:03:53 diffposetalk_trainer.py line 157]=>INFO: iter: 100 loss_val: 0.5366857054829598 
[2025-11-20 11:03:58 diffposetalk_trainer.py line 157]=>INFO: iter: 150 loss_val: 0.5365203173955282 
[2025-11-20 11:04:04 diffposetalk_trainer.py line 157]=>INFO: iter: 200 loss_val: 0.5368037652969361 
[2025-11-20 11:04:09 diffposetalk_trainer.py line 157]=>INFO: iter: 250 loss_val: 0.5386951025724411 
[2025-11-20 11:04:14 diffposetalk_trainer.py line 157]=>INFO: iter: 300 loss_val: 0.5401330994566281 
[2025-11-20 11:04:19 diffposetalk_trainer.py line 157]=>INFO: iter: 350 loss_val: 0.5401089529480253 
[2025-11-20 11:04:24 diffposetalk_trainer.py line 157]=>INFO: iter: 400 loss_val: 0.5402664975821971 
[2025-11-20 11:04:24 base_trainer.py line 675]=>INFO: Checkpoint saved to output/HDTF_TFHP/StyleEncoderTrainer/Train/model/model.pth.tar-iter-88000
[2025-11-20 11:04:26 diffposetalk_trainer.py line 101]=>INFO: iter [88050/100000] time 0.032 (0.032) data 0.000 (0.000) loss 0.1713 lr 3.4823e-06 eta 0:06:17
[2025-11-20 11:04:28 diffposetalk_trainer.py line 101]=>INFO: iter [88100/100000] time 0.026 (0.026) data 0.000 (0.000) loss 0.0238 lr 3.4536e-06 eta 0:05:07
[2025-11-20 11:04:31 diffposetalk_trainer.py line 101]=>INFO: iter [88150/100000] time 0.029 (0.029) data 0.000 (0.000) loss 0.0240 lr 3.4250e-06 eta 0:05:41
[2025-11-20 11:04:32 diffposetalk_trainer.py line 101]=>INFO: iter [88200/100000] time 0.019 (0.019) data 0.000 (0.000) loss 0.0075 lr 3.3964e-06 eta 0:03:45
[2025-11-20 11:04:34 diffposetalk_trainer.py line 101]=>INFO: iter [88250/100000] time 0.030 (0.030) data 0.000 (0.000) loss 0.0229 lr 3.3680e-06 eta 0:05:57
[2025-11-20 11:04:36 diffposetalk_trainer.py line 101]=>INFO: iter [88300/100000] time 0.022 (0.022) data 0.000 (0.000) loss 0.0241 lr 3.3398e-06 eta 0:04:11
[2025-11-20 11:04:37 diffposetalk_trainer.py line 101]=>INFO: iter [88350/100000] time 0.030 (0.030) data 0.000 (0.000) loss 0.0465 lr 3.3116e-06 eta 0:05:46
[2025-11-20 11:04:39 diffposetalk_trainer.py line 101]=>INFO: iter [88400/100000] time 0.020 (0.020) data 0.000 (0.000) loss 0.0305 lr 3.2836e-06 eta 0:03:56
[2025-11-20 11:04:40 diffposetalk_trainer.py line 101]=>INFO: iter [88450/100000] time 0.019 (0.019) data 0.000 (0.000) loss 0.0249 lr 3.2556e-06 eta 0:03:34
[2025-11-20 11:04:42 diffposetalk_trainer.py line 101]=>INFO: iter [88500/100000] time 0.021 (0.021) data 0.000 (0.000) loss 0.0375 lr 3.2278e-06 eta 0:03:57
[2025-11-20 11:04:43 diffposetalk_trainer.py line 101]=>INFO: iter [88550/100000] time 0.027 (0.027) data 0.000 (0.000) loss 0.0267 lr 3.2001e-06 eta 0:05:12
[2025-11-20 11:04:45 diffposetalk_trainer.py line 101]=>INFO: iter [88600/100000] time 0.020 (0.020) data 0.000 (0.000) loss 0.1055 lr 3.1725e-06 eta 0:03:50
[2025-11-20 11:04:47 diffposetalk_trainer.py line 101]=>INFO: iter [88650/100000] time 0.027 (0.027) data 0.005 (0.005) loss 0.0633 lr 3.1450e-06 eta 0:05:04
[2025-11-20 11:04:48 diffposetalk_trainer.py line 101]=>INFO: iter [88700/100000] time 0.017 (0.017) data 0.000 (0.000) loss 0.0168 lr 3.1177e-06 eta 0:03:14
[2025-11-20 11:04:49 diffposetalk_trainer.py line 101]=>INFO: iter [88750/100000] time 0.024 (0.024) data 0.000 (0.000) loss 0.0204 lr 3.0904e-06 eta 0:04:31
[2025-11-20 11:04:51 diffposetalk_trainer.py line 101]=>INFO: iter [88800/100000] time 0.019 (0.019) data 0.000 (0.000) loss 0.0414 lr 3.0633e-06 eta 0:03:33
[2025-11-20 11:04:52 diffposetalk_trainer.py line 101]=>INFO: iter [88850/100000] time 0.021 (0.021) data 0.000 (0.000) loss 0.0519 lr 3.0363e-06 eta 0:03:50
[2025-11-20 11:04:53 diffposetalk_trainer.py line 101]=>INFO: iter [88900/100000] time 0.018 (0.018) data 0.000 (0.000) loss 0.0064 lr 3.0094e-06 eta 0:03:14
[2025-11-20 11:04:55 diffposetalk_trainer.py line 101]=>INFO: iter [88950/100000] time 0.022 (0.022) data 0.000 (0.000) loss 0.0470 lr 2.9826e-06 eta 0:03:59
[2025-11-20 11:04:57 diffposetalk_trainer.py line 101]=>INFO: iter [89000/100000] time 0.032 (0.032) data 0.000 (0.000) loss 0.0163 lr 2.9560e-06 eta 0:05:49
[2025-11-20 11:04:59 diffposetalk_trainer.py line 101]=>INFO: iter [89050/100000] time 0.021 (0.021) data 0.000 (0.000) loss 0.0370 lr 2.9294e-06 eta 0:03:47
[2025-11-20 11:05:01 diffposetalk_trainer.py line 101]=>INFO: iter [89100/100000] time 0.036 (0.036) data 0.000 (0.000) loss 0.0193 lr 2.9030e-06 eta 0:06:28
[2025-11-20 11:05:02 diffposetalk_trainer.py line 101]=>INFO: iter [89150/100000] time 0.024 (0.024) data 0.000 (0.000) loss 0.0189 lr 2.8767e-06 eta 0:04:18
[2025-11-20 11:05:04 diffposetalk_trainer.py line 101]=>INFO: iter [89200/100000] time 0.027 (0.027) data 0.000 (0.000) loss 0.0212 lr 2.8505e-06 eta 0:04:56
[2025-11-20 11:05:06 diffposetalk_trainer.py line 101]=>INFO: iter [89250/100000] time 0.027 (0.027) data 0.000 (0.000) loss 0.0543 lr 2.8244e-06 eta 0:04:52
[2025-11-20 11:05:08 diffposetalk_trainer.py line 101]=>INFO: iter [89300/100000] time 0.025 (0.025) data 0.000 (0.000) loss 0.0296 lr 2.7984e-06 eta 0:04:27
[2025-11-20 11:05:10 diffposetalk_trainer.py line 101]=>INFO: iter [89350/100000] time 0.025 (0.025) data 0.000 (0.000) loss 0.0771 lr 2.7726e-06 eta 0:04:24
[2025-11-20 11:05:11 diffposetalk_trainer.py line 101]=>INFO: iter [89400/100000] time 0.018 (0.018) data 0.000 (0.000) loss 0.0297 lr 2.7468e-06 eta 0:03:08
[2025-11-20 11:05:12 diffposetalk_trainer.py line 101]=>INFO: iter [89450/100000] time 0.039 (0.039) data 0.000 (0.000) loss 0.0691 lr 2.7212e-06 eta 0:06:56
[2025-11-20 11:05:14 diffposetalk_trainer.py line 101]=>INFO: iter [89500/100000] time 0.033 (0.033) data 0.000 (0.000) loss 0.0301 lr 2.6957e-06 eta 0:05:43
[2025-11-20 11:05:16 diffposetalk_trainer.py line 101]=>INFO: iter [89550/100000] time 0.022 (0.022) data 0.000 (0.000) loss 0.0298 lr 2.6704e-06 eta 0:03:51
[2025-11-20 11:05:18 diffposetalk_trainer.py line 101]=>INFO: iter [89600/100000] time 0.022 (0.022) data 0.000 (0.000) loss 0.0154 lr 2.6451e-06 eta 0:03:52
[2025-11-20 11:05:19 diffposetalk_trainer.py line 101]=>INFO: iter [89650/100000] time 0.019 (0.019) data 0.000 (0.000) loss 0.0730 lr 2.6199e-06 eta 0:03:14
[2025-11-20 11:05:21 diffposetalk_trainer.py line 101]=>INFO: iter [89700/100000] time 0.020 (0.020) data 0.000 (0.000) loss 0.0244 lr 2.5949e-06 eta 0:03:25
[2025-11-20 11:05:22 diffposetalk_trainer.py line 101]=>INFO: iter [89750/100000] time 0.024 (0.024) data 0.000 (0.000) loss 0.0269 lr 2.5700e-06 eta 0:04:07
[2025-11-20 11:05:24 diffposetalk_trainer.py line 101]=>INFO: iter [89800/100000] time 0.021 (0.021) data 0.000 (0.000) loss 0.0553 lr 2.5452e-06 eta 0:03:29
[2025-11-20 11:05:26 diffposetalk_trainer.py line 101]=>INFO: iter [89850/100000] time 0.030 (0.030) data 0.000 (0.000) loss 0.0287 lr 2.5205e-06 eta 0:04:59
[2025-11-20 11:05:27 diffposetalk_trainer.py line 101]=>INFO: iter [89900/100000] time 0.021 (0.021) data 0.000 (0.000) loss 0.0259 lr 2.4959e-06 eta 0:03:34
[2025-11-20 11:05:29 diffposetalk_trainer.py line 101]=>INFO: iter [89950/100000] time 0.021 (0.021) data 0.000 (0.000) loss 0.0220 lr 2.4715e-06 eta 0:03:35
[2025-11-20 11:05:31 diffposetalk_trainer.py line 101]=>INFO: iter [90000/100000] time 0.032 (0.032) data 0.000 (0.000) loss 0.0448 lr 2.4472e-06 eta 0:05:15
[2025-11-20 11:05:31 diffposetalk_trainer.py line 144]=>INFO: Evaluate on the *val* set
[2025-11-20 11:05:36 diffposetalk_trainer.py line 157]=>INFO: iter: 50 loss_val: 0.5461655730009078 
[2025-11-20 11:05:41 diffposetalk_trainer.py line 157]=>INFO: iter: 100 loss_val: 0.5435621982812882 
[2025-11-20 11:05:46 diffposetalk_trainer.py line 157]=>INFO: iter: 150 loss_val: 0.5454118845860163 
[2025-11-20 11:05:51 diffposetalk_trainer.py line 157]=>INFO: iter: 200 loss_val: 0.5461285497248173 
[2025-11-20 11:05:56 diffposetalk_trainer.py line 157]=>INFO: iter: 250 loss_val: 0.5451478949785232 
[2025-11-20 11:06:00 diffposetalk_trainer.py line 157]=>INFO: iter: 300 loss_val: 0.5444701754053434 
[2025-11-20 11:06:05 diffposetalk_trainer.py line 157]=>INFO: iter: 350 loss_val: 0.5431568961484091 
[2025-11-20 11:06:10 diffposetalk_trainer.py line 157]=>INFO: iter: 400 loss_val: 0.5439531499892474 
[2025-11-20 11:06:10 base_trainer.py line 675]=>INFO: Checkpoint saved to output/HDTF_TFHP/StyleEncoderTrainer/Train/model/model.pth.tar-iter-90000
[2025-11-20 11:06:12 diffposetalk_trainer.py line 101]=>INFO: iter [90050/100000] time 0.030 (0.030) data 0.000 (0.000) loss 0.0241 lr 2.4230e-06 eta 0:04:59
[2025-11-20 11:06:13 diffposetalk_trainer.py line 101]=>INFO: iter [90100/100000] time 0.017 (0.017) data 0.000 (0.000) loss 0.0234 lr 2.3989e-06 eta 0:02:52
[2025-11-20 11:06:14 diffposetalk_trainer.py line 101]=>INFO: iter [90150/100000] time 0.020 (0.020) data 0.000 (0.000) loss 0.0214 lr 2.3749e-06 eta 0:03:13
[2025-11-20 11:06:16 diffposetalk_trainer.py line 101]=>INFO: iter [90200/100000] time 0.026 (0.026) data 0.000 (0.000) loss 0.0194 lr 2.3510e-06 eta 0:04:12
[2025-11-20 11:06:18 diffposetalk_trainer.py line 101]=>INFO: iter [90250/100000] time 0.030 (0.030) data 0.000 (0.000) loss 0.0526 lr 2.3273e-06 eta 0:04:54
[2025-11-20 11:06:19 diffposetalk_trainer.py line 101]=>INFO: iter [90300/100000] time 0.026 (0.026) data 0.000 (0.000) loss 0.0339 lr 2.3037e-06 eta 0:04:12
[2025-11-20 11:06:21 diffposetalk_trainer.py line 101]=>INFO: iter [90350/100000] time 0.037 (0.037) data 0.000 (0.000) loss 0.0222 lr 2.2802e-06 eta 0:05:58
[2025-11-20 11:06:23 diffposetalk_trainer.py line 101]=>INFO: iter [90400/100000] time 0.040 (0.040) data 0.000 (0.000) loss 0.0184 lr 2.2568e-06 eta 0:06:27
[2025-11-20 11:06:25 diffposetalk_trainer.py line 101]=>INFO: iter [90450/100000] time 0.028 (0.028) data 0.000 (0.000) loss 0.0192 lr 2.2335e-06 eta 0:04:28
[2025-11-20 11:06:26 diffposetalk_trainer.py line 101]=>INFO: iter [90500/100000] time 0.021 (0.021) data 0.000 (0.000) loss 0.0299 lr 2.2103e-06 eta 0:03:17
[2025-11-20 11:06:28 diffposetalk_trainer.py line 101]=>INFO: iter [90550/100000] time 0.022 (0.022) data 0.000 (0.000) loss 0.0262 lr 2.1873e-06 eta 0:03:24
[2025-11-20 11:06:29 diffposetalk_trainer.py line 101]=>INFO: iter [90600/100000] time 0.025 (0.025) data 0.000 (0.000) loss 0.1091 lr 2.1644e-06 eta 0:03:52
[2025-11-20 11:06:31 diffposetalk_trainer.py line 101]=>INFO: iter [90650/100000] time 0.022 (0.022) data 0.000 (0.000) loss 0.0201 lr 2.1416e-06 eta 0:03:27
[2025-11-20 11:06:32 diffposetalk_trainer.py line 101]=>INFO: iter [90700/100000] time 0.017 (0.017) data 0.000 (0.000) loss 0.0318 lr 2.1189e-06 eta 0:02:38
[2025-11-20 11:06:34 diffposetalk_trainer.py line 101]=>INFO: iter [90750/100000] time 0.026 (0.026) data 0.000 (0.000) loss 0.0207 lr 2.0964e-06 eta 0:03:56
[2025-11-20 11:06:36 diffposetalk_trainer.py line 101]=>INFO: iter [90800/100000] time 0.035 (0.035) data 0.000 (0.000) loss 0.0356 lr 2.0739e-06 eta 0:05:17
[2025-11-20 11:06:38 diffposetalk_trainer.py line 101]=>INFO: iter [90850/100000] time 0.029 (0.029) data 0.000 (0.000) loss 0.0319 lr 2.0516e-06 eta 0:04:22
[2025-11-20 11:06:39 diffposetalk_trainer.py line 101]=>INFO: iter [90900/100000] time 0.035 (0.035) data 0.000 (0.000) loss 0.0826 lr 2.0294e-06 eta 0:05:17
[2025-11-20 11:06:41 diffposetalk_trainer.py line 101]=>INFO: iter [90950/100000] time 0.017 (0.017) data 0.000 (0.000) loss 0.0255 lr 2.0073e-06 eta 0:02:36
[2025-11-20 11:06:42 diffposetalk_trainer.py line 101]=>INFO: iter [91000/100000] time 0.020 (0.020) data 0.000 (0.000) loss 0.0043 lr 1.9853e-06 eta 0:03:00
[2025-11-20 11:06:44 diffposetalk_trainer.py line 101]=>INFO: iter [91050/100000] time 0.029 (0.029) data 0.000 (0.000) loss 0.0276 lr 1.9635e-06 eta 0:04:18
[2025-11-20 11:06:46 diffposetalk_trainer.py line 101]=>INFO: iter [91100/100000] time 0.024 (0.024) data 0.000 (0.000) loss 0.0193 lr 1.9417e-06 eta 0:03:31
[2025-11-20 11:06:48 diffposetalk_trainer.py line 101]=>INFO: iter [91150/100000] time 0.022 (0.022) data 0.000 (0.000) loss 0.0161 lr 1.9201e-06 eta 0:03:14
[2025-11-20 11:06:49 diffposetalk_trainer.py line 101]=>INFO: iter [91200/100000] time 0.045 (0.045) data 0.000 (0.000) loss 0.0459 lr 1.8986e-06 eta 0:06:36
[2025-11-20 11:06:51 diffposetalk_trainer.py line 101]=>INFO: iter [91250/100000] time 0.022 (0.022) data 0.000 (0.000) loss 0.0563 lr 1.8772e-06 eta 0:03:11
[2025-11-20 11:06:52 diffposetalk_trainer.py line 101]=>INFO: iter [91300/100000] time 0.021 (0.021) data 0.000 (0.000) loss 0.0208 lr 1.8560e-06 eta 0:02:59
[2025-11-20 11:06:54 diffposetalk_trainer.py line 101]=>INFO: iter [91350/100000] time 0.020 (0.020) data 0.000 (0.000) loss 0.0307 lr 1.8348e-06 eta 0:02:56
[2025-11-20 11:06:56 diffposetalk_trainer.py line 101]=>INFO: iter [91400/100000] time 0.031 (0.031) data 0.000 (0.000) loss 0.0251 lr 1.8138e-06 eta 0:04:28
[2025-11-20 11:06:57 diffposetalk_trainer.py line 101]=>INFO: iter [91450/100000] time 0.025 (0.025) data 0.000 (0.000) loss 0.1320 lr 1.7929e-06 eta 0:03:30
[2025-11-20 11:06:59 diffposetalk_trainer.py line 101]=>INFO: iter [91500/100000] time 0.021 (0.021) data 0.000 (0.000) loss 0.0329 lr 1.7721e-06 eta 0:03:00
[2025-11-20 11:07:01 diffposetalk_trainer.py line 101]=>INFO: iter [91550/100000] time 0.020 (0.020) data 0.000 (0.000) loss 0.0191 lr 1.7515e-06 eta 0:02:48
[2025-11-20 11:07:02 diffposetalk_trainer.py line 101]=>INFO: iter [91600/100000] time 0.026 (0.026) data 0.000 (0.000) loss 0.0224 lr 1.7309e-06 eta 0:03:37
[2025-11-20 11:07:04 diffposetalk_trainer.py line 101]=>INFO: iter [91650/100000] time 0.021 (0.021) data 0.000 (0.000) loss 0.0459 lr 1.7105e-06 eta 0:02:52
[2025-11-20 11:07:05 diffposetalk_trainer.py line 101]=>INFO: iter [91700/100000] time 0.023 (0.023) data 0.000 (0.000) loss 0.0076 lr 1.6902e-06 eta 0:03:10
[2025-11-20 11:07:07 diffposetalk_trainer.py line 101]=>INFO: iter [91750/100000] time 0.027 (0.027) data 0.000 (0.000) loss 0.1330 lr 1.6700e-06 eta 0:03:40
[2025-11-20 11:07:08 diffposetalk_trainer.py line 101]=>INFO: iter [91800/100000] time 0.017 (0.017) data 0.000 (0.000) loss 0.0463 lr 1.6499e-06 eta 0:02:21
[2025-11-20 11:07:10 diffposetalk_trainer.py line 101]=>INFO: iter [91850/100000] time 0.027 (0.027) data 0.000 (0.000) loss 0.0175 lr 1.6300e-06 eta 0:03:39
[2025-11-20 11:07:11 diffposetalk_trainer.py line 101]=>INFO: iter [91900/100000] time 0.033 (0.033) data 0.000 (0.000) loss 0.0969 lr 1.6101e-06 eta 0:04:30
[2025-11-20 11:07:13 diffposetalk_trainer.py line 101]=>INFO: iter [91950/100000] time 0.025 (0.025) data 0.000 (0.000) loss 0.0230 lr 1.5904e-06 eta 0:03:24
[2025-11-20 11:07:15 diffposetalk_trainer.py line 101]=>INFO: iter [92000/100000] time 0.028 (0.028) data 0.000 (0.000) loss 0.0299 lr 1.5708e-06 eta 0:03:46
[2025-11-20 11:07:15 diffposetalk_trainer.py line 144]=>INFO: Evaluate on the *val* set
[2025-11-20 11:07:20 diffposetalk_trainer.py line 157]=>INFO: iter: 50 loss_val: 0.5406808811426163 
[2025-11-20 11:07:25 diffposetalk_trainer.py line 157]=>INFO: iter: 100 loss_val: 0.5422950360178947 
[2025-11-20 11:07:30 diffposetalk_trainer.py line 157]=>INFO: iter: 150 loss_val: 0.5400867346922557 
[2025-11-20 11:07:35 diffposetalk_trainer.py line 157]=>INFO: iter: 200 loss_val: 0.5402327655255794 
[2025-11-20 11:07:40 diffposetalk_trainer.py line 157]=>INFO: iter: 250 loss_val: 0.5399181168079377 
[2025-11-20 11:07:45 diffposetalk_trainer.py line 157]=>INFO: iter: 300 loss_val: 0.5403297736247381 
[2025-11-20 11:07:50 diffposetalk_trainer.py line 157]=>INFO: iter: 350 loss_val: 0.5408470353058407 
[2025-11-20 11:07:54 diffposetalk_trainer.py line 157]=>INFO: iter: 400 loss_val: 0.5420891270786524 
[2025-11-20 11:07:55 base_trainer.py line 675]=>INFO: Checkpoint saved to output/HDTF_TFHP/StyleEncoderTrainer/Train/model/model.pth.tar-iter-92000
[2025-11-20 11:07:57 diffposetalk_trainer.py line 101]=>INFO: iter [92050/100000] time 0.032 (0.032) data 0.000 (0.000) loss 0.0444 lr 1.5514e-06 eta 0:04:13
[2025-11-20 11:07:58 diffposetalk_trainer.py line 101]=>INFO: iter [92100/100000] time 0.017 (0.017) data 0.000 (0.000) loss 0.0243 lr 1.5320e-06 eta 0:02:15
[2025-11-20 11:08:00 diffposetalk_trainer.py line 101]=>INFO: iter [92150/100000] time 0.032 (0.032) data 0.000 (0.000) loss 0.1253 lr 1.5128e-06 eta 0:04:08
[2025-11-20 11:08:01 diffposetalk_trainer.py line 101]=>INFO: iter [92200/100000] time 0.019 (0.019) data 0.000 (0.000) loss 0.0244 lr 1.4937e-06 eta 0:02:28
[2025-11-20 11:08:03 diffposetalk_trainer.py line 101]=>INFO: iter [92250/100000] time 0.024 (0.024) data 0.000 (0.000) loss 0.0206 lr 1.4747e-06 eta 0:03:02
[2025-11-20 11:08:05 diffposetalk_trainer.py line 101]=>INFO: iter [92300/100000] time 0.032 (0.032) data 0.000 (0.000) loss 0.0211 lr 1.4558e-06 eta 0:04:09
[2025-11-20 11:08:07 diffposetalk_trainer.py line 101]=>INFO: iter [92350/100000] time 0.024 (0.024) data 0.000 (0.000) loss 0.0498 lr 1.4370e-06 eta 0:03:01
[2025-11-20 11:08:08 diffposetalk_trainer.py line 101]=>INFO: iter [92400/100000] time 0.020 (0.020) data 0.000 (0.000) loss 0.0072 lr 1.4184e-06 eta 0:02:31
[2025-11-20 11:08:10 diffposetalk_trainer.py line 101]=>INFO: iter [92450/100000] time 0.023 (0.023) data 0.000 (0.000) loss 0.0229 lr 1.3999e-06 eta 0:02:53
[2025-11-20 11:08:11 diffposetalk_trainer.py line 101]=>INFO: iter [92500/100000] time 0.029 (0.029) data 0.000 (0.000) loss 0.0402 lr 1.3815e-06 eta 0:03:34
[2025-11-20 11:08:13 diffposetalk_trainer.py line 101]=>INFO: iter [92550/100000] time 0.020 (0.020) data 0.000 (0.000) loss 0.0523 lr 1.3632e-06 eta 0:02:26
[2025-11-20 11:08:14 diffposetalk_trainer.py line 101]=>INFO: iter [92600/100000] time 0.034 (0.034) data 0.000 (0.000) loss 0.0761 lr 1.3451e-06 eta 0:04:08
[2025-11-20 11:08:16 diffposetalk_trainer.py line 101]=>INFO: iter [92650/100000] time 0.023 (0.023) data 0.000 (0.000) loss 0.0420 lr 1.3270e-06 eta 0:02:48
[2025-11-20 11:08:17 diffposetalk_trainer.py line 101]=>INFO: iter [92700/100000] time 0.021 (0.021) data 0.000 (0.000) loss 0.0706 lr 1.3091e-06 eta 0:02:35
[2025-11-20 11:08:19 diffposetalk_trainer.py line 101]=>INFO: iter [92750/100000] time 0.031 (0.031) data 0.000 (0.000) loss 0.0174 lr 1.2913e-06 eta 0:03:48
[2025-11-20 11:08:21 diffposetalk_trainer.py line 101]=>INFO: iter [92800/100000] time 0.024 (0.024) data 0.000 (0.000) loss 0.0202 lr 1.2737e-06 eta 0:02:54
[2025-11-20 11:08:22 diffposetalk_trainer.py line 101]=>INFO: iter [92850/100000] time 0.021 (0.021) data 0.000 (0.000) loss 0.0804 lr 1.2561e-06 eta 0:02:27
[2025-11-20 11:08:24 diffposetalk_trainer.py line 101]=>INFO: iter [92900/100000] time 0.022 (0.022) data 0.000 (0.000) loss 0.0192 lr 1.2387e-06 eta 0:02:38
[2025-11-20 11:08:26 diffposetalk_trainer.py line 101]=>INFO: iter [92950/100000] time 0.029 (0.029) data 0.000 (0.000) loss 0.0196 lr 1.2214e-06 eta 0:03:27
[2025-11-20 11:08:28 diffposetalk_trainer.py line 101]=>INFO: iter [93000/100000] time 0.022 (0.022) data 0.000 (0.000) loss 0.0199 lr 1.2042e-06 eta 0:02:37
[2025-11-20 11:08:29 diffposetalk_trainer.py line 101]=>INFO: iter [93050/100000] time 0.020 (0.020) data 0.000 (0.000) loss 0.0929 lr 1.1871e-06 eta 0:02:19
[2025-11-20 11:08:30 diffposetalk_trainer.py line 101]=>INFO: iter [93100/100000] time 0.019 (0.019) data 0.000 (0.000) loss 0.1085 lr 1.1701e-06 eta 0:02:10
[2025-11-20 11:08:32 diffposetalk_trainer.py line 101]=>INFO: iter [93150/100000] time 0.034 (0.034) data 0.000 (0.000) loss 0.0239 lr 1.1533e-06 eta 0:03:54
[2025-11-20 11:08:34 diffposetalk_trainer.py line 101]=>INFO: iter [93200/100000] time 0.022 (0.022) data 0.000 (0.000) loss 0.0358 lr 1.1366e-06 eta 0:02:29
[2025-11-20 11:08:36 diffposetalk_trainer.py line 101]=>INFO: iter [93250/100000] time 0.040 (0.040) data 0.000 (0.000) loss 0.0227 lr 1.1200e-06 eta 0:04:31
[2025-11-20 11:08:37 diffposetalk_trainer.py line 101]=>INFO: iter [93300/100000] time 0.024 (0.024) data 0.000 (0.000) loss 0.0202 lr 1.1035e-06 eta 0:02:41
[2025-11-20 11:08:39 diffposetalk_trainer.py line 101]=>INFO: iter [93350/100000] time 0.021 (0.021) data 0.000 (0.000) loss 0.0260 lr 1.0872e-06 eta 0:02:20
[2025-11-20 11:08:40 diffposetalk_trainer.py line 101]=>INFO: iter [93400/100000] time 0.021 (0.021) data 0.000 (0.000) loss 0.0709 lr 1.0710e-06 eta 0:02:17
[2025-11-20 11:08:42 diffposetalk_trainer.py line 101]=>INFO: iter [93450/100000] time 0.019 (0.019) data 0.000 (0.000) loss 0.0163 lr 1.0548e-06 eta 0:02:04
[2025-11-20 11:08:43 diffposetalk_trainer.py line 101]=>INFO: iter [93500/100000] time 0.018 (0.018) data 0.000 (0.000) loss 0.0250 lr 1.0389e-06 eta 0:02:00
[2025-11-20 11:08:45 diffposetalk_trainer.py line 101]=>INFO: iter [93550/100000] time 0.023 (0.023) data 0.000 (0.000) loss 0.0168 lr 1.0230e-06 eta 0:02:31
[2025-11-20 11:08:46 diffposetalk_trainer.py line 101]=>INFO: iter [93600/100000] time 0.017 (0.017) data 0.000 (0.000) loss 0.0190 lr 1.0072e-06 eta 0:01:48
[2025-11-20 11:08:48 diffposetalk_trainer.py line 101]=>INFO: iter [93650/100000] time 0.019 (0.019) data 0.000 (0.000) loss 0.0202 lr 9.9162e-07 eta 0:01:59
[2025-11-20 11:08:50 diffposetalk_trainer.py line 101]=>INFO: iter [93700/100000] time 0.023 (0.023) data 0.000 (0.000) loss 0.0269 lr 9.7612e-07 eta 0:02:23
[2025-11-20 11:08:52 diffposetalk_trainer.py line 101]=>INFO: iter [93750/100000] time 0.023 (0.023) data 0.000 (0.000) loss 0.0768 lr 9.6074e-07 eta 0:02:22
[2025-11-20 11:08:53 diffposetalk_trainer.py line 101]=>INFO: iter [93800/100000] time 0.027 (0.027) data 0.000 (0.000) loss 0.0065 lr 9.4547e-07 eta 0:02:47
[2025-11-20 11:08:56 diffposetalk_trainer.py line 101]=>INFO: iter [93850/100000] time 0.026 (0.026) data 0.000 (0.000) loss 0.0442 lr 9.3033e-07 eta 0:02:37
[2025-11-20 11:08:58 diffposetalk_trainer.py line 101]=>INFO: iter [93900/100000] time 0.018 (0.018) data 0.000 (0.000) loss 0.0498 lr 9.1531e-07 eta 0:01:50
[2025-11-20 11:08:59 diffposetalk_trainer.py line 101]=>INFO: iter [93950/100000] time 0.021 (0.021) data 0.000 (0.000) loss 0.0259 lr 9.0041e-07 eta 0:02:08
[2025-11-20 11:09:01 diffposetalk_trainer.py line 101]=>INFO: iter [94000/100000] time 0.028 (0.028) data 0.000 (0.000) loss 0.0184 lr 8.8564e-07 eta 0:02:50
[2025-11-20 11:09:01 diffposetalk_trainer.py line 144]=>INFO: Evaluate on the *val* set
[2025-11-20 11:09:07 diffposetalk_trainer.py line 157]=>INFO: iter: 50 loss_val: 0.5212436264753342 
[2025-11-20 11:09:11 diffposetalk_trainer.py line 157]=>INFO: iter: 100 loss_val: 0.5261015158891678 
[2025-11-20 11:09:16 diffposetalk_trainer.py line 157]=>INFO: iter: 150 loss_val: 0.5296352416276932 
[2025-11-20 11:09:21 diffposetalk_trainer.py line 157]=>INFO: iter: 200 loss_val: 0.5333427567780018 
[2025-11-20 11:09:26 diffposetalk_trainer.py line 157]=>INFO: iter: 250 loss_val: 0.5331326522827149 
[2025-11-20 11:09:31 diffposetalk_trainer.py line 157]=>INFO: iter: 300 loss_val: 0.5344717090328535 
[2025-11-20 11:09:37 diffposetalk_trainer.py line 157]=>INFO: iter: 350 loss_val: 0.5326910013811929 
[2025-11-20 11:09:42 diffposetalk_trainer.py line 157]=>INFO: iter: 400 loss_val: 0.5339956317842006 
[2025-11-20 11:09:42 base_trainer.py line 675]=>INFO: Checkpoint saved to output/HDTF_TFHP/StyleEncoderTrainer/Train/model/model.pth.tar-iter-94000
[2025-11-20 11:09:43 diffposetalk_trainer.py line 101]=>INFO: iter [94050/100000] time 0.018 (0.018) data 0.000 (0.000) loss 0.0460 lr 8.7098e-07 eta 0:01:49
[2025-11-20 11:09:45 diffposetalk_trainer.py line 101]=>INFO: iter [94100/100000] time 0.024 (0.024) data 0.000 (0.000) loss 0.0369 lr 8.5645e-07 eta 0:02:23
[2025-11-20 11:09:46 diffposetalk_trainer.py line 101]=>INFO: iter [94150/100000] time 0.015 (0.015) data 0.000 (0.000) loss 0.0177 lr 8.4203e-07 eta 0:01:29
[2025-11-20 11:09:47 diffposetalk_trainer.py line 101]=>INFO: iter [94200/100000] time 0.018 (0.018) data 0.000 (0.000) loss 0.0186 lr 8.2774e-07 eta 0:01:42
[2025-11-20 11:09:49 diffposetalk_trainer.py line 101]=>INFO: iter [94250/100000] time 0.033 (0.033) data 0.001 (0.001) loss 0.0222 lr 8.1357e-07 eta 0:03:10
[2025-11-20 11:09:50 diffposetalk_trainer.py line 101]=>INFO: iter [94300/100000] time 0.018 (0.018) data 0.000 (0.000) loss 0.0189 lr 7.9952e-07 eta 0:01:40
[2025-11-20 11:09:52 diffposetalk_trainer.py line 101]=>INFO: iter [94350/100000] time 0.020 (0.020) data 0.000 (0.000) loss 0.0265 lr 7.8559e-07 eta 0:01:52
[2025-11-20 11:09:53 diffposetalk_trainer.py line 101]=>INFO: iter [94400/100000] time 0.020 (0.020) data 0.000 (0.000) loss 0.0215 lr 7.7178e-07 eta 0:01:51
[2025-11-20 11:09:55 diffposetalk_trainer.py line 101]=>INFO: iter [94450/100000] time 0.042 (0.042) data 0.000 (0.000) loss 0.0213 lr 7.5810e-07 eta 0:03:51
[2025-11-20 11:09:56 diffposetalk_trainer.py line 101]=>INFO: iter [94500/100000] time 0.018 (0.018) data 0.000 (0.000) loss 0.0047 lr 7.4453e-07 eta 0:01:41
[2025-11-20 11:09:58 diffposetalk_trainer.py line 101]=>INFO: iter [94550/100000] time 0.021 (0.021) data 0.000 (0.000) loss 0.0225 lr 7.3109e-07 eta 0:01:54
[2025-11-20 11:10:00 diffposetalk_trainer.py line 101]=>INFO: iter [94600/100000] time 0.029 (0.029) data 0.000 (0.000) loss 0.0217 lr 7.1777e-07 eta 0:02:35
[2025-11-20 11:10:01 diffposetalk_trainer.py line 101]=>INFO: iter [94650/100000] time 0.024 (0.024) data 0.000 (0.000) loss 0.0181 lr 7.0457e-07 eta 0:02:09
[2025-11-20 11:10:03 diffposetalk_trainer.py line 101]=>INFO: iter [94700/100000] time 0.031 (0.031) data 0.000 (0.000) loss 0.0224 lr 6.9149e-07 eta 0:02:43
[2025-11-20 11:10:05 diffposetalk_trainer.py line 101]=>INFO: iter [94750/100000] time 0.051 (0.051) data 0.000 (0.000) loss 0.0665 lr 6.7854e-07 eta 0:04:25
[2025-11-20 11:10:06 diffposetalk_trainer.py line 101]=>INFO: iter [94800/100000] time 0.019 (0.019) data 0.000 (0.000) loss 0.0328 lr 6.6570e-07 eta 0:01:38
[2025-11-20 11:10:08 diffposetalk_trainer.py line 101]=>INFO: iter [94850/100000] time 0.019 (0.019) data 0.000 (0.000) loss 0.0239 lr 6.5299e-07 eta 0:01:38
[2025-11-20 11:10:09 diffposetalk_trainer.py line 101]=>INFO: iter [94900/100000] time 0.017 (0.017) data 0.000 (0.000) loss 0.0947 lr 6.4040e-07 eta 0:01:26
[2025-11-20 11:10:11 diffposetalk_trainer.py line 101]=>INFO: iter [94950/100000] time 0.038 (0.038) data 0.000 (0.000) loss 0.0204 lr 6.2793e-07 eta 0:03:13
[2025-11-20 11:10:12 diffposetalk_trainer.py line 101]=>INFO: iter [95000/100000] time 0.020 (0.020) data 0.000 (0.000) loss 0.0302 lr 6.1558e-07 eta 0:01:39
[2025-11-20 11:10:14 diffposetalk_trainer.py line 101]=>INFO: iter [95050/100000] time 0.018 (0.018) data 0.000 (0.000) loss 0.0228 lr 6.0336e-07 eta 0:01:29
[2025-11-20 11:10:16 diffposetalk_trainer.py line 101]=>INFO: iter [95100/100000] time 0.027 (0.027) data 0.000 (0.000) loss 0.0317 lr 5.9125e-07 eta 0:02:13
[2025-11-20 11:10:17 diffposetalk_trainer.py line 101]=>INFO: iter [95150/100000] time 0.023 (0.023) data 0.000 (0.000) loss 0.0192 lr 5.7927e-07 eta 0:01:49
[2025-11-20 11:10:19 diffposetalk_trainer.py line 101]=>INFO: iter [95200/100000] time 0.032 (0.032) data 0.000 (0.000) loss 0.0283 lr 5.6741e-07 eta 0:02:35
[2025-11-20 11:10:21 diffposetalk_trainer.py line 101]=>INFO: iter [95250/100000] time 0.024 (0.024) data 0.000 (0.000) loss 0.0378 lr 5.5568e-07 eta 0:01:54
[2025-11-20 11:10:23 diffposetalk_trainer.py line 101]=>INFO: iter [95300/100000] time 0.028 (0.028) data 0.000 (0.000) loss 0.0207 lr 5.4406e-07 eta 0:02:13
[2025-11-20 11:10:25 diffposetalk_trainer.py line 101]=>INFO: iter [95350/100000] time 0.018 (0.018) data 0.000 (0.000) loss 0.0178 lr 5.3257e-07 eta 0:01:21
[2025-11-20 11:10:27 diffposetalk_trainer.py line 101]=>INFO: iter [95400/100000] time 0.026 (0.026) data 0.000 (0.000) loss 0.0185 lr 5.2119e-07 eta 0:01:58
[2025-11-20 11:10:28 diffposetalk_trainer.py line 101]=>INFO: iter [95450/100000] time 0.020 (0.020) data 0.000 (0.000) loss 0.0182 lr 5.0994e-07 eta 0:01:30
[2025-11-20 11:10:30 diffposetalk_trainer.py line 101]=>INFO: iter [95500/100000] time 0.022 (0.022) data 0.000 (0.000) loss 0.0214 lr 4.9882e-07 eta 0:01:37
[2025-11-20 11:10:32 diffposetalk_trainer.py line 101]=>INFO: iter [95550/100000] time 0.020 (0.020) data 0.000 (0.000) loss 0.0295 lr 4.8781e-07 eta 0:01:29
[2025-11-20 11:10:34 diffposetalk_trainer.py line 101]=>INFO: iter [95600/100000] time 0.027 (0.027) data 0.000 (0.000) loss 0.0197 lr 4.7693e-07 eta 0:01:56
[2025-11-20 11:10:35 diffposetalk_trainer.py line 101]=>INFO: iter [95650/100000] time 0.038 (0.038) data 0.001 (0.001) loss 0.0957 lr 4.6617e-07 eta 0:02:44
[2025-11-20 11:10:37 diffposetalk_trainer.py line 101]=>INFO: iter [95700/100000] time 0.016 (0.016) data 0.000 (0.000) loss 0.0452 lr 4.5553e-07 eta 0:01:10
[2025-11-20 11:10:38 diffposetalk_trainer.py line 101]=>INFO: iter [95750/100000] time 0.018 (0.018) data 0.000 (0.000) loss 0.0346 lr 4.4501e-07 eta 0:01:17
[2025-11-20 11:10:39 diffposetalk_trainer.py line 101]=>INFO: iter [95800/100000] time 0.015 (0.015) data 0.000 (0.000) loss 0.0371 lr 4.3462e-07 eta 0:01:02
[2025-11-20 11:10:41 diffposetalk_trainer.py line 101]=>INFO: iter [95850/100000] time 0.017 (0.017) data 0.000 (0.000) loss 0.0407 lr 4.2435e-07 eta 0:01:10
[2025-11-20 11:10:42 diffposetalk_trainer.py line 101]=>INFO: iter [95900/100000] time 0.021 (0.021) data 0.000 (0.000) loss 0.0056 lr 4.1420e-07 eta 0:01:26
[2025-11-20 11:10:44 diffposetalk_trainer.py line 101]=>INFO: iter [95950/100000] time 0.052 (0.052) data 0.000 (0.000) loss 0.0182 lr 4.0417e-07 eta 0:03:32
[2025-11-20 11:10:46 diffposetalk_trainer.py line 101]=>INFO: iter [96000/100000] time 0.020 (0.020) data 0.000 (0.000) loss 0.0924 lr 3.9426e-07 eta 0:01:21
[2025-11-20 11:10:46 diffposetalk_trainer.py line 144]=>INFO: Evaluate on the *val* set
[2025-11-20 11:10:51 diffposetalk_trainer.py line 157]=>INFO: iter: 50 loss_val: 0.5459426307678222 
[2025-11-20 11:10:56 diffposetalk_trainer.py line 157]=>INFO: iter: 100 loss_val: 0.5455923178791999 
[2025-11-20 11:11:01 diffposetalk_trainer.py line 157]=>INFO: iter: 150 loss_val: 0.5432721755901972 
[2025-11-20 11:11:06 diffposetalk_trainer.py line 157]=>INFO: iter: 200 loss_val: 0.5433855517208577 
[2025-11-20 11:11:12 diffposetalk_trainer.py line 157]=>INFO: iter: 250 loss_val: 0.5431153203248977 
[2025-11-20 11:11:17 diffposetalk_trainer.py line 157]=>INFO: iter: 300 loss_val: 0.540418091416359 
[2025-11-20 11:11:21 diffposetalk_trainer.py line 157]=>INFO: iter: 350 loss_val: 0.5399496751172203 
[2025-11-20 11:11:26 diffposetalk_trainer.py line 157]=>INFO: iter: 400 loss_val: 0.5394057846814394 
[2025-11-20 11:11:26 base_trainer.py line 675]=>INFO: Checkpoint saved to output/HDTF_TFHP/StyleEncoderTrainer/Train/model/model.pth.tar-iter-96000
[2025-11-20 11:11:28 diffposetalk_trainer.py line 101]=>INFO: iter [96050/100000] time 0.018 (0.018) data 0.000 (0.000) loss 0.0202 lr 3.8448e-07 eta 0:01:09
[2025-11-20 11:11:30 diffposetalk_trainer.py line 101]=>INFO: iter [96100/100000] time 0.034 (0.034) data 0.000 (0.000) loss 0.0229 lr 3.7482e-07 eta 0:02:13
[2025-11-20 11:11:31 diffposetalk_trainer.py line 101]=>INFO: iter [96150/100000] time 0.017 (0.017) data 0.000 (0.000) loss 0.0327 lr 3.6528e-07 eta 0:01:07
[2025-11-20 11:11:33 diffposetalk_trainer.py line 101]=>INFO: iter [96200/100000] time 0.021 (0.021) data 0.000 (0.000) loss 0.0181 lr 3.5587e-07 eta 0:01:18
[2025-11-20 11:11:35 diffposetalk_trainer.py line 101]=>INFO: iter [96250/100000] time 0.026 (0.026) data 0.000 (0.000) loss 0.0230 lr 3.4658e-07 eta 0:01:36
[2025-11-20 11:11:37 diffposetalk_trainer.py line 101]=>INFO: iter [96300/100000] time 0.030 (0.030) data 0.000 (0.000) loss 0.0282 lr 3.3741e-07 eta 0:01:49
[2025-11-20 11:11:38 diffposetalk_trainer.py line 101]=>INFO: iter [96350/100000] time 0.026 (0.026) data 0.000 (0.000) loss 0.0434 lr 3.2836e-07 eta 0:01:34
[2025-11-20 11:11:40 diffposetalk_trainer.py line 101]=>INFO: iter [96400/100000] time 0.025 (0.025) data 0.000 (0.000) loss 0.0205 lr 3.1943e-07 eta 0:01:28
[2025-11-20 11:11:41 diffposetalk_trainer.py line 101]=>INFO: iter [96450/100000] time 0.015 (0.015) data 0.000 (0.000) loss 0.0642 lr 3.1063e-07 eta 0:00:52
[2025-11-20 11:11:43 diffposetalk_trainer.py line 101]=>INFO: iter [96500/100000] time 0.022 (0.022) data 0.000 (0.000) loss 0.0226 lr 3.0195e-07 eta 0:01:16
[2025-11-20 11:11:44 diffposetalk_trainer.py line 101]=>INFO: iter [96550/100000] time 0.046 (0.046) data 0.000 (0.000) loss 0.0256 lr 2.9340e-07 eta 0:02:39
[2025-11-20 11:11:45 diffposetalk_trainer.py line 101]=>INFO: iter [96600/100000] time 0.020 (0.020) data 0.000 (0.000) loss 0.0108 lr 2.8496e-07 eta 0:01:09
[2025-11-20 11:11:47 diffposetalk_trainer.py line 101]=>INFO: iter [96650/100000] time 0.018 (0.018) data 0.000 (0.000) loss 0.0285 lr 2.7665e-07 eta 0:00:59
[2025-11-20 11:11:49 diffposetalk_trainer.py line 101]=>INFO: iter [96700/100000] time 0.031 (0.031) data 0.000 (0.000) loss 0.0247 lr 2.6846e-07 eta 0:01:42
[2025-11-20 11:11:51 diffposetalk_trainer.py line 101]=>INFO: iter [96750/100000] time 0.019 (0.019) data 0.000 (0.000) loss 0.0492 lr 2.6039e-07 eta 0:01:02
[2025-11-20 11:11:52 diffposetalk_trainer.py line 101]=>INFO: iter [96800/100000] time 0.021 (0.021) data 0.000 (0.000) loss 0.0380 lr 2.5245e-07 eta 0:01:08
[2025-11-20 11:11:54 diffposetalk_trainer.py line 101]=>INFO: iter [96850/100000] time 0.017 (0.017) data 0.000 (0.000) loss 0.0389 lr 2.4463e-07 eta 0:00:54
[2025-11-20 11:11:55 diffposetalk_trainer.py line 101]=>INFO: iter [96900/100000] time 0.021 (0.021) data 0.000 (0.000) loss 0.0993 lr 2.3693e-07 eta 0:01:06
[2025-11-20 11:11:57 diffposetalk_trainer.py line 101]=>INFO: iter [96950/100000] time 0.031 (0.031) data 0.000 (0.000) loss 0.0839 lr 2.2935e-07 eta 0:01:34
[2025-11-20 11:11:59 diffposetalk_trainer.py line 101]=>INFO: iter [97000/100000] time 0.029 (0.029) data 0.000 (0.000) loss 0.0194 lr 2.2190e-07 eta 0:01:25
[2025-11-20 11:12:01 diffposetalk_trainer.py line 101]=>INFO: iter [97050/100000] time 0.036 (0.036) data 0.000 (0.000) loss 0.0436 lr 2.1457e-07 eta 0:01:46
[2025-11-20 11:12:02 diffposetalk_trainer.py line 101]=>INFO: iter [97100/100000] time 0.018 (0.018) data 0.000 (0.000) loss 0.0200 lr 2.0736e-07 eta 0:00:50
[2025-11-20 11:12:03 diffposetalk_trainer.py line 101]=>INFO: iter [97150/100000] time 0.018 (0.018) data 0.000 (0.000) loss 0.0822 lr 2.0028e-07 eta 0:00:50
[2025-11-20 11:12:05 diffposetalk_trainer.py line 101]=>INFO: iter [97200/100000] time 0.027 (0.027) data 0.000 (0.000) loss 0.0776 lr 1.9332e-07 eta 0:01:14
[2025-11-20 11:12:07 diffposetalk_trainer.py line 101]=>INFO: iter [97250/100000] time 0.026 (0.026) data 0.000 (0.000) loss 0.0354 lr 1.8648e-07 eta 0:01:11
[2025-11-20 11:12:08 diffposetalk_trainer.py line 101]=>INFO: iter [97300/100000] time 0.021 (0.021) data 0.000 (0.000) loss 0.0077 lr 1.7977e-07 eta 0:00:57
[2025-11-20 11:12:10 diffposetalk_trainer.py line 101]=>INFO: iter [97350/100000] time 0.016 (0.016) data 0.000 (0.000) loss 0.0448 lr 1.7317e-07 eta 0:00:43
[2025-11-20 11:12:11 diffposetalk_trainer.py line 101]=>INFO: iter [97400/100000] time 0.015 (0.015) data 0.000 (0.000) loss 0.0189 lr 1.6670e-07 eta 0:00:39
[2025-11-20 11:12:13 diffposetalk_trainer.py line 101]=>INFO: iter [97450/100000] time 0.015 (0.015) data 0.000 (0.000) loss 0.0243 lr 1.6036e-07 eta 0:00:38
[2025-11-20 11:12:14 diffposetalk_trainer.py line 101]=>INFO: iter [97500/100000] time 0.020 (0.020) data 0.000 (0.000) loss 0.0387 lr 1.5413e-07 eta 0:00:49
[2025-11-20 11:12:15 diffposetalk_trainer.py line 101]=>INFO: iter [97550/100000] time 0.019 (0.019) data 0.000 (0.000) loss 0.0410 lr 1.4803e-07 eta 0:00:46
[2025-11-20 11:12:17 diffposetalk_trainer.py line 101]=>INFO: iter [97600/100000] time 0.025 (0.025) data 0.000 (0.000) loss 0.0254 lr 1.4205e-07 eta 0:01:00
[2025-11-20 11:12:19 diffposetalk_trainer.py line 101]=>INFO: iter [97650/100000] time 0.037 (0.037) data 0.000 (0.000) loss 0.0226 lr 1.3620e-07 eta 0:01:25
[2025-11-20 11:12:21 diffposetalk_trainer.py line 101]=>INFO: iter [97700/100000] time 0.033 (0.033) data 0.000 (0.000) loss 0.0232 lr 1.3047e-07 eta 0:01:15
[2025-11-20 11:12:23 diffposetalk_trainer.py line 101]=>INFO: iter [97750/100000] time 0.029 (0.029) data 0.000 (0.000) loss 0.0152 lr 1.2486e-07 eta 0:01:05
[2025-11-20 11:12:25 diffposetalk_trainer.py line 101]=>INFO: iter [97800/100000] time 0.023 (0.023) data 0.000 (0.000) loss 0.0280 lr 1.1937e-07 eta 0:00:50
[2025-11-20 11:12:27 diffposetalk_trainer.py line 101]=>INFO: iter [97850/100000] time 0.020 (0.020) data 0.000 (0.000) loss 0.0220 lr 1.1401e-07 eta 0:00:42
[2025-11-20 11:12:28 diffposetalk_trainer.py line 101]=>INFO: iter [97900/100000] time 0.018 (0.018) data 0.000 (0.000) loss 0.0193 lr 1.0877e-07 eta 0:00:37
[2025-11-20 11:12:30 diffposetalk_trainer.py line 101]=>INFO: iter [97950/100000] time 0.040 (0.040) data 0.000 (0.000) loss 0.0453 lr 1.0366e-07 eta 0:01:21
[2025-11-20 11:12:32 diffposetalk_trainer.py line 101]=>INFO: iter [98000/100000] time 0.022 (0.022) data 0.000 (0.000) loss 0.0067 lr 9.8664e-08 eta 0:00:43
[2025-11-20 11:12:32 diffposetalk_trainer.py line 144]=>INFO: Evaluate on the *val* set
[2025-11-20 11:12:37 diffposetalk_trainer.py line 157]=>INFO: iter: 50 loss_val: 0.543313894867897 
[2025-11-20 11:12:43 diffposetalk_trainer.py line 157]=>INFO: iter: 100 loss_val: 0.5424444350600243 
[2025-11-20 11:12:48 diffposetalk_trainer.py line 157]=>INFO: iter: 150 loss_val: 0.540311505595843 
[2025-11-20 11:12:54 diffposetalk_trainer.py line 157]=>INFO: iter: 200 loss_val: 0.5407121960818767 
[2025-11-20 11:12:59 diffposetalk_trainer.py line 157]=>INFO: iter: 250 loss_val: 0.540449306845665 
[2025-11-20 11:13:05 diffposetalk_trainer.py line 157]=>INFO: iter: 300 loss_val: 0.5394927799701691 
[2025-11-20 11:13:09 diffposetalk_trainer.py line 157]=>INFO: iter: 350 loss_val: 0.5402815392187663 
[2025-11-20 11:13:15 diffposetalk_trainer.py line 157]=>INFO: iter: 400 loss_val: 0.540481029227376 
[2025-11-20 11:13:15 base_trainer.py line 675]=>INFO: Checkpoint saved to output/HDTF_TFHP/StyleEncoderTrainer/Train/model/model.pth.tar-iter-98000
[2025-11-20 11:13:17 diffposetalk_trainer.py line 101]=>INFO: iter [98050/100000] time 0.017 (0.017) data 0.000 (0.000) loss 0.0255 lr 9.3794e-08 eta 0:00:33
[2025-11-20 11:13:18 diffposetalk_trainer.py line 101]=>INFO: iter [98100/100000] time 0.018 (0.018) data 0.000 (0.000) loss 0.0410 lr 8.9047e-08 eta 0:00:33
[2025-11-20 11:13:20 diffposetalk_trainer.py line 101]=>INFO: iter [98150/100000] time 0.039 (0.039) data 0.000 (0.000) loss 0.0179 lr 8.4423e-08 eta 0:01:11
[2025-11-20 11:13:22 diffposetalk_trainer.py line 101]=>INFO: iter [98200/100000] time 0.025 (0.025) data 0.000 (0.000) loss 0.1047 lr 7.9922e-08 eta 0:00:44
[2025-11-20 11:13:24 diffposetalk_trainer.py line 101]=>INFO: iter [98250/100000] time 0.023 (0.023) data 0.000 (0.000) loss 0.0227 lr 7.5545e-08 eta 0:00:40
[2025-11-20 11:13:26 diffposetalk_trainer.py line 101]=>INFO: iter [98300/100000] time 0.029 (0.029) data 0.000 (0.000) loss 0.0232 lr 7.1291e-08 eta 0:00:48
[2025-11-20 11:13:28 diffposetalk_trainer.py line 101]=>INFO: iter [98350/100000] time 0.024 (0.024) data 0.000 (0.000) loss 0.0210 lr 6.7160e-08 eta 0:00:39
[2025-11-20 11:13:29 diffposetalk_trainer.py line 101]=>INFO: iter [98400/100000] time 0.026 (0.026) data 0.000 (0.000) loss 0.0185 lr 6.3152e-08 eta 0:00:42
[2025-11-20 11:13:31 diffposetalk_trainer.py line 101]=>INFO: iter [98450/100000] time 0.026 (0.026) data 0.000 (0.000) loss 0.0169 lr 5.9268e-08 eta 0:00:41
[2025-11-20 11:13:32 diffposetalk_trainer.py line 101]=>INFO: iter [98500/100000] time 0.019 (0.019) data 0.000 (0.000) loss 0.0215 lr 5.5506e-08 eta 0:00:28
[2025-11-20 11:13:34 diffposetalk_trainer.py line 101]=>INFO: iter [98550/100000] time 0.038 (0.038) data 0.000 (0.000) loss 0.0201 lr 5.1868e-08 eta 0:00:55
[2025-11-20 11:13:36 diffposetalk_trainer.py line 101]=>INFO: iter [98600/100000] time 0.020 (0.020) data 0.000 (0.000) loss 0.0304 lr 4.8353e-08 eta 0:00:28
[2025-11-20 11:13:37 diffposetalk_trainer.py line 101]=>INFO: iter [98650/100000] time 0.020 (0.020) data 0.000 (0.000) loss 0.0261 lr 4.4962e-08 eta 0:00:26
[2025-11-20 11:13:39 diffposetalk_trainer.py line 101]=>INFO: iter [98700/100000] time 0.018 (0.018) data 0.000 (0.000) loss 0.0036 lr 4.1693e-08 eta 0:00:23
[2025-11-20 11:13:40 diffposetalk_trainer.py line 101]=>INFO: iter [98750/100000] time 0.017 (0.017) data 0.000 (0.000) loss 0.0172 lr 3.8548e-08 eta 0:00:21
[2025-11-20 11:13:42 diffposetalk_trainer.py line 101]=>INFO: iter [98800/100000] time 0.020 (0.020) data 0.000 (0.000) loss 0.1136 lr 3.5526e-08 eta 0:00:23
[2025-11-20 11:13:43 diffposetalk_trainer.py line 101]=>INFO: iter [98850/100000] time 0.021 (0.021) data 0.000 (0.000) loss 0.0229 lr 3.2628e-08 eta 0:00:23
[2025-11-20 11:13:45 diffposetalk_trainer.py line 101]=>INFO: iter [98900/100000] time 0.028 (0.028) data 0.000 (0.000) loss 0.0268 lr 2.9853e-08 eta 0:00:30
[2025-11-20 11:13:47 diffposetalk_trainer.py line 101]=>INFO: iter [98950/100000] time 0.044 (0.044) data 0.000 (0.000) loss 0.1129 lr 2.7201e-08 eta 0:00:45
[2025-11-20 11:13:49 diffposetalk_trainer.py line 101]=>INFO: iter [99000/100000] time 0.022 (0.022) data 0.000 (0.000) loss 0.0212 lr 2.4672e-08 eta 0:00:21
[2025-11-20 11:13:51 diffposetalk_trainer.py line 101]=>INFO: iter [99050/100000] time 0.027 (0.027) data 0.000 (0.000) loss 0.0221 lr 2.2267e-08 eta 0:00:25
[2025-11-20 11:13:53 diffposetalk_trainer.py line 101]=>INFO: iter [99100/100000] time 0.018 (0.018) data 0.000 (0.000) loss 0.0335 lr 1.9985e-08 eta 0:00:16
[2025-11-20 11:13:55 diffposetalk_trainer.py line 101]=>INFO: iter [99150/100000] time 0.033 (0.033) data 0.000 (0.000) loss 0.0171 lr 1.7826e-08 eta 0:00:28
[2025-11-20 11:13:57 diffposetalk_trainer.py line 101]=>INFO: iter [99200/100000] time 0.025 (0.025) data 0.000 (0.000) loss 0.0961 lr 1.5791e-08 eta 0:00:20
[2025-11-20 11:13:59 diffposetalk_trainer.py line 101]=>INFO: iter [99250/100000] time 0.018 (0.018) data 0.000 (0.000) loss 0.0323 lr 1.3878e-08 eta 0:00:13
[2025-11-20 11:14:01 diffposetalk_trainer.py line 101]=>INFO: iter [99300/100000] time 0.028 (0.028) data 0.000 (0.000) loss 0.0552 lr 1.2090e-08 eta 0:00:19
[2025-11-20 11:14:02 diffposetalk_trainer.py line 101]=>INFO: iter [99350/100000] time 0.028 (0.028) data 0.000 (0.000) loss 0.0270 lr 1.0424e-08 eta 0:00:18
[2025-11-20 11:14:04 diffposetalk_trainer.py line 101]=>INFO: iter [99400/100000] time 0.018 (0.018) data 0.000 (0.000) loss 0.0046 lr 8.8824e-09 eta 0:00:10
[2025-11-20 11:14:06 diffposetalk_trainer.py line 101]=>INFO: iter [99450/100000] time 0.032 (0.032) data 0.000 (0.000) loss 0.0461 lr 7.4637e-09 eta 0:00:17
[2025-11-20 11:14:07 diffposetalk_trainer.py line 101]=>INFO: iter [99500/100000] time 0.023 (0.023) data 0.000 (0.000) loss 0.0205 lr 6.1684e-09 eta 0:00:11
[2025-11-20 11:14:09 diffposetalk_trainer.py line 101]=>INFO: iter [99550/100000] time 0.022 (0.022) data 0.000 (0.000) loss 0.0623 lr 4.9964e-09 eta 0:00:09
[2025-11-20 11:14:10 diffposetalk_trainer.py line 101]=>INFO: iter [99600/100000] time 0.018 (0.018) data 0.000 (0.000) loss 0.0338 lr 3.9478e-09 eta 0:00:07
[2025-11-20 11:14:12 diffposetalk_trainer.py line 101]=>INFO: iter [99650/100000] time 0.023 (0.023) data 0.000 (0.000) loss 0.0233 lr 3.0225e-09 eta 0:00:08
[2025-11-20 11:14:13 diffposetalk_trainer.py line 101]=>INFO: iter [99700/100000] time 0.019 (0.019) data 0.000 (0.000) loss 0.0634 lr 2.2206e-09 eta 0:00:05
[2025-11-20 11:14:14 diffposetalk_trainer.py line 101]=>INFO: iter [99750/100000] time 0.018 (0.018) data 0.000 (0.000) loss 0.0224 lr 1.5421e-09 eta 0:00:04
[2025-11-20 11:14:16 diffposetalk_trainer.py line 101]=>INFO: iter [99800/100000] time 0.024 (0.024) data 0.000 (0.000) loss 0.0538 lr 9.8696e-10 eta 0:00:04
[2025-11-20 11:14:17 diffposetalk_trainer.py line 101]=>INFO: iter [99850/100000] time 0.020 (0.020) data 0.000 (0.000) loss 0.0863 lr 5.5516e-10 eta 0:00:03
[2025-11-20 11:14:18 diffposetalk_trainer.py line 101]=>INFO: iter [99900/100000] time 0.017 (0.017) data 0.000 (0.000) loss 0.0183 lr 2.4674e-10 eta 0:00:01
[2025-11-20 11:14:20 diffposetalk_trainer.py line 101]=>INFO: iter [99950/100000] time 0.024 (0.024) data 0.000 (0.000) loss 0.0191 lr 6.1685e-11 eta 0:00:01
[2025-11-20 11:14:22 diffposetalk_trainer.py line 101]=>INFO: iter [100000/100000] time 0.018 (0.018) data 0.000 (0.000) loss 0.0239 lr 0.0000e+00 eta 0:00:00
[2025-11-20 11:14:22 diffposetalk_trainer.py line 144]=>INFO: Evaluate on the *val* set
[2025-11-20 11:14:27 diffposetalk_trainer.py line 157]=>INFO: iter: 50 loss_val: 0.5364402854442596 
[2025-11-20 11:14:31 diffposetalk_trainer.py line 157]=>INFO: iter: 100 loss_val: 0.539799401462078 
[2025-11-20 11:14:36 diffposetalk_trainer.py line 157]=>INFO: iter: 150 loss_val: 0.5369741916656494 
[2025-11-20 11:14:41 diffposetalk_trainer.py line 157]=>INFO: iter: 200 loss_val: 0.5363378427922726 
[2025-11-20 11:14:46 diffposetalk_trainer.py line 157]=>INFO: iter: 250 loss_val: 0.5352504042387008 
[2025-11-20 11:14:52 diffposetalk_trainer.py line 157]=>INFO: iter: 300 loss_val: 0.5353516768415769 
[2025-11-20 11:14:57 diffposetalk_trainer.py line 157]=>INFO: iter: 350 loss_val: 0.5350496798753739 
